user_id,unique_ips_count,mean_ip_banned_users_ratio,max_ip_banned_users_ratio,foreign_ips_count,total_ip_banned_users_ratio,mean_ip_users_count
2423,429,0.010784338433646,0.5,0,0.0183361718852351,889.627039627039
425,244,0.0130514645770967,0.454545454545454,1,0.0109620125672554,19784.0450819672
1159,1026,0.0944409287147396,0.5,11,0.104978269458711,542.70955165692
3560,563,0.0280674345280211,0.529411764705882,4,0.0259496057276267,18527.5079928952
768,42,0.041741023958487,0.333333333333333,2,0.0654446707399864,175.357142857142
198,42,0.041741023958487,0.333333333333333,2,0.0654446707399864,175.357142857142
2485,79,0.015817309389165,0.25,1,0.0181933102056354,1762.36708860759
1402,125,0.0252468025181023,0.0685001273236567,2,0.025987654891522,20773.248
2621,245,0.0152258369516404,0.059137869611685,0,0.0129804705802225,10427.5959183673
3617,310,0.0116254208484535,0.0769230769230769,28,0.0121751799576656,18545.1322580645
426,30,0.00755280598388221,0.0238755327512723,0,0.0112446292040756,14810.0333333333
2195,92,0.0115326135656695,0.385245901639344,1,0.00791220534741774,5289.02173913043
2295,98,0.0108445815927683,0.0348185305399822,0,0.0116030435038064,19451.2653061224
2609,623,0.0986307241810589,0.294422827496757,3,0.107627294508272,595.584269662921
3669,365,0.0250887309905205,0.5,1,0.0552726082447425,4921.55890410958
648,281,0.00900723244170705,0.25,1,0.0191370895745978,2339.92526690391
2246,6,0.00519277672908993,0.0121361480517065,1,0.0102751371250314,11273.1666666666
1538,48,0.0223718032346436,0.0492902208201892,1,0.0248923453187521,17905.4375
537,473,0.0182331798646706,0.111111111111111,23,0.0163545157938705,15877.5835095137
3611,146,0.321641074687873,1,49,0.0277445819423533,13543.308219178
2693,129,0.0080264673368465,0.125,2,0.00753117103484164,4856.30232558139
1085,463,0.0283290224053616,0.891836734693877,47,0.0355804783783602,967.902807775377
3146,72,0.10010562965844,0.666666666666666,27,0.0647727272727272,73.3333333333333
2355,132,0.0340015505621994,0.833333333333333,0,0.0253478146738417,19855.5757575757
1826,195,0.0472059951875662,0.287330316742081,36,0.0257193805918621,16904.1435897435
1348,310,0.0110864987415016,0.5,3,0.0142186706763653,832.390322580645
2974,62,0.0173211560660866,0.0323430257058575,0,0.019115481851042,8402.24193548387
2127,154,0.0105004122861265,0.444444444444444,0,0.0138888888888888,5.14285714285714
1473,236,0.0295321396514998,0.533333333333333,3,0.0262801209971629,20436.1144067796
446,139,0.0175223249381743,0.158314350797266,0,0.0170547658516859,3042.25179856115
991,50,0.0109521216468707,0.0410285345800419,3,0.0123174319606486,16389.78
3380,97,0.0296281459261185,0.916666666666666,7,0.0124617717324922,17623.3814432989
577,55,0.0139439856890172,0.32378223495702,1,0.0134841674662895,720.036363636363
1105,139,0.0101228649230041,0.200400801603206,2,0.0128782711540626,11697.2446043165
2322,697,0.0167015794416992,0.476190476190476,65,0.0327869311068806,2051.4175035868
2026,391,0.0976258075476696,0.544753086419753,0,0.175910850126785,191.636828644501
1134,38,0.0437048972925638,0.124137931034482,0,0.035779587634726,16666.3684210526
3029,891,0.00785129418567197,0.5,41,0.0182396173421426,1176.01459034792
2739,891,0.00785129418567197,0.5,41,0.0182396173421426,1176.01459034792
2027,891,0.00785129418567197,0.5,41,0.0182396173421426,1176.01459034792
1999,891,0.00785129418567197,0.5,41,0.0182396173421426,1176.01459034792
1783,891,0.00785129418567197,0.5,41,0.0182396173421426,1176.01459034792
1565,891,0.00785129418567197,0.5,41,0.0182396173421426,1176.01459034792
1423,891,0.00785129418567197,0.5,41,0.0182396173421426,1176.01459034792
955,90,0.0637872136561132,0.245238095238095,1,0.0126411876652853,6743.38888888888
2404,275,0.0146281638920659,0.111111111111111,4,0.0142350717385318,15690.3127272727
3632,301,0.026965542462409,0.125,0,0.0269760060174171,21289.2524916943
1566,1170,0.0116071947053046,0.76595744680851,1,0.0174385658809996,553.542735042735
1830,298,0.00167584227078409,0.4,7,0.00465697900047432,155.644295302013
399,87,0.00909317327970121,0.1,0,0.00986238811608508,15091.5862068965
2475,80,0.0354818560286455,0.833333333333333,2,0.0272799111528768,17558.25
921,86,0.0144547384276189,0.166666666666666,4,0.0180585471712263,12248.9186046511
592,413,0.0315810119687003,0.666666666666666,1,0.0289032132282159,397.418886198547
1940,41,0.0190114522556186,0.0512380074573714,2,0.0266992604991509,15095.8780487804
3583,124,0.0211044804459158,0.6,3,0.0120310327193281,14602.693548387
552,8,0.080089070153612,0.352941176470588,0,0.0406672374349113,17812.25
1031,236,0.0110799703888815,0.0442885901681927,5,0.0115152393554778,20260.1822033898
3074,195,0.0285303481160916,0.620689655172413,5,0.0242527941827731,16559.1282051282
2426,178,0.0405083446056625,0.523809523809523,8,0.0356635030452102,17198.6797752809
1378,165,0.011305356236863,0.333333333333333,0,0.0115501519756838,9.96969696969696
2307,189,0.00397706060566855,0.285714285714285,9,0.00911456233830007,3609.55026455026
1603,434,0.0408917150480645,0.821782178217821,2,0.0299671170582692,828.942396313364
2701,63,0.0401519951716861,0.636363636363636,0,0.0309848412622747,499.47619047619
2519,10,0.0732478213528548,0.285714285714285,0,0.0210770537873341,3060.2
664,444,0.0188604258140905,0.650918635170603,1,0.0165825832640622,13517.5202702702
1705,9,0.0475966098034411,0.2,1,0.0516339869281045,170
1772,226,0.0123831196297718,0.571428571428571,2,0.0104097033005031,16289.6858407079
1386,287,0.0825546801694063,0.293388429752066,34,0.0216112603883793,3655.50174216027
633,165,0.0147729020243925,0.753846153846153,0,0.0337509322594313,5306.4303030303
2002,318,0.0105676005170671,0.5,315,0.0160822283159911,2009.13207547169
2937,287,0.0211299151765394,0.98170731707317,0,0.0168931876193037,17388.2020905923
27,287,0.0211299151765394,0.98170731707317,0,0.0168931876193037,17388.2020905923
1342,46,0.0213646041777441,0.0634146341463414,9,0.027688471370544,13861.5217391304
3468,1120,0.0937474860921595,0.384201077199281,2,0.104556566344728,579.266071428571
1985,259,0.037527590584459,0.233796296296296,0,0.0418817394711658,512.382239382239
2403,372,0.0235745786224979,0.0716505037190471,0,0.0199677517698568,15686.4489247311
325,200,0.01463367550324,0.0462246596807364,1,0.0154147779506426,16811.465
1287,1186,0.0242581878598171,0.533333333333333,0,0.0353216153200519,12231.7841483979
793,544,0.0234349330168034,0.0828062104657849,46,0.0257064361124768,19894.09375
239,236,0.0270685516778362,0.517241379310344,1,0.0275054110749161,16133.3432203389
2117,320,0.0109066080255953,0.086865515436944,0,0.0109324331878588,19956.959375
300,140,0.104491243796142,0.728904847396768,0,0.128758100499309,134.471428571428
3638,110,0.0128770673420135,0.2,1,0.0101523285719834,20829.9727272727
1825,140,0.0372928877821752,0.545454545454545,3,0.0370870384765185,8692.87142857142
1184,211,0.014922169562463,0.171806167400881,0,0.0115079209298839,19919.9289099526
1491,300,0.0517385423770891,0.767690253671562,1,0.0548405797101449,230
1684,781,0.0179734273466587,0.341511285574092,164,0.0196972419211081,3634.53265044814
3696,255,0.0183159534326556,0.736842105263157,5,0.00702702621592462,2613.43921568627
834,159,0.0945004213893299,0.453488372093023,1,0.0573232237755136,1114.83018867924
2803,278,0.0492456017803112,0.717391304347826,0,0.0510178284304306,355.708633093525
1106,454,0.0334323305537538,0.418612408272181,2,0.0348173611007666,2513.74669603524
2021,165,0.020147663678385,0.0575027382256297,0,0.0203509812819713,17855.7393939393
1103,435,0.0277515845542711,0.796116504854368,0,0.0267482443373698,162.691954022988
2013,52,0.0165112474393919,0.25,0,0.0116323517866175,14941.75
2129,584,0.00896290961353075,0.0670995670995671,0,0.00968541416888857,765.520547945205
1814,584,0.00896290961353075,0.0670995670995671,0,0.00968541416888857,765.520547945205
3682,184,0.0170770082142325,0.307692307692307,0,0.0160776092488624,22061.4673913043
662,969,0.00624522887136082,0.4,18,0.00766309478562583,3366.89370485036
400,969,0.00624522887136082,0.4,18,0.00766309478562583,3366.89370485036
102,321,0.0865304796038109,0.3,12,0.0760616696523381,768.641744548286
3537,539,0.0617812204509397,0.589005235602094,445,0.0130398083898287,6279.75695732838
3198,252,0.0202313444436539,0.65625,0,0.0130098776317514,16652.1825396825
1316,64,0.108662140565147,0.728904847396768,0,0.108881124563256,192.296875
2864,70,0.0087544937090501,0.0279947916666666,0,0.0104376016473832,18481.2571428571
2551,70,0.0087544937090501,0.0279947916666666,0,0.0104376016473832,18481.2571428571
408,1325,0.0490281301186707,0.571428571428571,36,0.0486385587495202,15073.8701886792
3032,214,0.00825645279065868,0.0629921259842519,0,0.00841701763417917,753.369158878504
2044,5,0.0301610278702242,0.0588235294117647,1,0.0346534653465346,242.4
3578,156,0.0240840527877871,0.0740680183126226,0,0.0257202515636963,20553.4935897435
2212,639,0.034601663500038,0.808681672025723,69,0.0231225577484295,1012.43192488262
607,83,0.0302536516323005,0.25,0,0.0969080354414909,1971.68674698795
1389,384,0.00735352333197789,0.0546802594995366,10,0.00760714390946071,4507.48177083333
1810,169,0.00955436790652728,0.08,17,0.00989519531781679,3043.13609467455
1622,66,0.0281388196649607,0.5,3,0.0314176444452261,19812.7424242424
184,166,0.0268731583415456,0.333333333333333,3,0.0252744476637321,17288.2831325301
3299,111,0.0147493427534371,0.275,0,0.0145106514356282,466.882882882882
1644,111,0.0147493427534371,0.275,0,0.0145106514356282,466.882882882882
2470,767,0.0277941726755386,0.909090909090909,10,0.0111477646061932,10647.4185136897
639,564,0.243154247893776,1,0,0.0198675757902459,1348.55673758865
1724,326,0.0164726919043206,0.0566957414058491,1,0.0149726081763037,18921.0552147239
746,326,0.0164726919043206,0.0566957414058491,1,0.0149726081763037,18921.0552147239
2054,197,0.0133790363890316,0.4,0,0.0155569426395298,1488.22842639593
548,191,0.0619922328812604,0.721962616822429,0,0.0623154930273348,25432.1465968586
2324,234,0.0344400025748657,0.111001454394348,20,0.0384891562673666,14795.2649572649
2440,635,0.00512997185524818,0.333333333333333,1,0.00670029242635369,401.204724409448
720,186,0.0542951938866037,0.48,17,0.0545651302193113,10457.9569892473
3321,318,0.0801188112342011,0.7,32,0.0933379944067119,440.779874213836
658,434,0.0457660316922437,0.521739130434782,0,0.0368164201613355,14088.3341013824
1488,261,0.0118196234517884,0.333333333333333,51,0.007572354553067,3829.72030651341
3665,211,0.0277088027650058,0.636363636363636,3,0.0305672285033613,13583.298578199
1111,489,0.00899572389966107,0.5,8,0.0107906878049313,1310.68098159509
2225,27,0.196470422007128,0.833333333333333,0,0.047914918644461,13728.037037037
3431,548,0.0153493000027809,0.5,2,0.011496928341569,16549.6441605839
998,481,0.0251341990438724,0.452648475120385,0,0.0225087030831889,6438.44282744282
1817,198,0.0245264223747051,0.65,0,0.0181538757083853,578.388888888888
1343,198,0.0245264223747051,0.65,0,0.0181538757083853,578.388888888888
130,227,0.0287856735697378,0.636363636363636,10,0.0270733942085037,18875.9207048458
1151,461,0.0101338324228551,0.571428571428571,1,0.00862715215929784,34269.0433839479
858,229,0.0723595417610817,0.371428571428571,5,0.0464253688758457,964.218340611353
330,229,0.0723595417610817,0.371428571428571,5,0.0464253688758457,964.218340611353
3302,6,0.0125715613721426,0.0230972007196953,0,0.0180538594216218,13238.1666666666
2784,6,0.0125715613721426,0.0230972007196953,0,0.0180538594216218,13238.1666666666
2264,379,0.0170314339847023,0.38095238095238,33,0.015656476805475,6119.17678100263
3107,244,0.115423945696251,0.345454545454545,0,0.119992647431671,646.590163934426
3223,106,0.045920877487891,0.384615384615384,1,0.037092410650719,265.018867924528
2492,681,0.0257178972771743,0.684210526315789,0,0.0253456897328426,17064.248164464
1627,681,0.0257178972771743,0.684210526315789,0,0.0253456897328426,17064.248164464
709,399,0.0259486455995591,0.170040485829959,157,0.0273655116818057,348.205513784461
3060,396,0.0499486782605014,0.814356435643564,0,0.0434599219679737,335.267676767676
2387,334,0.0198597135031533,0.6,95,0.0196482141312999,6751.69161676646
3526,190,0.05452541521074,0.157190635451505,174,0.0556177166019253,498.610526315789
2166,307,0.00758864180094169,0.0833333333333333,21,0.00765002867012572,3027.81433224755
398,122,0.0349952312121635,0.772727272727272,0,0.0106118186168059,17815.737704918
629,356,0.0208175771042216,0.129870129870129,1,0.0194557374305577,16851.2724719101
3213,117,0.0180592103720802,0.222222222222222,17,0.0136049648171839,16321.3418803418
218,461,0.00594487723980248,0.333333333333333,4,0.0161696508092503,141.262472885032
1222,120,0.0112025662578061,0.285714285714285,6,0.00749018469000215,4419.11666666666
754,616,0.0258006644376861,0.4375,7,0.0260161682612743,20852.5422077922
2822,133,0.00770376370191788,0.0215827338129496,3,0.00816362446759742,5297.66165413533
2839,214,0.00469838332026938,0.25,8,0.0101954354411686,8321.93925233645
497,65,0.0101850562317253,0.0338161085261157,0,0.01055466984959,20081.523076923
3348,669,0.0255192744072361,0.333333333333333,7,0.0356949320628674,10647.3183856502
2962,669,0.0255192744072361,0.333333333333333,7,0.0356949320628674,10647.3183856502
2627,325,0.0206763171011952,0.234819734345351,0,0.0248488162867173,14926.8215384615
771,148,0.0114975017194842,0.2,1,0.014286667375012,13672.2635135135
3015,423,0.106161484752512,0.316853932584269,0,0.0736971200946634,986.947990543735
1641,490,0.0143374863064526,0.604166666666666,3,0.0114925318260201,20649.2571428571
3162,29,0.0334354789623162,0.333333333333333,0,0.022438351079871,5945.79310344827
2766,942,0.0154379309666981,0.5,136,0.0125709150316704,17874.4755838641
3096,154,0.0136118727416936,0.5,0,0.0139176923698456,10608.2857142857
2441,154,0.0136118727416936,0.5,0,0.0139176923698456,10608.2857142857
2237,513,0.0312422667561109,0.666666666666666,2,0.0196326951423774,15135.2729044834
2243,1125,0.0256441894140896,0.642857142857142,0,0.0232513360578434,226.204444444444
112,142,0.018956724991476,0.296296296296296,11,0.0127188997577887,16936.0915492957
2503,120,0.0218978351660443,0.142857142857142,15,0.0177697385980743,12457.5083333333
2862,239,0.025508209321217,0.571428571428571,15,0.0180700457902279,19471.1841004184
3116,41,0.011153897235248,0.0335003956739646,0,0.0121000046977982,19209.8292682926
960,35,0.0519791464410071,0.818181818181818,3,0.0105731335347605,15905.5428571428
2257,249,0.0265912102668719,0.25,97,0.0281287354930472,265.41767068273
2924,593,0.027770123958671,0.375,7,0.026143265650641,19936.713322091
3033,70,0.0170398191219177,0.2,0,0.021494485707855,126.942857142857
3459,1423,0.014406633104164,0.224711395588067,1417,0.0153666659163132,6961.66057624736
920,619,0.0209101454473456,0.611111111111111,21,0.0251879007084873,15609.7205169628
302,126,0.0203827111983598,0.812121212121212,2,0.0271677170943664,1844.80158730158
2311,1036,0.0262623703783819,0.0382889047019541,0,0.026759040687977,36114.1611969112
3138,119,0.0118793776198638,0.333333333333333,4,0.00991937804723545,20031.2436974789
1067,506,0.0197082029194103,0.4,2,0.0194809115783831,19572.0118577075
2454,286,0.0249606376354336,0.333333333333333,0,0.0328689220290744,12000.3041958041
1875,84,0.051330753394036,0.219339622641509,0,0.0232522032077728,12191.369047619
2164,49,0.011913888619939,0.0365675280351048,5,0.014029932190747,16306.2448979591
2958,334,0.0169072543269192,0.5,2,0.0138973942254301,19918.2215568862
2135,249,0.0978339932666538,0.340329835082458,0,0.109064061163092,582.024096385542
1585,145,0.0248565808800955,0.864864864864864,0,0.0137276726559601,3513.16551724137
490,145,0.0248565808800955,0.864864864864864,0,0.0137276726559601,3513.16551724137
1244,232,0.0172999283912636,0.555555555555555,0,0.0111780132291186,19802.1896551724
456,246,0.0327490218510997,0.722222222222222,0,0.0271231046323986,20608.3861788617
3018,151,0.0472929995936507,0.545454545454545,84,0.0103896312175407,2477.6357615894
3648,8,0.0025830399510179,0.0206643196081432,0,0.0205729960377933,820.25
120,165,0.00655718144636415,0.0241112828438949,16,0.007387212136828,4492.61212121212
3210,377,0.0140790745223148,0.582926829268292,313,0.0136532246843833,5052.00265251989
3034,68,0.0135133390133547,0.0749354005167958,1,0.0144611339542949,525.75
328,68,0.0135133390133547,0.0749354005167958,1,0.0144611339542949,525.75
432,150,0.0175370163011254,0.333333333333333,9,0.0128134034824381,17552.4533333333
823,229,0.0239339548744339,0.1,0,0.0265707162575557,32325.0436681222
1260,77,0.0229933585862546,0.183168316831683,0,0.0260336396064181,5064.37662337662
1715,227,0.0173499778732716,0.0550916830386378,0,0.0173102564793453,16839.8546255506
2963,242,0.0161593603606252,0.111111111111111,25,0.0191688725712337,12811.5330578512
828,380,0.00738003761210745,0.0252378876093257,0,0.00769872124964916,33181.8605263157
124,2,0.459392864182929,0.602996254681648,0,0.583916083916084,143
192,344,0.0157882353317147,0.333333333333333,7,0.0116478721050657,7253.0465116279
1231,447,0.0280756488712485,0.8,12,0.0263105200355438,11205.8680089485
2494,144,0.0248406334240885,0.767857142857142,2,0.0172610813736693,115.465277777777
2769,451,0.0172343915132251,0.214285714285714,10,0.0171708742697348,21886.6984478935
2484,457,0.0235618650730505,0.464052287581699,41,0.0146449020463707,681.78555798687
2577,20,0.00607755432032153,0.0403632694248234,0,0.0111765207746779,586.05
1127,825,0.0120639651865303,0.153846153846153,91,0.0109511808702045,17710.6678787878
2907,164,0.0155360692891568,0.161114145275805,0,0.0131081303295825,2595.67073170731
2139,149,0.029716016624574,0.154150197628458,81,0.0301012678414799,336.671140939597
1871,592,0.0200275900029527,0.22,12,0.0241929423345878,14070.8614864864
288,592,0.0200275900029527,0.22,12,0.0241929423345878,14070.8614864864
489,96,0.0150019897263499,0.6,14,0.0112473643736914,15428.6145833333
2667,49,0.0389671542590548,0.214285714285714,0,0.0281752634498058,183.979591836734
2350,120,0.0107227025304454,0.0447409733124018,0,0.0115867844372767,20467.2833333333
3599,202,0.031688174373552,0.0805369127516778,0,0.036964231431756,244.282178217821
2885,337,0.0747126742157606,0.272727272727272,4,0.104417199507244,455.261127596439
679,566,0.264948923887782,1,430,0.0249380804371765,4700.90106007067
1546,26,0.0060761647098257,0.0266245111906148,0,0.0122275698137492,11116.1153846153
788,328,0.00785657697975547,0.256637168141592,0,0.0108958645817808,961.42987804878
970,38,0.0185073403643537,0.25,0,0.0280716498024411,3882.92105263157
3317,27,0.0274788495139887,0.0787713558705925,0,0.0431588307885885,12245.037037037
390,37,0.0209803575739018,0.08130081300813,0,0.0190123040620259,801.756756756756
2228,114,0.0262574085833073,0.909090909090909,0,0.0105553379235248,21138.3859649122
1633,1036,0.0174979134972486,0.2,26,0.0155992114007155,11966.8706563706
3330,466,0.0144711354213948,0.5,15,0.0348373972381731,4761.7296137339
829,367,0.00628356274386764,0.166666666666666,2,0.00773932689258828,29930.6457765667
2506,145,0.0853561334493551,0.5,29,0.0197115234191671,1102.10344827586
2258,400,0.0313467908730497,0.793650793650793,2,0.0246689171643728,808.71
2144,400,0.0313467908730497,0.793650793650793,2,0.0246689171643728,808.71
3433,63,0.090258809899094,0.5,0,0.00967454403491956,16080.492063492
3637,237,0.0125244976756456,0.25,0,0.0117047210321933,20211.1097046413
2699,85,0.0133749743800801,0.0449195763044331,9,0.0155005544089411,17984.1764705882
2604,1314,0.0246588204511856,0.491066282420749,76,0.0249691704653057,552.949771689497
2926,879,0.0219161795386599,0.727272727272727,74,0.0235392948757355,4422.97724687144
1407,34,0.0173520339692839,0.0833333333333333,0,0.0163397246648923,13957.3235294117
1483,9,0.17905598523973,0.5,0,0.0430544272948822,136.777777777777
2971,189,0.047568417738655,0.25,46,0.0698113181324164,7613.94708994709
459,675,0.0127494267695831,0.897959183673469,39,0.0207101342203141,934.45037037037
745,630,0.0187945799122316,0.666666666666666,18,0.0168035856785957,16863.5587301587
604,630,0.0187945799122316,0.666666666666666,18,0.0168035856785957,16863.5587301587
1824,352,0.0449728330488193,0.870967741935483,6,0.0371763457824757,19677.6363636363
1347,551,0.0121560071858193,0.625,3,0.00953780652643126,25759.5553539019
971,308,0.00743431978603424,0.25,9,0.0439119784268922,788.620129870129
2316,285,0.0121704309998991,0.0433223492924985,6,0.0117909593159523,22440.6245614035
3160,81,0.0118471711017697,0.0495573518090839,0,0.0120606673611259,19602.5432098765
3039,81,0.0118471711017697,0.0495573518090839,0,0.0120606673611259,19602.5432098765
972,37,0.187309745295217,0.705882352941176,0,0.0562818209317496,14831.7297297297
1188,309,0.0266093184083553,0.777777777777777,0,0.0266012401700339,6678.2783171521
1133,123,0.0179409865390881,0.268965517241379,3,0.0136166884427023,914.70731707317
949,82,0.0106441990945511,0.0769230769230769,2,0.0111834887497408,16529.1585365853
928,153,0.0110529316553313,0.0349078640020763,11,0.0117429146371398,20582.5686274509
784,581,0.0565730091446441,0.86682808716707,2,0.0539941778178529,1219.74010327022
2234,100,0.0104814340312936,0.2,2,0.00940951918528967,16723.49
3600,1054,0.158727147011444,1,36,0.0597694153892705,1103.70398481973
3079,236,0.0111814755218366,0.3,0,0.0189044215724697,2519.13983050847
2107,222,0.0337167106305151,0.631578947368421,30,0.0219468618290198,11131.1036036036
1979,363,0.0169288251816488,0.561926605504587,11,0.0103693133057733,20223.3719008264
1484,363,0.0169288251816488,0.561926605504587,11,0.0103693133057733,20223.3719008264
3027,142,0.0292907082069389,0.839285714285714,0,0.0310813831408541,10396.8309859154
769,12,0.0195296470250652,0.142857142857142,0,0.0106388191672973,15305.5833333333
1786,282,0.0456567431953841,0.55813953488372,0,0.0419090119603442,20620.744680851
2302,62,0.0118233693531152,0.0271476385273335,0,0.0131169315374935,20764.8387096774
2496,228,0.0144088906033775,0.479674796747967,0,0.00772340280741777,30807.4824561403
888,228,0.0144088906033775,0.479674796747967,0,0.00772340280741777,30807.4824561403
3498,142,0.026921772254523,0.5,0,0.0147676894857631,18647.4859154929
1626,611,0.0298075165144324,0.7,2,0.0177079173228643,217.199672667757
1409,205,0.0135181383988792,0.0675778283978739,3,0.0131976869999795,18123.6487804878
333,509,0.0390171482864502,0.75,126,0.0305140072697454,249.168958742632
1752,64,0.203939853029705,1,0,0.0277707329444585,369.65625
1935,421,0.00840093873563255,0.25,0,0.0126664095899318,6695.66033254156
3410,325,0.0240733137690157,0.1375,21,0.0233670793057007,14043.6892307692
2560,325,0.0240733137690157,0.1375,21,0.0233670793057007,14043.6892307692
3283,144,0.0575953758946512,0.863636363636363,5,0.0547392958760412,1012.88194444444
1807,127,0.0202383161886778,0.75,3,0.0113982611666576,19174.7716535433
2507,73,0.0403086966226954,0.428571428571428,2,0.0182266859199551,6356.02739726027
806,73,0.0403086966226954,0.428571428571428,2,0.0182266859199551,6356.02739726027
762,124,0.064390405849139,0.5,7,0.0510553866936845,955.16129032258
2163,194,0.10322260883956,0.277657266811279,0,0.115636678264391,560.01030927835
3442,322,0.0286599225185163,0.833333333333333,26,0.0168383230789203,9759.9751552795
457,87,0.0329277468682569,0.5,0,0.0262700124744136,16677.816091954
1634,212,0.0151299746424233,0.25,0,0.0145107993195768,15933.4811320754
217,137,0.0220324581377666,0.25,2,0.0209252655039522,21523.5912408759
1821,498,0.020779198785002,0.307042253521126,11,0.0195791177232796,379.676706827309
3414,431,0.0234110809042025,0.0930232558139534,3,0.019709081772702,14812.2088167053
440,146,0.0130361041426018,0.333333333333333,0,0.0317397020157756,4689.04109589041
3435,40,0.0268744469555391,0.0833333333333333,0,0.0263335949552085,20321.95
1584,146,0.0329317297839269,0.333333333333333,2,0.0422186273454388,14124.6164383561
3191,34,0.00424114455684771,0.0151942163950496,0,0.00799578389150108,3571.73529411764
196,498,0.0154435854718792,0.461538461538461,12,0.0118003899327627,17372.9879518072
1017,126,0.010299913657242,0.107142857142857,1,0.0114343707713125,117.301587301587
3158,233,0.0250155461687744,0.333333333333333,9,0.0267722627240389,17907.2017167381
3647,216,0.0122742080159353,0.428571428571428,7,0.0109814249325694,20367.3055555555
2806,132,0.0233718967956435,0.0790509024538633,0,0.0262812393340665,19976.5151515151
1434,18,0.0652190563174208,0.769230769230769,0,0.044296597607639,1611.61111111111
375,762,0.0979950795240623,0.555555555555555,0,0.109334229369916,566.312335958005
3645,981,0.0388570070484736,0.5,25,0.0428779753258294,16550.7961264016
2126,72,0.0353272521930978,0.130677677920816,0,0.0347171224520247,14241.2916666666
891,560,0.0209262957789418,0.100487480611566,0,0.0206870453477953,21715.9714285714
1008,402,0.0258866194034363,0.927152317880794,19,0.026147824100715,20071.0174129353
3492,211,0.0339636095757453,0.333333333333333,18,0.0270279943479834,19332.9478672985
1531,214,0.0412784295454292,0.4,2,0.0389547860554768,17188.2710280373
1811,390,0.0152060870384827,0.0515037955222446,0,0.0156572417601135,20186.2846153846
569,229,0.0939617712119473,0.295454545454545,0,0.110621856206661,550.40174672489
2821,282,0.0219355245259084,0.466666666666666,24,0.0157804339033126,604.932624113475
656,282,0.0219355245259084,0.466666666666666,24,0.0157804339033126,604.932624113475
2735,504,0.0088389061775609,0.285714285714285,0,0.00784854046154103,711.38492063492
243,746,0.0872565107940978,0.554545454545454,16,0.0969931237096656,569.427613941018
504,305,0.0143829060875776,0.13535649283849,0,0.0143577439200913,19898.7836065573
1070,243,0.000888161461855951,0.0454545454545454,0,0.00458695870303742,287.090534979423
2196,102,0.0240937063673233,0.0909090909090909,5,0.0251033782237442,18763.1960784313
1735,193,0.0136745422445878,0.829268292682926,1,0.007785769150199,4897.33678756476
1271,768,0.0082278065324164,0.2,0,0.00818089647306621,30511.4088541666
1224,184,0.0143731746844749,0.25,0,0.0132093708289225,1180.8152173913
2194,529,0.034247692547695,0.722488038277512,0,0.0285431990339224,482.139886578449
463,733,0.0290337778681067,0.84,2,0.030078352841347,6521.03137789904
1142,121,0.0230211647439083,0.222222222222222,4,0.0226786015875696,4893.38842975206
678,121,0.0230211647439083,0.222222222222222,4,0.0226786015875696,4893.38842975206
38,216,0.0180575845910479,0.152542372881355,2,0.0182282430315391,21629.0324074074
1372,553,0.0116812743516775,0.0545383968428543,0,0.0113827570781178,22087.2766726943
1377,429,0.0137164178107029,0.25,20,0.0129032395904956,18547.4102564102
2153,674,0.0355221658680698,0.925925925925925,29,0.0271038131942489,353.022255192878
992,166,0.0136338242416972,0.642857142857142,3,0.0118518803312752,17235.3313253012
1045,319,0.0357538022000563,0.666666666666666,0,0.0255669546777131,17381.1253918495
3142,167,0.0228813298423573,0.394293125810635,11,0.0244092767737303,575.51497005988
2562,66,0.0243351281265361,0.404974489795918,4,0.0215801072601551,20584.3333333333
1974,68,0.0100259266923813,0.0314547837483617,1,0.0102160423529673,23824.9852941176
3412,349,0.0127765863052748,0.4,0,0.0123620108588147,15397.9455587392
1995,153,0.010496725456923,0.0384430099238847,3,0.0111933343484703,20302.6993464052
179,343,0.00434766005900366,0.5,12,0.00935426179949706,6422.91545189504
3356,375,0.0131707114946074,0.7,2,0.010933518597615,22419.864
1861,70,0.0275808761148622,0.666666666666666,0,0.0252374701966178,12690.3142857142
646,367,0.0255667448330611,0.120959140892206,22,0.0265519002115398,20021.8637602179
36,99,0.0179681197479391,0.375,5,0.0135193209898649,564.10101010101
1318,25,0.0152449131741604,0.0909090909090909,23,0.00836277974087161,339.6
2221,31,0.035433747843643,0.312217194570135,23,0.0101566194479146,4570.35483870967
322,280,0.0265639777349032,0.5,17,0.0248324395610885,18382.4928571428
3593,281,0.0115277616698531,0.6,11,0.00920400726788923,716.846975088968
1237,994,0.104439333759713,0.5,4,0.110372528548941,561.797786720321
2339,230,0.0164091466310069,0.0952380952380952,0,0.0148342178290526,19136.4260869565
663,178,0.0223844659453462,0.2,4,0.0483445527088759,4726.1404494382
2464,181,0.0232897883975145,0.72909305064782,0,0.0587856276531231,145.767955801104
3215,386,0.00253622781754935,0.333333333333333,2,0.0111080255484587,18.6580310880829
2875,386,0.00253622781754935,0.333333333333333,2,0.0111080255484587,18.6580310880829
2280,588,0.00840403632719397,0.333333333333333,12,0.0242795674172273,1078.63435374149
445,454,0.0963006753089103,0.333333333333333,7,0.0688210581282191,927.995594713656
1699,286,0.020241072791782,0.520179372197309,44,0.00820774651664181,3259.75524475524
874,42,0.0147517952774656,0.166666666666666,0,0.0190074242937679,772.880952380952
481,300,0.00682501187535076,0.0242105263157894,28,0.00735904216644305,5065.87666666666
3041,180,0.0228773236926476,0.1875764130537,0,0.0238576985368736,19401.3777777777
1066,167,0.0195485704515348,0.2,1,0.0192659872328982,18794.5628742514
3551,231,0.0240347932255581,0.285714285714285,2,0.0294940439998295,15343.0346320346
1329,79,0.0320269581765324,0.5,1,0.0329418596118443,3967.48101265822
1104,33,0.320332045528066,1,2,0.0316909413079967,38923.2727272727
1596,923,0.264931172156726,1,28,0.00797238874721283,20286.2946912242
3404,235,0.00663417232615786,0.0921428571428571,3,0.00667952192342436,1469.71914893617
2232,235,0.00663417232615786,0.0921428571428571,3,0.00667952192342436,1469.71914893617
2073,235,0.00663417232615786,0.0921428571428571,3,0.00667952192342436,1469.71914893617
1094,235,0.00663417232615786,0.0921428571428571,3,0.00667952192342436,1469.71914893617
571,235,0.00663417232615786,0.0921428571428571,3,0.00667952192342436,1469.71914893617
477,235,0.00663417232615786,0.0921428571428571,3,0.00667952192342436,1469.71914893617
420,235,0.00663417232615786,0.0921428571428571,3,0.00667952192342436,1469.71914893617
19,235,0.00663417232615786,0.0921428571428571,3,0.00667952192342436,1469.71914893617
2795,247,0.0142052695928006,0.25,6,0.0124827170667457,18787.1093117408
896,412,0.0263748545117692,0.695652173913043,0,0.0259454320655971,15231.8373786407
165,906,0.0280987912092508,0.528735632183908,459,0.0281972559018924,318.162251655629
3345,301,0.183906344817131,0.901639344262295,1,0.0586698542982207,15461.1993355481
212,55,0.0128287875534119,0.0386363636363636,2,0.0126583925393454,19564.4545454545
150,44,0.0248776014925763,0.0663836185927203,3,0.0286965691288739,17263.7045454545
3542,95,0.0247651065482288,0.288888888888888,19,0.0295516794003171,730.210526315789
2665,38,0.0181971091159279,0.117514387929693,1,0.0251666470699962,5819.10526315789
2622,38,0.0181971091159279,0.117514387929693,1,0.0251666470699962,5819.10526315789
1262,302,0.0261779827828765,0.166666666666666,6,0.0258140059177736,21223.5264900662
2428,236,0.0119709838833144,0.5,1,0.00726625906482021,2353.57627118644
3338,560,0.173424535260299,0.656549520766773,26,0.080640541023491,6495.625
1777,85,0.0294707337047918,0.5,4,0.0468022812051088,6011.27058823529
627,237,0.00309628279017936,0.25,20,0.0104349285499078,4173.34177215189
1014,312,0.00723172681289678,0.142857142857142,30,0.0077325573654569,4333.16025641025
2744,107,0.0088021931052495,0.0303455691287595,2,0.00992621003428858,30317.168224299
77,123,0.0317400809992266,0.2,4,0.0364332613362476,16046.2682926829
3306,413,0.0362986992494632,0.25,11,0.0416325689078265,14092.6755447941
1320,102,0.0653685486380733,0.292592592592592,27,0.0918659634445757,431.254901960784
1873,236,0.0281251377656924,0.461538461538461,1,0.0258507198118141,7850.15677966101
385,236,0.0281251377656924,0.461538461538461,1,0.0258507198118141,7850.15677966101
3186,30,0.0141052810910393,0.0415800415800415,3,0.0128494704612759,664.1
339,30,0.0141052810910393,0.0415800415800415,3,0.0128494704612759,664.1
1638,798,0.0189733740524156,0.125,0,0.0189980631807584,23252.7330827067
3540,94,0.00887583722279926,0.222222222222222,6,0.0238315438058287,943.234042553191
1166,196,0.0244511197698537,0.25,0,0.0249325468841425,19915.5714285714
2308,455,0.0195344859745452,0.652173913043478,5,0.0157302810139397,17001.8549450549
809,455,0.0195344859745452,0.652173913043478,5,0.0157302810139397,17001.8549450549
1167,51,0.0254832027224683,0.3,4,0.0232888375742824,13518.2156862745
3693,661,0.0259318239444434,0.6,0,0.0248721718306473,163.620272314674
864,353,0.0302710891341426,0.876712328767123,0,0.0281430770047232,18682.8611898017
3139,145,0.00592022195818877,0.0172257479601087,2,0.00681601652583497,4647.26896551724
3386,112,0.00550775089465559,0.25,0,0.00961286947423489,2048.03571428571
3320,95,0.0184665475103568,0.16913946587537,9,0.0117722233576897,13854.2
1534,1294,0.0105407311551262,0.371559633027522,36,0.00953350897231396,3122.47681607418
1910,296,0.0113379827689893,0.0351479648520351,2,0.0116440538186638,21039.6216216216
2517,611,0.0145924886910585,0.417061611374407,0,0.0138636257545606,10413.2193126022
1773,355,0.0166594875848642,0.283707865168539,1,0.0165341863858642,1044.35774647887
760,430,0.10955790406257,0.666666666666666,0,0.091291066061545,849.595348837209
3554,83,0.0185887055989573,0.125,5,0.0182909073607079,12660.8433734939
2565,374,0.0512966985667463,0.297662976629766,5,0.0370071447739842,1325.15240641711
3301,91,0.00895994902440057,0.0714285714285714,5,0.0103924329098471,16149.7472527472
695,123,0.0263462436228233,0.65,5,0.0145248359159579,1884.0731707317
1435,66,0.0505051357685049,0.168316831683168,1,0.0538258353026456,16554.5151515151
623,369,0.0200158686267826,0.222222222222222,0,0.022906816599279,5635.53387533875
1934,554,0.0213539112644878,0.857142857142857,24,0.00770174534645993,3272.03249097472
1243,492,0.0152570336774173,0.165217391304347,42,0.012799621755343,18785.9654471544
2634,776,0.00717003927507008,0.5,0,0.010694345140066,802.042525773195
3097,591,0.0210016839484196,0.129612640163098,3,0.0287829512235381,11060.6108291032
640,192,0.0369836808657742,0.333333333333333,2,0.0373279254816367,303.057291666666
250,147,0.0176225256996352,0.714285714285714,2,0.0110319154766847,21596.5850340136
1704,181,0.0274062515898301,0.666666666666666,0,0.0230160560159577,16197.4364640883
143,115,0.013262566148028,0.223076923076923,26,0.0082901396360182,3991.12173913043
2650,288,0.013510858293517,0.5,5,0.0118655915140771,19273.75
1074,288,0.013510858293517,0.5,5,0.0118655915140771,19273.75
2062,48,0.0528419922433448,0.875,0,0.0112093466435099,12703.3125
3173,100,0.0367385890255904,0.767772511848341,1,0.0112401571660847,13155.51
951,100,0.0367385890255904,0.767772511848341,1,0.0112401571660847,13155.51
200,170,0.0133778129728871,0.4,0,0.0103702649011112,19086.8117647058
98,170,0.0133778129728871,0.4,0,0.0103702649011112,19086.8117647058
3385,233,0.169953506222831,0.887283236994219,0,0.0589407624253435,15500.9055793991
3406,256,0.0210720944015353,0.0454908220271348,3,0.0275534577111805,24823.76171875
3633,793,0.106506532070715,0.365079365079365,0,0.0881167552314169,772.204287515762
3241,793,0.106506532070715,0.365079365079365,0,0.0881167552314169,772.204287515762
3000,793,0.106506532070715,0.365079365079365,0,0.0881167552314169,772.204287515762
2395,793,0.106506532070715,0.365079365079365,0,0.0881167552314169,772.204287515762
2128,793,0.106506532070715,0.365079365079365,0,0.0881167552314169,772.204287515762
1759,793,0.106506532070715,0.365079365079365,0,0.0881167552314169,772.204287515762
1470,793,0.106506532070715,0.365079365079365,0,0.0881167552314169,772.204287515762
3304,188,0.00225851152720427,0.25,13,0.00445939403205667,417.478723404255
1732,178,0.0285784189755474,0.335135135135135,17,0.0257983406553419,12860.7696629213
327,97,0.0149457367503403,0.296296296296296,0,0.0121831306110544,17708.2783505154
979,200,0.0121992893586518,0.333333333333333,9,0.0106572789212435,19257.73
2273,218,0.0241001865596372,0.222222222222222,9,0.0246145247080691,19712.9449541284
76,548,0.0419446783160084,0.466071428571428,260,0.0449090635970646,327.994525547445
24,169,0.0208135090604489,0.0971448467966573,6,0.0213637969535932,17652.7692307692
645,206,0.039082836862041,0.363636363636363,46,0.00996649686341099,18568.0339805825
82,890,0.0213678396849329,0.277070063694267,0,0.0215942415355905,227.588764044943
2304,99,0.0257698864419624,0.375,0,0.0219587204982954,19972.7373737373
2968,479,0.0176862752496822,0.647058823529411,48,0.0118862703381989,17476.5240083507
230,176,0.0153166093582467,0.157142857142857,3,0.0147912954103476,19210.0852272727
1790,74,0.00775120387558103,0.25,6,0.0154134555300978,64.8783783783783
1648,618,0.109094049419539,0.44,0,0.115604818873572,618.388349514563
1194,618,0.109094049419539,0.44,0,0.115604818873572,618.388349514563
822,766,0.00977183705215732,0.0375965893951505,0,0.0101548096858553,35296.0117493472
790,142,0.043901119471958,0.5,2,0.0276321275163953,8141.67605633802
3613,950,0.0283663807847269,0.314606741573033,340,0.0273830603511878,285.347368421052
1397,195,0.0178787820005064,0.909090909090909,3,0.0132670709424598,18273.8923076923
2390,76,0.00231435429641914,0.166666666666666,1,0.00476758045292014,529.894736842105
925,76,0.00231435429641914,0.166666666666666,1,0.00476758045292014,529.894736842105
3181,410,0.0145409515403953,0.670157068062827,34,0.0118727813489398,406.751219512195
1137,591,0.0488920420901138,0.85,0,0.0503265683244655,14073.6971235194
3276,72,0.0206308731947862,0.142857142857142,0,0.0346596132445204,8611.52777777777
708,72,0.0206308731947862,0.142857142857142,0,0.0346596132445204,8611.52777777777
3671,629,0.00671587485163551,0.333333333333333,22,0.0124724216856258,11668.6057233704
86,154,0.046157527146806,0.545454545454545,8,0.0544287660879099,14639.5324675324
544,284,0.01734135314563,0.130677677920816,0,0.0209011679248615,18660.7605633802
2256,198,0.0237170174470891,0.809523809523809,2,0.017914517601287,19155.2222222222
465,478,0.062684024328804,0.375661375661375,112,0.049995018878066,13544.8640167364
33,289,0.011625670009892,0.5,2,0.0133929964843384,8536.19723183391
2628,685,0.0288967482001683,0.705882352941176,0,0.0165761723796215,19137.6627737226
2051,542,0.102485599996107,0.548387096774193,42,0.0747149945391849,902.09963099631
2354,175,0.014221948322188,0.866666666666666,0,0.0245032647616372,1058.05142857142
1253,150,0.0993977125477335,0.293286219081272,11,0.112505058680696,560.093333333333
2086,156,0.0477049156646972,0.2,0,0.0540663854476959,21018.0833333333
3078,29,0.0269666164711179,0.2,0,0.0332784096713018,7764.1724137931
2846,102,0.018080973346087,0.0361524352965151,2,0.0188542059982712,21992.2843137254
671,216,0.0228675050313249,0.4,0,0.0108122885284352,1168.50925925925
284,88,0.00664452415152954,0.0193871169480925,5,0.00740951974713695,4742.05681818181
1785,343,0.0260935092999411,0.558904109589041,3,0.0170243520223578,2061.35860058309
910,719,0.0147879180213706,0.2,5,0.0285156592604763,8515.53685674548
1135,224,0.0297281056407907,0.718213058419244,4,0.01718175309942,3535.72767857142
3290,285,0.0168709708868036,0.037713378324732,2,0.0171950800119999,22538.0666666666
372,400,0.0252093671990433,0.333333333333333,45,0.0262917536022523,19116.165
1709,58,0.0145711651959419,0.285714285714285,1,0.0115953092723983,16125.724137931
1853,102,0.0319851707445473,0.325230202578268,2,0.0353621363166088,16222.9019607843
1887,204,0.0169188416105402,0.166666666666666,4,0.016649431727999,20383.431372549
1837,109,0.0340619723809825,0.772727272727272,2,0.0147090024443687,10291.3944954128
876,29,0.023482305243291,0.184210526315789,2,0.0258882127784866,14053.7931034482
731,277,0.0923140987666992,0.293532338308457,0,0.0842124885382344,716.5559566787
2214,138,0.015096601167641,0.454545454545454,28,0.017114149626968,13366.768115942
69,342,0.0209398738656134,0.130854896822797,1,0.0153692425816766,18130.880116959
1069,330,0.0221010784774557,0.428571428571428,0,0.025167517768182,16024.9848484848
588,266,0.0965868632544885,0.31875,0,0.105821270424942,580.706766917293
1862,283,0.013324054066088,0.5,1,0.024995461434862,4184.78798586572
1023,283,0.013324054066088,0.5,1,0.024995461434862,4184.78798586572
2582,134,0.0166677337201932,0.0659309564233163,0,0.0149109587840883,18738.5970149253
1899,51,0.0148084541572951,0.219512195121951,1,0.0130204976150573,11255.2549019607
3267,1672,0.0555302961306074,0.46422893481717,1,0.0553976661068768,416.680622009569
716,99,0.0408837635188499,0.240534521158129,0,0.0254916816617735,1279.87878787878
882,170,0.0342286095901989,0.598837209302325,39,0.0213532287110882,365.835294117647
3382,338,0.0170575121262454,0.551724137931034,18,0.0120692365333441,19555.8076923076
558,41,0.0362575549275846,0.27113133940182,1,0.0419169994790762,702.317073170731
3544,111,0.0206350573653636,0.0706585270814391,0,0.0246663895490843,16428.2342342342
826,445,0.00970249739142055,0.5,15,0.0129018894166037,1063.16629213483
2869,240,0.0111349004950934,0.0937695875642472,0,0.0121976046549689,3131.42083333333
988,38,0.0275197183606029,0.2,2,0.0300149123258086,5117.63157894736
1981,185,0.0176149593447001,0.714285714285714,2,0.0109102535108365,18141.1297297297
1292,178,0.010511835877703,0.0769230769230769,0,0.0111647458517103,19686.2640449438
1706,173,0.0230950669815143,0.100487480611566,2,0.0260659923985632,19152.1445086705
2640,506,0.0111746520554721,0.301204819277108,16,0.0146907069401404,2562.45454545454
409,171,0.00711288900954538,0.0221610660486674,8,0.00748352299324349,5646.71345029239
177,13,0.0431500995740449,0.25,0,0.0304319371727748,235.076923076923
2468,337,0.021782780405009,0.25,0,0.0282381350072826,25845.0504451038
692,311,0.0673926384586188,0.313218390804597,0,0.0308627051340619,9150.16077170418
3259,566,0.0995725078524483,0.625,12,0.106716242494176,165.360424028268
2000,14,0.0144098130619593,0.0361524352965151,1,0.0223513850134687,14796.1428571428
2859,178,0.0296261055244751,0.0771128932757557,1,0.0306771888663751,2633.98876404494
3664,710,0.0102882610410105,0.666666666666666,8,0.0184040463058678,1754.89577464788
3482,5,0.0129157738947951,0.044776119402985,4,0.0131195335276967,411.6
3149,48,0.0105268102838568,0.0737577639751552,9,0.0162469243016355,575.75
3230,317,0.0267640661770045,0.408450704225352,11,0.0251692276572534,436.665615141955
3031,288,0.016417226102321,0.333333333333333,22,0.0126541803354176,17493.9444444444
1559,7,0.0518322197615479,0.104300062774639,0,0.0533890698652406,22760.1428571428
1766,405,0.162300136529698,0.928977272727272,1,0.0462582311036238,15668.1358024691
448,209,0.0456305560271058,0.428571428571428,1,0.0574934344785805,15985.3492822966
2657,59,0.0349872911264445,0.214285714285714,2,0.0228427351070635,450.389830508474
346,300,0.0437966675096217,0.165580182529335,1,0.0453103909208853,508.713333333333
3269,485,0.0104531180152716,0.0529661016949152,1,0.0101395511721565,506.336082474226
1756,174,0.0182898585594739,0.4,2,0.0107869532009788,17344.2816091954
1417,174,0.0182898585594739,0.4,2,0.0107869532009788,17344.2816091954
1005,136,0.0162280049477667,0.0455598455598455,0,0.0154055126474705,18827.294117647
2533,352,0.0100061684942749,0.0350739432011516,0,0.00996860705353823,21361.377840909
387,227,0.0269043119580037,0.390625,19,0.0252719213259634,15887.1101321585
488,395,0.0122235393704295,0.333333333333333,5,0.0112118487902538,19963.2835443038
3422,441,0.0118998993793261,0.285714285714285,33,0.0124031007751937,33.6394557823129
1064,130,0.0358216450414914,0.636363636363636,4,0.0327587885216352,11458.3461538461
2182,311,0.0396367257142497,0.470588235294117,11,0.0364972370974255,11751.9356913183
15,428,0.0121556314696926,0.333333333333333,29,0.0116892461529434,18914.6612149532
2176,207,0.03198459376693,0.969465648854961,0,0.0406667072484058,5079.11111111111
2270,161,0.0254760731335878,0.166666666666666,2,0.0272303350385582,18968.6149068323
1906,74,0.0170778968803194,0.454545454545454,3,0.0113762422662137,18906.1621621621
1065,260,0.0115885481681748,0.0339700669554942,6,0.0115351475465942,21082.3884615384
1937,137,0.0253217346754358,0.263157894736842,1,0.0250344378024004,19192.5401459854
1438,73,0.00643043020870304,0.0159100551548578,3,0.00722541843734664,5247.83561643835
431,865,0.0262203621091422,0.714285714285714,6,0.025314480976833,20467.9849710982
3288,473,0.0124750729360716,0.904017857142857,7,0.0564723696673846,1278.92811839323
2986,113,0.0028869397391839,0.25,4,0.00747003284965301,3254.30088495575
772,78,0.0124750688495078,0.142857142857142,0,0.0110254629311087,17701.4487179487
3274,1271,0.0216204681820133,0.0947368421052631,0,0.0216129392080312,176.337529504327
2175,1271,0.0216204681820133,0.0947368421052631,0,0.0216129392080312,176.337529504327
123,129,0.0617217319799853,0.651943462897526,113,0.033327265231382,2895.64341085271
53,235,0.00634195615888378,0.666666666666666,2,0.010290035332188,4810.27234042553
152,639,0.0216907424226056,0.166666666666666,37,0.0250518140202964,16031.062597809
454,116,0.023741119024337,0.935483870967741,8,0.0149256152450818,18068.9137931034
2065,187,0.0239159026544543,0.50943396226415,23,0.0114741176823672,3385.43850267379
1731,485,0.195802420560801,0.989130434782608,198,0.0321059832907465,5697.68865979381
1410,9,0.000929800092980009,0.00836820083682008,0,0.00772200772200772,28.7777777777777
441,75,0.00986615023747943,0.0272672592394573,0,0.0104860298713416,20948.5066666666
1588,685,0.0326233888045376,0.489130434782608,0,0.0366512431916907,195.928467153284
417,295,0.114497393935515,0.5,6,0.098478288374294,2063.02033898305
2274,1231,0.105483357197042,0.622950819672131,26,0.114949328459291,597.338748984565
3566,119,0.00897963724851088,0.0248585704257339,0,0.0110115928076907,18680.0840336134
1242,241,0.014748637056733,0.647058823529411,4,0.0115595758743279,18689.7551867219
3399,154,0.0231315035444648,0.666666666666666,2,0.0191259248807622,15187.1103896103
3439,64,0.0245831242081743,0.125,6,0.0281431584057773,15448.359375
666,344,0.00459049752926565,0.666666666666666,1,0.00841378622100555,1689.50290697674
2746,531,0.0192223796432588,0.248,13,0.0180089357725295,18915.9077212806
2071,378,0.0242820291691974,0.180643817064277,0,0.0269787757719673,15262.8306878306
59,103,0.0108902768383339,0.0337959662878946,1,0.0118845922312623,20337.1747572815
636,90,0.0384661303452433,0.307339449541284,15,0.0266551501415997,14536.2777777777
1764,823,0.030419976462415,0.673611111111111,7,0.0178575023026824,3501.12029161603
3253,344,0.0097623719014213,0.367906066536203,0,0.0092077457000438,35287.8459302325
3114,186,0.021829170469516,0.180688336520076,2,0.0199913801453765,15929.7150537634
2098,118,0.0119367815973337,0.166666666666666,0,0.0622817575298295,2281.3220338983
775,118,0.0119367815973337,0.166666666666666,0,0.0622817575298295,2281.3220338983
1512,387,0.0112227946775273,0.5,84,0.00782470040931731,157.191214470284
610,61,0.00845964385693699,0.0237350352479873,2,0.0100943959345164,20103.6721311475
526,273,0.0130562794440462,0.5,3,0.00749966032222327,29304.8681318681
1952,224,0.0275262657994734,0.632183908045977,1,0.0263121381016169,20752.5758928571
2770,459,0.024719810634498,0.5,0,0.0251792417674461,18930.505446623
1929,777,0.0488182283683447,1,0,0.0456549071471836,17792.7902187902
1449,700,0.0210680336283786,0.966386554621848,0,0.0147415621069136,16323.43
594,1080,0.00902549059731754,0.5,60,0.00698086519544978,5386.15185185185
2942,371,0.0314245227454076,0.818181818181818,12,0.0227403824821404,242.986522911051
729,172,0.0209359456480288,0.242144177449168,1,0.019894604696687,819.726744186046
2254,52,0.0149344937271508,0.0295808332983678,0,0.0154997064613046,22274.6153846153
2099,373,0.00913260796774236,0.337931034482758,4,0.00790768695013375,5342.81769436997
2585,184,0.023147622216326,0.142857142857142,3,0.02332826348149,10955.6413043478
480,72,9.03E-05,0.00650388374772364,0,0.00641683778234086,378.777777777777
761,318,0.0106849392639709,0.25,0,0.00991478784872605,19602.572327044
669,318,0.0106849392639709,0.25,0,0.00991478784872605,19602.572327044
686,5,0.208171866720774,0.602996254681648,0,0.044093716645378,11430.2
2749,119,0.011785989902764,0.035023677979479,0,0.0113876518126819,22235.4957983193
516,360,0.0208654036650936,0.583333333333333,1,0.0195002379279194,9304.87222222222
3489,1210,0.108245977756295,0.32564841498559,3,0.115319429056823,613.918181818181
684,1210,0.108245977756295,0.32564841498559,3,0.115319429056823,613.918181818181
379,345,0.0246860042215218,0.2,3,0.0256132268009716,20543.620289855
2959,84,0.0271415174422657,0.333333333333333,6,0.0184465041553151,14538.1785714285
3222,349,0.0297991540085604,0.714285714285714,0,0.0266749176869043,21563.1346704871
2188,174,0.0140337947371087,0.222222222222222,0,0.01096010521701,471.931034482758
3035,282,0.0353133478096518,0.25,15,0.04361170140733,16418.3439716312
1043,282,0.0353133478096518,0.25,15,0.04361170140733,16418.3439716312
1691,93,0.0620779353497396,0.6,0,0.0506406753576964,964.204301075268
3658,70,0.00660717522229214,0.0119136262099776,1,0.00751921422824006,5148.71428571428
1913,206,0.0123935223772006,0.0769230769230769,1,0.0118053712342397,20026.6747572815
3357,353,0.0221114624735746,0.666666666666666,2,0.0161088321430798,17805.9376770538
2375,373,0.0144527909119901,0.333333333333333,0,0.0413545235526424,4756.1018766756
3143,213,0.0458667226441673,0.41,15,0.0290806127223123,18543.8873239436
2845,198,0.0274219562845107,0.833333333333333,0,0.0262569965825846,18609.3737373737
2723,198,0.0274219562845107,0.833333333333333,0,0.0262569965825846,18609.3737373737
2814,394,0.0225868545254158,0.633333333333333,6,0.0191372315003244,17676.3629441624
3152,69,0.0226439845997987,0.0783874580067189,0,0.0266581130100959,18502.1304347826
1782,510,0.0144956603735763,0.957627118644067,1,0.0157289541317088,13384.956862745
596,1010,0.0283840702099142,0.766666666666666,2,0.0235386974991407,728.818811881188
2046,95,0.0141012311111963,0.25,0,0.0105988075659119,21210.9263157894
3666,102,0.0629297222873676,1,2,0.0124421356904966,17317.8137254901
835,316,0.0399952404821698,0.6,0,0.0215648912681849,3557.41139240506
916,80,0.00931806887332508,0.019738839963559,0,0.00981166041852716,5304.9125
1578,166,0.027458046337441,0.705882352941176,0,0.0200335612202275,10802.0542168674
3322,60,0.0117351343912977,0.0363408521303258,1,0.0117075397589016,20007.05
1690,354,0.0178091059254938,0.0960700451904454,0,0.018435442847589,21035.5367231638
1524,418,0.017510919832441,0.151267375306623,10,0.0167245577572731,20392.4688995215
3491,341,0.0241582972526627,0.5,24,0.0383491961277942,9508.7771260997
1124,103,0.0308690357723144,0.879310344827586,9,0.0111394564316498,16528.3203883495
2653,55,0.0210532321528499,0.2,1,0.0199715189140111,17261.8545454545
1604,136,0.0132018486844661,0.692307692307692,9,0.00799486707583726,4354.81617647058
1325,443,0.0190307157538831,0.5,9,0.0197395078847076,17476.0383747178
427,418,0.00898012246783595,0.0256227758007117,0,0.0104232453088705,4469.90430622009
2398,180,0.029727169505441,0.6,12,0.0098047269739951,15283.4444444444
2614,35,0.0177563136672503,0.0426682975019993,6,0.0222660610525991,16713.4571428571
2429,872,0.00957003015364185,0.333333333333333,843,0.0113010463899961,27977.0309633027
365,38,0.00616199848463172,0.0156324017053529,6,0.0075597697973676,4476.60526315789
2969,154,0.0628919745580836,0.24390243902439,3,0.0223271086139327,9421.31168831168
534,154,0.0628919745580836,0.24390243902439,3,0.0223271086139327,9421.31168831168
785,350,0.013295366299786,0.226050420168067,0,0.0120611511666998,21713.8714285714
1741,114,0.00734566325644255,0.0270842149809564,0,0.00758748952298191,5975.90350877192
3092,230,0.028017164022381,0.714285714285714,0,0.0260820558009338,13963.4565217391
1515,227,0.0154380686214862,0.0365404091553575,0,0.0160932981950931,22285.7973568281
2580,763,0.0299046541218246,0.729729729729729,0,0.0235645629036115,701.399737876802
1412,151,0.0117864985873851,0.166666666666666,0,0.0122447189853436,1208.25165562913
215,187,0.0233413623389881,0.0349858681536933,6,0.027585260472318,30979.3048128342
3058,298,0.0154314376736709,0.579487179487179,262,0.00777262961142398,4840.1644295302
887,374,0.0355078501432093,0.872727272727272,217,0.0237749335749125,6292.52139037433
817,381,0.0362905047783787,0.842639593908629,39,0.0146418009440458,16600.8005249343
85,493,0.0995656161621374,0.4375,10,0.105463869221157,623.383367139959
3340,140,0.0384139100196655,0.647058823529411,0,0.0387141163332102,15343.9785714285
122,118,0.0125911595305439,0.070903588413316,0,0.0120364524265221,12845.1610169491
1130,129,0.0341706800188565,0.722222222222222,1,0.0203711167909014,13135.7131782945
313,116,0.0292785553732423,0.571428571428571,1,0.0260391634181679,9882.99137931034
3689,1410,0.0292352557406539,0.691358024691358,81,0.0288834437160398,16434.3333333333
3541,318,0.0127551065328197,0.277777777777777,8,0.0105482489218867,19930.5786163522
2384,257,0.0122173796789284,0.444444444444444,5,0.0108924865089248,19450.0972762645
1635,257,0.0122173796789284,0.444444444444444,5,0.0108924865089248,19450.0972762645
2161,295,0.0352524824838342,0.847457627118644,0,0.0476819694259362,13219.5796610169
2668,317,0.0228070079924587,0.338983050847457,1,0.0205796165744078,15899.0126182965
2346,317,0.0228070079924587,0.338983050847457,1,0.0205796165744078,15899.0126182965
573,96,0.0112118221038267,0.285714285714285,0,0.0105296925777159,8475.04166666666
278,298,0.035962170247056,0.378205128205128,211,0.0436924824211247,401.8322147651
3416,33,0.0665927007325449,0.636363636363636,1,0.00493124821444098,4879.21212121212
1183,137,0.0104487157937238,0.125,2,0.0104023463087022,19066.4452554744
1013,373,0.0106293744191304,0.838110403397027,283,0.0110778751277298,2526.59249329758
2672,450,0.0939622155372968,0.376811594202898,11,0.0961602198500269,643.671111111111
2717,56,0.0526208400186588,0.130854896822797,4,0.0709497687873288,6012.55357142857
2575,139,0.0087491585109921,0.4,0,0.00838884599500834,2003.345323741
3678,733,0.017526739015267,0.3,15,0.0196390627247271,8897.40518417462
1354,733,0.017526739015267,0.3,15,0.0196390627247271,8897.40518417462
395,271,0.0123603446471892,0.555555555555555,0,0.0100496812685737,487.981549815498
2085,86,0.010290421699256,0.224880382775119,0,0.0102250540325872,14698.2790697674
326,30,0.0202120353915524,0.2,0,0.0183128438976905,16059.7666666666
1988,507,0.00881923667591843,0.109824677472709,22,0.0125609045751241,1577.95266272189
78,108,0.024161220245475,0.333333333333333,4,0.0254483686353681,17317.9259259259
836,135,0.220970902417907,0.902654867256637,1,0.0561069319842065,15336.8518518518
3391,70,0.00843861462840387,0.166666666666666,0,0.00784494693124134,30.9571428571428
1792,146,0.00839668272807341,0.0370259779038519,0,0.0101015308230321,18733.7671232876
2152,385,0.0284512981666783,0.178398710370768,0,0.0319669497156405,16351.6285714285
1050,140,0.0109706328150714,0.166666666666666,11,0.0109237663340027,18601.6428571428
1761,359,0.02424586337166,0.333333333333333,7,0.0252407415325127,19088.8272980501
1973,134,0.0146026999817954,0.333333333333333,0,0.0106916050326789,19986.3880597014
3635,236,0.0234214495276435,0.333333333333333,1,0.0207721023260784,555.055084745762
1918,360,0.0210959715023238,0.48069498069498,32,0.0178944233764385,5270.26388888888
2092,215,0.014283622914807,0.2,11,0.0132789308567687,18526.288372093
2479,340,0.0255898991127981,0.222222222222222,169,0.0211217252951823,456.597058823529
3075,147,0.00500604432337043,0.285714285714285,4,0.00715137943060628,1853.02721088435
1965,482,0.0220732462026436,0.2,4,0.0274515042572506,15422.0663900414
1011,137,0.0279711389507811,0.666666666666666,13,0.0167228072916244,19810.3503649635
984,41,0.00715589459758058,0.0247290681618477,0,0.0113157571876822,14512.4634146341
97,414,0.0191047105164204,0.864864864864864,0,0.0123481406757781,19043.1376811594
3437,682,0.0231187339861202,0.875,86,0.0164900502221447,14902.7038123167
589,88,0.0156659114783524,0.0593311758360302,0,0.0155939004389433,14986.9204545454
3454,453,0.0136083035305589,0.444444444444444,0,0.0353301206892842,2052.22958057395
2662,453,0.0136083035305589,0.444444444444444,0,0.0353301206892842,2052.22958057395
1977,111,0.0156204034510367,0.260869565217391,2,0.012996169302719,766.684684684684
1613,111,0.0156204034510367,0.260869565217391,2,0.012996169302719,766.684684684684
228,93,0.062051492718655,0.9375,6,0.0127927568988019,14681.5268817204
2773,35,0.0241839832897614,0.040797342192691,0,0.0244536108334602,22324.4857142857
3043,390,0.010983891317345,0.0339508207528512,7,0.0112841694930429,20790.8692307692
2938,42,0.0105442251549488,0.0303030303030303,0,0.0136569771764181,12810.4761904761
1195,29,0.023376644001554,0.0732775786539227,0,0.0335469360544153,14534.448275862
324,29,0.023376644001554,0.0732775786539227,0,0.0335469360544153,14534.448275862
2146,116,0.0386123331137093,0.5,0,0.0301587200439547,12175.5258620689
307,136,0.00731629223206487,0.5,0,0.0256337849190604,5207.68382352941
1168,54,0.0156455430463199,0.0442885901681927,0,0.0170901403659395,16004.4629629629
2172,147,0.272884519284773,1,3,0.055400991895488,562.380952380952
2768,273,0.0112743191994309,0.0455311973018549,1,0.0118622859680077,20772.8864468864
2227,237,0.0561895501966215,0.5,0,0.0580450823219029,20330.552742616
2478,125,0.0179245199666586,0.785714285714285,19,0.0119311316955296,317.824
1499,43,0.0146391263076344,0.0518731988472622,0,0.0140912177391284,8151.20930232558
2810,88,0.0409288914018635,0.6,0,0.0447491505605029,10729
83,108,0.0123449973217941,0.0815575054841742,0,0.0125554400741967,20526
3466,371,0.0145707604232069,0.732193732193732,0,0.0174157701377432,1331.6307277628
3088,371,0.0145707604232069,0.732193732193732,0,0.0174157701377432,1331.6307277628
2824,268,0.0189436219482852,0.764705882352941,0,0.0115095196536821,19808.3917910447
214,364,0.0185680160181529,0.833333333333333,10,0.0159899424215112,16749.7115384615
3104,64,0.0186779017858142,0.333333333333333,0,0.0180525415762472,7812.265625
2235,441,0.0204770394162178,0.606060606060606,6,0.0170547955293151,19707.3197278911
2306,140,0.0151091904855724,0.269553072625698,19,0.0139004524409247,16240.4785714285
2329,844,0.0220644823477375,0.4,0,0.0212341929321872,6202.60663507109
3569,269,0.00789903267068794,0.5,17,0.010442681466197,1567.41635687732
1025,443,0.0355673620777208,0.25,25,0.0329555810602632,15585.0383747178
2895,411,0.0107070199322552,0.416512915129151,14,0.0518848419690505,1000.29683698296
2114,377,0.0223920037637955,0.271428571428571,29,0.0218033033772544,18634.4137931034
283,59,0.0427384367806514,0.34712950600801,0,0.0289738985455686,16102.7457627118
2447,487,0.00800328597540187,0.333333333333333,10,0.00653934514394406,2852.10882956878
2647,292,0.010636437117524,0.0481419747034022,2,0.0109323126163095,20233.7842465753
1161,210,0.0182205413217735,0.25,3,0.0362866445344233,7444.42857142857
3217,45,0.0102607462020287,0.023423302147136,0,0.0101122022024105,23485.3777777777
3365,223,0.0252041389269601,0.25,0,0.0251443024120041,20616.4260089686
1779,302,0.0119071749209619,0.5,0,0.0106878438489144,16213.8774834437
442,79,0.0315855224086094,0.25,1,0.0354569475317703,13581.4556962025
732,65,0.0197725003355201,0.119047619047619,0,0.0106404943656852,15871.1538461538
397,268,0.0158581520633676,0.845528455284552,11,0.011692740903049,20714.1529850746
329,81,0.0320499134915146,0.4,12,0.0381968628579651,8579.01234567901
2200,67,0.053929089650226,0.75,0,0.0142849264673181,8390.01492537313
691,210,0.0475557499053983,0.692307692307692,53,0.0273312417116796,11925.1285714285
2906,625,0.0241718213701741,0.851063829787234,5,0.0254011418317033,1508.5936
1573,512,0.0198740581996996,0.2,30,0.0185392452952358,1689.1953125
3255,222,0.00928426226453389,0.5,0,0.00736321410284543,4926.48648648648
1072,183,0.0240218156368241,0.638888888888888,1,0.0115128641445101,17164.4535519125
482,88,0.00983421647778513,0.0350911205893757,0,0.00992388074650285,21784
2998,72,0.0410026929060301,0.25,38,0.0229545957040982,8417.58333333333
2815,577,0.0164818051765301,0.2,6,0.017202292292545,5835.24263431542
2631,57,0.0313954821694759,0.4,0,0.043103448275862,6.10526315789473
3428,65,0.0116282610054768,0.214285714285714,2,0.0132914817620954,710.692307692307
1542,428,0.0182143018510699,0.846153846153846,2,0.0152665255911161,22144.0747663551
1587,299,0.0168080475468628,0.8,1,0.0145572504758585,124.752508361204
3580,293,0.00978863767588962,0.0826293014630125,0,0.0114375936764194,5455.93174061433
1930,294,0.0178539403783353,1,1,0.010501892467266,21048.3605442176
700,125,0.0248305446210816,0.5,3,0.0341135508670603,8283.16
178,95,0.0248372483021327,0.1875,0,0.0219526800737576,22183.6
2491,66,0.00748305738791242,0.0324701195219123,3,0.00983182216716504,14481.4242424242
1136,1198,0.0230939255097288,0.681818181818181,8,0.0261627648328952,5816.57929883138
1945,426,0.00354892749936387,0.428571428571428,6,0.00820393019101278,170.821596244131
2083,265,0.0267073788466714,0.333333333333333,2,0.0264086651108437,18622.6754716981
777,158,0.0145198402510305,0.25,0,0.0126182965299684,1554.90506329113
2707,75,0.0456651925696243,0.703493862134088,0,0.0466836317097489,895.96
153,26,0.0425800186565337,0.478079331941544,1,0.0425185873605947,496.615384615384
286,166,0.0199699208914247,0.333333333333333,1,0.0204836695756538,17908.7710843373
3324,17,0.0135308130954461,0.040797342192691,1,0.0240510652216786,12228.8823529411
2682,35,0.0202785775051265,0.0633496978851963,0,0.0194681231733876,15729.7428571428
1254,293,0.0135733256149132,0.142857142857142,8,0.0322091405095666,7943.70989761092
2541,150,0.017570780986669,0.333333333333333,1,0.0365537860845963,3797.32666666666
990,168,0.01633156763998,0.333333333333333,0,0.0122856544217324,16079.5357142857
3579,188,0.009366736311259,0.0295309029138899,2,0.0103624580696923,19716.7340425531
2550,188,0.009366736311259,0.0295309029138899,2,0.0103624580696923,19716.7340425531
1143,157,0.029185875458847,0.5,5,0.0274273818515818,19361.3757961783
394,538,0.00682253178757343,0.223320158102766,2,0.00689709257210784,450.327137546468
252,24,0.0175214541380138,0.142857142857142,0,0.0128435099213944,18722.1666666666
3297,69,0.0222201033139095,0.533333333333333,5,0.0185008924132408,9882.01449275362
816,69,0.0222201033139095,0.533333333333333,5,0.0185008924132408,9882.01449275362
1160,842,0.00849044292808563,0.863636363636363,16,0.00767789888389047,13804.3135391923
906,322,0.00794071914737293,0.5,2,0.0116910506999684,748.037267080745
2733,147,0.0211858550648346,0.6,0,0.0111775936209844,21952.9319727891
2147,292,0.018228119635166,0.138851802403204,11,0.0171436202211074,15951.4589041095
1207,420,0.0426137914400383,0.141368028608384,1,0.0440974002521313,16935.6166666666
3349,502,0.0260482680523868,0.5,19,0.0259202309383765,20304.4800796812
1521,154,0.00631498272239119,0.333333333333333,0,0.0171844018506278,304.564935064935
2255,497,0.0207660850529039,0.892857142857142,0,0.0159775974732222,16825.4949698189
1733,218,0.00914076725610929,0.25,0,0.00797818866164276,570.3623853211
3603,350,0.0206126525005743,0.493006993006993,0,0.0135014740502258,2905.50285714285
3393,717,0.00765057048694365,0.031627648278303,1,0.00775210981327384,32530.1283124128
2975,717,0.00765057048694365,0.031627648278303,1,0.00775210981327384,32530.1283124128
2684,717,0.00765057048694365,0.031627648278303,1,0.00775210981327384,32530.1283124128
2041,717,0.00765057048694365,0.031627648278303,1,0.00775210981327384,32530.1283124128
1708,717,0.00765057048694365,0.031627648278303,1,0.00775210981327384,32530.1283124128
1239,717,0.00765057048694365,0.031627648278303,1,0.00775210981327384,32530.1283124128
819,717,0.00765057048694365,0.031627648278303,1,0.00775210981327384,32530.1283124128
362,717,0.00765057048694365,0.031627648278303,1,0.00775210981327384,32530.1283124128
211,717,0.00765057048694365,0.031627648278303,1,0.00775210981327384,32530.1283124128
2679,313,0.00575748449187714,0.333333333333333,7,0.00856414102506389,7523.00958466453
1500,283,0.00386239217383287,0.0323000858572401,3,0.00893413295261,15033.0671378091
2767,184,0.0941662886024422,0.60377358490566,9,0.0701309911233976,2329.64673913043
966,184,0.0941662886024422,0.60377358490566,9,0.0701309911233976,2329.64673913043
1263,273,0.0287968220792878,0.666666666666666,4,0.0268047606338285,14822.4175824175
478,273,0.0287968220792878,0.666666666666666,4,0.0268047606338285,14822.4175824175
2912,45,0.0174999705936992,0.25,0,0.0139208117691821,15711.0888888888
3245,342,0.011983973673381,0.142857142857142,7,0.0120277573553122,19495.596491228
1739,311,0.0539337046946015,0.5,0,0.0675957649604575,499.279742765273
1107,150,0.0150797903713081,0.2,1,0.0494168543585397,4185.34666666666
383,25,0.0801238021497344,0.613636363636363,0,0.0328081629461667,20463.2
2016,356,0.0903892022558993,0.315565031982942,3,0.100683563786712,558.457865168539
316,221,0.0108271522542079,0.666666666666666,4,0.00758545600309124,5011.97285067873
3408,775,0.0358982173107351,0.716417910447761,59,0.0355941936513,404.451612903225
1507,11,0.182870664688846,0.719696969696969,1,0.614197530864197,29.4545454545454
580,146,0.0433159247336514,0.375,86,0.0274261682735168,1820.82876712328
3698,750,0.0244038086757337,0.166666666666666,95,0.0266770697989717,30095.2093333333
3163,750,0.0244038086757337,0.166666666666666,95,0.0266770697989717,30095.2093333333
2425,750,0.0244038086757337,0.166666666666666,95,0.0266770697989717,30095.2093333333
1820,750,0.0244038086757337,0.166666666666666,95,0.0266770697989717,30095.2093333333
147,750,0.0244038086757337,0.166666666666666,95,0.0266770697989717,30095.2093333333
3028,159,0.0114861971049845,0.0631308322224338,1,0.0112191744244459,20845.3773584905
470,405,0.00723377269844689,0.0223364936525791,1,0.00741823802398556,5853.1086419753
3099,807,0.00539200533447348,0.25,1,0.00689896184181192,616.977695167286
3480,83,0.0774866257268676,0.897435897435897,0,0.0444110443108439,8657.34939759036
1658,698,0.035230907959924,0.774193548387096,18,0.0340761112985883,16994.5286532951
2785,63,0.00979039492541464,0.2,0,0.00680344487199948,5370.7619047619
3358,235,0.00297872340425531,0.5,0,0.00337268128161888,2.52340425531914
1816,235,0.00297872340425531,0.5,0,0.00337268128161888,2.52340425531914
1805,235,0.00297872340425531,0.5,0,0.00337268128161888,2.52340425531914
1582,235,0.00297872340425531,0.5,0,0.00337268128161888,2.52340425531914
975,235,0.00297872340425531,0.5,0,0.00337268128161888,2.52340425531914
688,235,0.00297872340425531,0.5,0,0.00337268128161888,2.52340425531914
1152,102,0.0226301863449266,0.0666666666666666,20,0.0226810764195413,11050.0686274509
578,515,0.0151121643145473,0.333333333333333,2,0.0134940374929511,10681.308737864
3618,139,0.02816428034398,0.791836734693877,41,0.0251418587104188,14435.7841726618
1662,153,0.0105186823827856,0.5,2,0.00757457517997541,5360.20915032679
774,153,0.0105186823827856,0.5,2,0.00757457517997541,5360.20915032679
3513,52,0.0151309839355019,0.545454545454545,0,0.0147701031163545,8410.96153846153
2972,477,0.025059237009527,0.25,0,0.0259449139773021,20341.2746331236
1120,231,0.0252017869427698,0.294117647058823,0,0.0194533584154033,195.60606060606
2240,228,0.016506822026932,0.25,0,0.0169393942549321,20218.1052631578
2902,187,0.0344915905323703,0.735294117647058,7,0.0276613143273834,14498.1336898395
513,148,0.0360336300953117,0.5,0,0.020410205545568,7629.66216216216
1474,343,0.0269870907715756,0.25,0,0.0311498693755575,17915.7376093294
3528,43,0.0120940812959264,0.25,0,0.0075065156012452,5139.72093023255
3176,190,0.0486132075509782,0.157437454202868,0,0.0582577009256954,19300.9947368421
2934,825,0.00822919662380264,0.0687830687830687,17,0.00849853262006078,36528.5163636363
3342,30,0.0244120874516548,0.0510748407643312,0,0.0271765537165172,20238.0333333333
770,211,0.0365247969571739,0.5,9,0.0272565098831076,17279.2322274881
335,211,0.0365247969571739,0.5,9,0.0272565098831076,17279.2322274881
3447,987,0.0204184198399635,0.5,4,0.0173131488967744,438.843971631205
1411,364,0.00176979088342664,0.5,0,0.00689656162474033,1913.67857142857
3268,326,0.0142497905168341,0.218181818181818,29,0.0115651799956239,18267.2300613496
1885,79,0.0227374825144153,0.43134535367545,1,0.0139447833128072,2610.6582278481
621,261,0.0206938082484599,0.625,3,0.0187776644284113,20224.7701149425
525,26,0.0158966469428007,0.25,0,0.0767676767676767,57.1153846153846
91,727,0.00883730053791134,0.5,0,0.00936378679381413,34772.5213204951
855,409,0.0246919245370089,0.157323258109534,0,0.0291840101279419,20394.3276283618
2074,81,0.0214301540277478,0.0491647909015519,0,0.0264527182806976,16385.6296296296
3687,217,0.0111354117345349,0.5,1,0.0100856980548576,1516.95391705069
1554,143,0.0273768870905613,0.0362308211341567,0,0.0285803016806329,35397.5034965034
2620,484,0.0115470491221168,0.0526315789473684,4,0.0112341423882253,21336.4111570247
999,90,0.0157328022433953,0.333333333333333,2,0.0106709954507058,15284.4222222222
138,518,0.00430381580096084,0.333333333333333,13,0.00978948569886296,6122.71428571428
1150,457,0.0117319104263043,0.454545454545454,0,0.00798096962552938,1440.51641137855
1118,125,0.0242895246328316,0.5,8,0.0157428476918979,12406.904
3384,31,0.0277025611349837,0.1,3,0.0295952519077156,14457.4193548387
2780,206,0.0170235519478727,0.0856573705179282,19,0.0157554744177848,16305.3203883495
620,293,0.0171159240907405,0.440677966101694,1,0.0151670738007615,535.109215017064
345,21,0.115257538196378,0.180023228803716,1,0.121320515686712,639
2189,72,0.0100702537519589,0.2,0,0.0282413502710268,2341.91666666666
453,332,0.0162463980573334,0.0625117150890346,14,0.0155003587913318,17864.5301204819
3326,407,0.0253641839616062,0.110165329841217,4,0.026485970880342,20104.2874692874
149,1073,0.00975481900248557,0.5,27,0.0109905033514729,96.0754892823858
1666,552,0.0371351966743414,0.75,3,0.0233334307119884,6821.32246376811
2581,811,0.0296955003711835,0.666666666666666,0,0.0313399966118922,167.409371146732
1071,293,0.106132381098223,0.352941176470588,0,0.0985428574258798,689.085324232081
1246,511,0.0299045520091725,0.546875,181,0.0195108450516684,2807.10958904109
1768,57,0.0355960674577577,0.333333333333333,5,0.0399976738188309,6938.56140350877
1597,809,0.024868775968651,0.175373134328358,436,0.0253024314289136,330.244746600741
1984,117,0.0129179614721892,0.25,1,0.0102630162270245,22227.3504273504
670,406,0.00615388440928442,0.0342451635699773,2,0.00858210819642551,24597.8004926108
2413,47,0.0294636743307149,0.0740693846543428,1,0.06152924200921,10012.1914893617
1198,47,0.0294636743307149,0.0740693846543428,1,0.06152924200921,10012.1914893617
363,76,0.0414121386865881,0.5,1,0.0482763017716187,12795.3157894736
2805,75,0.0177293116381908,0.5,1,0.00952769283044512,981
1819,75,0.0177293116381908,0.5,1,0.00952769283044512,981
1809,75,0.0177293116381908,0.5,1,0.00952769283044512,981
1158,75,0.0177293116381908,0.5,1,0.00952769283044512,981
894,75,0.0177293116381908,0.5,1,0.00952769283044512,981
787,75,0.0177293116381908,0.5,1,0.00952769283044512,981
315,75,0.0177293116381908,0.5,1,0.00952769283044512,981
3552,646,0.0257345254596987,0.678571428571428,145,0.0123965475130178,7979.35139318885
839,149,0.02542303614937,0.173539518900343,21,0.020837254864299,6988.322147651
321,31,0.0208553570275377,0.0737066992217305,0,0.0297820243878074,13885.8387096774
3010,483,0.00780419806766275,0.333333333333333,0,0.00775974471530539,36238.6790890269
188,229,0.0105481623582241,0.969696969696969,7,0.00686896548044745,3274.01310043668
444,127,0.0175915997790272,0.785714285714285,0,0.0114493514345845,18961.2913385826
1459,278,0.00757101456613787,0.0250471316994344,2,0.00763939700474863,5397.99280575539
190,33,0.0229076037504149,0.0547440921505759,1,0.0283338472031467,16216.8181818181
447,158,0.0133312268825781,0.0909090909090909,2,0.0128838365350703,18932.5632911392
3511,376,0.0328571093221488,0.255555555555555,15,0.0370332204809101,14737.1276595744
2140,376,0.0328571093221488,0.255555555555555,15,0.0370332204809101,14737.1276595744
3486,18,0.00260767451434199,0.029071845585607,0,0.0258190129518327,2625.11111111111
3136,428,0.047519579276837,0.454545454545454,0,0.0520380631879027,19617.6495327102
3417,218,0.0585039525573627,0.285714285714285,16,0.0684805288559198,17613.9266055045
3294,491,0.0248591137640852,0.0988084249391625,1,0.0250544660246571,21510.4480651731
1313,59,0.00707315995420006,0.0187684521299029,2,0.00794496307397844,4693.30508474576
965,262,0.0401499158137287,0.666666666666666,6,0.036135103754725,10930.248091603
2801,318,0.0192584551439001,0.284073506891271,34,0.0256456516588734,12689.144654088
2936,297,0.0235037667935475,0.222222222222222,10,0.0240393820620609,20469.0774410774
773,446,0.00738036052521905,0.0541005778925365,0,0.0101584208437082,5219.11210762331
240,125,0.0202132789992387,0.25,67,0.0199311144121055,1470.264
2987,133,0.0159643040790119,0.5,0,0.00867832029315638,2429.35338345864
2430,222,0.0180163900832875,0.878378378378378,0,0.00686962816161019,2563.83783783783
3017,790,0.0459162534714746,0.911764705882352,108,0.030260978708804,14248.1189873417
2556,106,0.0263260161280005,0.6,0,0.017429724464236,542.339622641509
551,106,0.0263260161280005,0.6,0,0.017429724464236,542.339622641509
47,134,0.0204723393696406,0.934065934065934,2,0.0125687851049984,15057.4402985074
227,149,0.011351107308088,0.0566957414058491,1,0.0119568274896821,18634.1543624161
2480,79,0.0266487832187498,0.375,5,0.0214614727920841,15969.1518987341
2159,808,0.00803562488311456,0.166666666666666,31,0.00728203922020653,4767.25618811881
2363,450,0.0339813621144185,0.5,55,0.0332522303325223,194.54
1028,119,0.0144341930342422,0.0951612903225806,0,0.0162396662486242,2626.62184873949
2233,223,0.0245525265922675,0.5,9,0.0266912151684394,17833.5829596412
1844,250,0.0400543574801113,0.5,41,0.0380598085234848,9036.304
3700,481,0.0209468098490793,0.333333333333333,2,0.0249064296649987,17332.7318087318
2378,42,0.0351253988840258,0.5,0,0.026109131026215,18430.8809523809
2857,979,0.0123737318180734,0.0443349753694581,1,0.0129954456399905,32115.2819203268
2087,333,0.0205051845876955,0.428571428571428,1,0.0112966874166296,20963.6516516516
49,193,0.0160244345715678,0.0493528486754566,0,0.0167788674625391,21533.3782383419
2294,562,0.0102871664725028,0.333333333333333,15,0.00990430281998744,600.946619217081
1957,562,0.0102871664725028,0.333333333333333,15,0.00990430281998744,600.946619217081
3040,61,0.00843758633355022,0.0963748894783377,6,0.0100914277857977,1192.37704918032
61,55,0.00664696818156743,0.166666666666666,0,0.00759769502687521,18773.6363636363
3315,249,0.0272211161845354,0.099765651155005,10,0.0291863768841431,19174.2369477911
3325,85,0.012068898007436,0.129629629629629,2,0.0125847832112245,13498.094117647
3212,627,0.0211911204102179,0.25,271,0.0273066714652031,177.264752791068
1294,189,0.0260513089547487,0.907894736842105,0,0.0325462225607644,76.4074074074074
3481,243,0.0630475172923807,0.833333333333333,150,0.0486420351398483,2071.90946502057
2208,243,0.0630475172923807,0.833333333333333,150,0.0486420351398483,2071.90946502057
781,84,0.016057736190083,0.0608736496007515,0,0.0149553106551449,17662.9404761904
1138,66,0.0253400885246709,0.73170731707317,19,0.00931830449858647,3312.15151515151
3563,211,0.00209205989199919,0.125,0,0.0189036938651799,2454.94786729857
2180,374,0.0506112686517761,0.603343465045592,0,0.0534326208749714,761.216577540107
1156,34,0.0171781926209635,0.103558558558558,4,0.0377883912319731,9452.79411764706
3141,133,0.0227529066590644,0.0623403575989782,3,0.0254357449786953,18755.7969924812
2641,158,0.0480078899962306,0.819277108433734,2,0.0274944502216223,858.170886075949
1901,39,0.0853404769331808,0.257731958762886,0,0.102052344191301,544.717948717948
2829,288,0.0269039687590198,0.25,4,0.0245990904757266,11442.9479166666
994,115,0.0126438476670772,0.0683760683760683,11,0.0127222069999049,12440.4173913043
863,253,0.0247668633409467,0.2,4,0.0257441163743016,19966.6482213438
48,115,0.0599905358818338,0.3,1,0.0614225863165376,23246.0869565217
3570,70,0.0806772964613752,0.478843861740166,0,0.0850669659884703,2621.8
937,508,0.044036003687194,0.5,5,0.0484003049469063,19357.9586614173
3331,174,0.0184845140705637,0.0794080665441532,5,0.0129006246092908,17504.2758620689
296,4,0.0253086419753086,0.0925925925925925,0,0.0136986301369863,219
2570,372,0.0474382450255764,0.4,0,0.055701754566563,19585.2983870967
95,45,0.0793800424404921,0.769230769230769,1,0.0102403606748732,16600.9777777777
2729,137,0.0221976103005597,0.722222222222222,3,0.0156729696495899,7170.74452554744
2360,203,0.0355074155707447,0.695652173913043,4,0.0453046414181769,4648.44334975369
2863,52,0.0127417036213861,0.0617042115572967,0,0.00880501965782728,4103.86538461538
1806,203,0.0321914624292163,0.5625,0,0.0261217916866383,21315.0837438423
3550,555,0.0254367658383377,0.0369789397240377,0,0.0260816635767843,35566.045045045
791,593,0.00709591715301121,0.0271158586688578,0,0.00714032097597838,5181.60370994941
173,115,0.0218254399073854,0.2,1,0.0240289940923136,4345.11304347826
264,13,0.00857064906550836,0.0291102641608621,0,0.0112936085455308,15216.2307692307
2794,16,0.0239541813065264,0.25,0,0.0147880682512792,14314.75
422,108,0.0391268565521389,0.745454545454545,4,0.0180474949662442,13133.5555555555
653,122,0.0248816696627385,0.0680716781246478,1,0.0257991964775398,19563.4508196721
798,582,0.00789764893528566,0.0335893279477026,1,0.00819333747362929,33371.3436426116
305,132,0.0213048244274297,0.333333333333333,0,0.0213171074015575,19885.8636363636
2900,856,0.0181920653049969,0.839285714285714,13,0.0167669246109545,19973.4018691588
3354,125,0.00935196681447069,0.25,6,0.00787680967643916,4080.84
2561,1050,0.105002838669473,0.346368715083798,0,0.112180570908381,585.866666666666
2462,1050,0.105002838669473,0.346368715083798,0,0.112180570908381,585.866666666666
2047,37,0.0364166623198573,0.135944700460829,0,0.042239440139965,324.405405405405
725,549,0.0144519192185743,0.954545454545454,0,0.0184964407353768,682.945355191256
2790,378,0.0296311689087003,0.806451612903225,1,0.0274199327725357,155.044973544973
2416,378,0.0296311689087003,0.806451612903225,1,0.0274199327725357,155.044973544973
2174,893,0.00805199295089253,0.666666666666666,7,0.011825552386036,9365.05263157894
1909,893,0.00805199295089253,0.666666666666666,7,0.011825552386036,9365.05263157894
189,703,0.0121683552176668,0.0561274033792969,7,0.0115961401728298,22611.1436699857
824,91,0.037716078103874,0.5,12,0.0231811474154612,18944.4395604395
260,354,0.015406513450838,0.5,38,0.0107191263933367,2642.7231638418
1914,509,0.0170488525255522,0.422145328719723,56,0.0242654768642212,447.813359528487
1382,224,0.00746862235095638,0.125,2,0.00789119554698235,16348.4642857142
206,92,0.0363183045099693,0.133656815174239,0,0.0347819067399157,12387.75
1572,304,0.0143663169819243,0.13036164844407,0,0.0156641456384641,837.690789473684
3133,58,0.0200726871290821,0.181818181818181,3,0.0236126993157995,15394.2586206896
841,179,0.0202225253516072,0.166666666666666,3,0.0197703543095867,8799.0782122905
306,179,0.0202225253516072,0.166666666666666,3,0.0197703543095867,8799.0782122905
484,59,0.0237735187518603,0.52,0,0.0153952142243886,4895.86440677966
3316,402,0.00769476827742027,0.5,0,0.0114205477643537,7499.13930348258
466,402,0.00769476827742027,0.5,0,0.0114205477643537,7499.13930348258
924,653,0.0283138007998426,0.5,255,0.0279001025517282,304.630934150076
2142,1458,0.0433912648785607,0.477366255144032,668,0.0318438911909922,366.456790123456
433,270,0.0286386944738049,0.52,0,0.0274041965173773,21731.6
3057,191,0.00869477119853407,0.0362308211341567,0,0.00917370693618721,34219.1256544502
918,191,0.00869477119853407,0.0362308211341567,0,0.00917370693618721,34219.1256544502
3531,341,0.0319538735981454,0.294117647058823,38,0.0398002647158536,13165.2258064516
893,327,0.0131400411972077,0.5,7,0.0111724770878857,18019.9266055045
2979,329,0.0404244440771583,0.428571428571428,15,0.0458667381572452,14285.47112462
3529,234,0.00586810976654867,0.125,0,0.00653833446363051,983.025641025641
2611,72,0.0658696546596096,0.512658227848101,0,0.0629314378242816,26538.3611111111
2472,90,0.0179013231468301,0.0897009966777408,6,0.0244437847634522,1422.31111111111
2626,299,0.0554259897079203,0.411764705882352,0,0.0679515242188149,9379.98996655518
3289,482,0.0154670391673768,0.921212121212121,39,0.0304751834910664,1714.95228215767
878,43,0.00533577172667393,0.1,0,0.0231288981288981,268.465116279069
3172,281,0.024387172005067,0.181818181818181,49,0.0263885234106651,16282.690391459
63,143,0.0149018229711841,0.503703703703703,1,0.012938111604895,958.300699300699
3681,170,0.008299573715918,0.879629629629629,7,0.00785796451580073,3814.78823529411
3012,189,0.00423666796485396,0.166666666666666,2,0.00556535155389023,96.021164021164
1214,189,0.00423666796485396,0.166666666666666,2,0.00556535155389023,96.021164021164
1668,172,0.0273994549984311,0.333333333333333,2,0.0272825566801802,15453.9069767441
90,1491,0.0250950398663798,0.487179487179487,688,0.0257709339774557,333.199195171026
744,160,0.0263594970356763,0.666666666666666,6,0.0257338015709554,18489.54375
2012,43,0.0119565402408312,0.25,0,0.0080486529555301,3736
411,70,0.0117010857967293,0.113456464379947,4,0.0102211434085637,17779.6714285714
2040,479,0.0065238507301211,0.25,3,0.00967621326553503,279.185803757828
1620,479,0.0065238507301211,0.25,3,0.00967621326553503,279.185803757828
1276,408,0.0363626245728307,0.5,131,0.0199306289461561,180.897058823529
3277,776,0.0665877838908908,0.5,140,0.0764145647647899,544.068298969072
1115,327,0.00949314454503273,0.2,3,0.0094541165163066,699.984709480122
706,313,0.024562447318944,0.777777777777777,27,0.0286523061895216,7849.76038338658
976,238,0.0274959961665354,0.78125,0,0.026066646971429,19626.806722689
137,538,0.0210362303891889,0.2,8,0.0275281260701876,22193.4553903345
2266,86,0.00292698758805619,0.0127272727272727,1,0.00645709774710037,574.453488372093
2156,266,0.00782505312298984,0.1,1,0.00762716801664896,33361.1541353383
1427,392,0.0308783507597117,0.5,178,0.0113252068547316,11375.4285714285
2269,158,0.0118172121528347,0.039288506645817,0,0.0116952069748683,23335.8607594936
1720,158,0.0118172121528347,0.039288506645817,0,0.0116952069748683,23335.8607594936
108,131,0.011881762918421,0.0945273631840796,20,0.0121745315414644,17772.6793893129
2933,425,0.0265928182606503,0.772727272727272,1,0.0264589163123832,19625.3647058823
2917,224,0.0141309226044522,0.523809523809523,14,0.0118976843532437,19914.2142857142
2424,188,0.0121149747212455,0.046938775510204,1,0.0124504988436956,19953.0585106382
2022,188,0.0121149747212455,0.046938775510204,1,0.0124504988436956,19953.0585106382
1305,104,0.0135278763289921,0.0483356869074036,0,0.0166520865227398,18465.5769230769
3379,122,0.0147610754527687,0.333333333333333,5,0.0115146802917546,442.770491803278
116,790,0.0268640911790127,0.5,389,0.0264723552677692,303.39746835443
439,110,0.0172405389623303,0.5,1,0.0307053993763942,1454.88181818181
2406,330,0.0454533351240565,0.401709401709401,122,0.038562498023382,287.451515151515
3497,193,0.00981159932348761,0.157480314960629,5,0.0095075631054063,868.683937823834
1481,167,0.0116406180213309,0.0526315789473684,5,0.0122048535756512,18196.8443113772
2313,60,0.0310526144105327,0.111507582515611,0,0.0365438477035497,7122.95
1927,110,0.0161618130347949,0.166666666666666,2,0.021430247999254,8482.06363636363
2649,39,0.00628502611547489,0.0115458627325208,0,0.00720966287352944,5060.87179487179
2674,400,0.0370962613942228,0.801204819277108,11,0.036927509806541,14895.67
3334,1027,0.0114088904708068,0.142857142857142,0,0.0169726449674477,1683.90555014605
853,188,0.0134075471519302,0.451612903225806,176,0.00987754434749395,14706.1489361702
1395,625,0.00713561688987592,0.153846153846153,0,0.00704709450031916,35071.4752
3278,377,0.0196286140768575,0.818181818181818,30,0.0440184331797235,71.9496021220159
1433,1291,0.087518607859987,0.45,0,0.106307056974746,529.879938032532
2539,218,0.00540936652557735,0.5,19,0.00942494900198827,177.646788990825
2238,815,0.0140271982584299,0.666666666666666,5,0.0160294303141214,2295.70061349693
3602,298,0.0270552055107775,0.555555555555555,1,0.0262434199741648,20654.9697986577
162,101,0.00845949497301131,0.0320539679879326,1,0.011347106736558,16914.504950495
2055,100,0.0341075232137849,0.666666666666666,1,0.0186957480388061,17234.4
407,100,0.0341075232137849,0.666666666666666,1,0.0186957480388061,17234.4
1165,527,0.0220062716435578,0.851851851851851,14,0.0136707880031262,19563.7305502846
1487,106,0.0578947537638309,0.214035087719298,1,0.032595780806581,5089.5
1738,27,0.0575562953763475,0.625,6,0.0287244656829281,1410.59259259259
2488,27,0.0526839460837929,0.444444444444444,0,0.0151068216965461,5173.03703703703
1557,269,0.00646848289351936,0.0363636363636363,3,0.00679938947508129,5601.85873605947
911,253,0.00665885935157601,0.2,8,0.00679705033664636,61.6403162055335
3273,2106,0.006835300843768,0.333333333333333,0,0.00635098700680679,1301.14150047483
1548,2106,0.006835300843768,0.333333333333333,0,0.00635098700680679,1301.14150047483
1953,207,0.0135807684170732,0.538461538461538,4,0.0110763101366838,18518
1540,96,0.0112748702179487,0.48,2,0.013072498538956,1015.96875
1493,152,0.0133093115669136,0.21090909090909,1,0.0123768558346052,948.28947368421
30,63,0.00945050100022245,0.125,1,0.00856300594263254,678.444444444444
2695,305,0.01015946738671,0.301255230125523,6,0.00789943167121539,5425.16721311475
583,54,0.0255767821043842,0.207100591715976,0,0.0212050966908847,1190.31481481481
1575,294,0.0143397967334959,0.333333333333333,1,0.0288776105294879,1568.90136054421
1083,77,0.0148413505690737,0.5,1,0.00783219362440997,9577.51948051948
1109,509,0.0622921332928058,0.916666666666666,0,0.0151552387974113,71.9469548133595
2439,107,0.00341967925934725,0.0306122448979591,4,0.00823306949580816,1675.48598130841
3370,32,0.0550807327570328,0.888888888888888,0,0.0204815809669992,10424
2265,463,0.0442415294132817,0.666666666666666,147,0.025325349537048,8634.84017278617
2579,1628,0.105187187088701,0.317880794701986,18,0.110757853865519,603.370393120393
1444,212,0.0330894335063011,0.6,11,0.0278032952443246,15245.2405660377
714,212,0.0330894335063011,0.6,11,0.0278032952443246,15245.2405660377
1089,4023,0.0467760853231282,0.557692307692307,1,0.106895568872266,71.5118071091225
616,36,0.0202240572008247,0.0909090909090909,0,0.024817790120979,15363.0833333333
2060,202,0.0175236598864605,0.75,10,0.0199642908845244,10258.9108910891
39,476,0.0271222829138031,0.275862068965517,243,0.0283042472008506,335.861344537815
1406,70,0.00970635698164291,0.0416666666666666,0,0.0103510340930777,19088.5
676,151,0.110397755735354,0.930555555555555,2,0.108532115265324,587.185430463576
2052,58,0.0152653506713998,0.2,0,0.0108213963738355,17212.0689655172
2437,278,0.245134059009089,0.92079207920792,3,0.0451171035127077,13568.2086330935
405,354,0.00658125678349251,0.333333333333333,38,0.0166388501895393,5202.9209039548
2985,463,0.0257838141882175,0.112843382090617,1,0.0267457828085565,21654.6522678185
2831,820,0.0256063039287466,0.879770992366412,350,0.0296224839123325,310.986585365853
3539,214,0.0927472120554724,0.238900634249471,0,0.106041578277471,550.700934579439
2669,214,0.0927472120554724,0.238900634249471,0,0.106041578277471,550.700934579439
3314,264,0.0390512640552279,0.819277108433734,2,0.0258746291712746,863.136363636363
156,284,0.0136308255825434,0.71875,6,0.00691683256034883,659.75
2726,762,0.0171050501685801,0.272727272727272,3,0.0170448709694882,19344.6482939632
2943,119,0.0117930196185464,0.181818181818181,1,0.0111502805772252,19043.8739495798
1556,311,0.019685240836887,0.248157248157248,24,0.0127781746691572,18196.9742765273
163,170,0.0200469128454719,0.88235294117647,0,0.0129922172190908,16499.4705882352
3103,119,0.0146364160152247,0.48,1,0.0106420345349717,18469.6470588235
2594,37,0.0105005184220128,0.214285714285714,0,0.0086996336996337,118.054054054054
2030,258,0.0381374909222025,0.232558139534883,7,0.0255788029769578,7329.68217054263
3568,493,0.160366171837396,0.9,1,0.0506634512386424,15069.3346855983
1799,236,0.0247999966553164,0.166666666666666,1,0.0275118409569454,17459.5084745762
1734,244,0.0038692811320583,0.333333333333333,1,0.0218401890759953,1886.65573770491
3688,276,0.0298244342452539,0.888198757763975,6,0.0155959829694614,10547.1231884057
818,1455,0.16366660626997,0.875,781,0.0579418841347551,6901.25085910652
3533,344,0.0253623537811482,0.333333333333333,8,0.0264837242298186,18292.2790697674
987,46,0.0198268304734529,0.333333333333333,0,0.0129054366380318,20363.8478260869
1373,264,0.0191657002288797,0.5,39,0.0127555555555555,1107.95454545454
246,41,0.0112916124157347,0.0457142857142857,2,0.011465634768718,17711.4634146341
1300,40,0.00997102384875895,0.0221666666666666,0,0.0106035696401069,21167.4
2655,457,0.0162248475492621,0.25,3,0.0160623583652418,560.043763676148
1506,457,0.0162248475492621,0.25,3,0.0160623583652418,560.043763676148
483,457,0.0162248475492621,0.25,3,0.0160623583652418,560.043763676148
44,457,0.0162248475492621,0.25,3,0.0160623583652418,560.043763676148
1751,95,0.011299739575168,0.5,0,0.0305005705214069,1060.8947368421
1676,84,0.0194740826617319,0.333333333333333,2,0.021891655876419,395.345238095238
1872,342,0.00472043329516203,0.0625,2,0.0108621001122871,14858.5204678362
310,342,0.00472043329516203,0.0625,2,0.0108621001122871,14858.5204678362
3137,88,0.0264161461553033,0.5,3,0.0186732130666854,5975.98863636363
1206,571,0.02280613106538,0.857142857142857,0,0.0192620798046718,8435.21891418564
1440,256,0.0446297343559566,0.5,7,0.0351511059967952,20031.59765625
512,196,0.0113072261039067,0.0428285318132799,0,0.0108046033950412,26572.6683673469
3553,98,0.0135725844249884,0.7,9,0.00836197083560365,1891.45918367346
2731,9,0.818845204462674,1,8,0.760706431793964,4901
3323,402,0.0307918013001978,0.333333333333333,0,0.0387887340740593,750.910447761194
2697,186,0.0296783054212985,0.4,0,0.0393422487205781,12115.8978494623
3397,207,0.0231744848078723,0.609053497942386,8,0.0128859536654006,599.086956521739
2382,217,0.035361599102027,0.898876404494382,1,0.0182260794768445,3343.0599078341
954,369,0.0541305370629416,0.511961722488038,30,0.0609281030208237,23110.2276422764
697,369,0.0541305370629416,0.511961722488038,30,0.0609281030208237,23110.2276422764
404,143,0.0106992547236988,0.1,3,0.0103291357049583,19637.5734265734
2006,801,0.0105601393920705,0.5,0,0.0105629048897747,18946.9500624219
1905,801,0.0105601393920705,0.5,0,0.0105629048897747,18946.9500624219
2357,264,0.0131814637960044,0.25,5,0.0377218246182648,4637.41666666666
1403,429,0.0116542165140985,0.222222222222222,0,0.0111823292004355,19903.4055944055
1049,84,0.0161529557966679,0.0909418548774627,0,0.0192956122965162,7177.79761904761
308,111,0.0260724449035458,0.5,1,0.0117181660831595,18321.4414414414
79,111,0.0260724449035458,0.5,1,0.0117181660831595,18321.4414414414
3625,250,0.0122651231881884,0.0440881763527054,2,0.0120380339035196,20854.236
2534,100,0.0114931259812848,0.0321135175504107,0,0.0121158248502264,1642.48
3674,421,0.0241164509221365,0.25,8,0.0283161731807332,15762.0403800475
3254,81,0.00611176467425287,0.0131621187800963,0,0.00699290915094498,4411.87654320987
1598,154,0.017897119934624,0.125,0,0.0182633638193875,7350.60389610389
782,115,0.0235295129543911,0.375,5,0.0261074616809836,154.878260869565
276,213,0.0077990109527172,0.417061611374407,0,0.0115860301831974,930.779342723004
722,566,0.03366941713933,0.2,1,0.0432695842683915,12038.422261484
13,17,0.149154538925397,0.411764705882352,0,0.139111278276288,1094.76470588235
675,89,0.0247003675331506,0.0988084249391625,1,0.027636933375557,18946.7191011235
1228,85,0.00149917109061631,0.0764705882352941,2,0.00762476894639556,101.835294117647
2624,505,0.0494778910316142,0.333333333333333,1,0.054406260462122,11048.8158415841
1831,214,0.0422404235371343,0.5,0,0.0342359546384086,15709.6962616822
2651,744,0.02849262692019,0.459770114942528,0,0.0289925630796898,541.110215053763
412,351,0.0424065681496718,0.888888888888888,6,0.0150061990686941,17147.1396011396
2587,188,0.024394712497665,0.571428571428571,3,0.0202241568351967,15689.0531914893
2215,66,0.00941715708904567,0.130434782608695,6,0.0102840883315103,12023.5757575757
2096,88,0.0379918142386504,0.0960700451904454,0,0.0435685214365668,17877.534090909
3077,3011,0.00900658332199557,0.333333333333333,0,0.00893940259095554,1140.00531384921
224,224,0.0232140375674965,0.0853917879928022,12,0.027272732261488,16270.3392857142
1649,151,0.0165932080858421,0.096551724137931,0,0.0166642453293262,7703.76821192053
1082,1807,0.0559219905237661,0.545454545454545,14,0.0332483398465894,10011.50968456
2728,126,0.0239215016202454,0.0714285714285714,1,0.0256971523112525,19586.1984126984
3083,36,0.0212662227570634,0.0400445667846375,0,0.0219019679381696,14922.5555555555
1211,73,0.0247139382344784,0.333333333333333,0,0.0204557102867149,17827.3561643835
2296,293,0.0255416600105579,0.2,4,0.0267754554607098,19583.928327645
3129,221,0.0148061398682367,0.0295668549905838,0,0.0161859782282048,11021.7737556561
934,101,0.0308840782747753,0.491066282420749,5,0.0325050235036323,2177.88118811881
291,604,0.0237131027239407,0.531645569620253,31,0.0252987335523451,17970.0380794702
2535,18,0.0204758700730752,0.114079422382671,15,0.0217653563888609,3315.66666666666
1259,91,0.0169839480096445,0.0537124802527646,5,0.01864820542055,16732.0109890109
794,167,0.0122503385507505,0.2,0,0.0113338294575408,21041.3473053892
1157,195,0.0242469765427703,0.2,15,0.025315854218693,19426.3589743589
2536,573,0.0161942844484463,0.894736842105263,4,0.0125102438702145,20130.797556719
2584,1266,0.021585856899351,0.452786734223859,322,0.0145058811071913,8116.06319115323
1374,408,0.033783613862409,0.576923076923076,14,0.0261570795449353,214.578431372549
3605,108,0.023604927360171,0.0564281256500936,0,0.0259364292427482,20383.5277777777
3584,98,0.022035708293876,0.5,2,0.0141999443347338,15398.1632653061
756,149,0.0275625031796722,0.48558246828143,4,0.0302145500438512,627.503355704698
2284,471,0.107118832066451,0.504587155963302,2,0.108945148520774,638.783439490445
1315,471,0.107118832066451,0.504587155963302,2,0.108945148520774,638.783439490445
3591,206,0.0104622317604282,0.25,2,0.0239604317914021,1021.70873786407
3350,206,0.0104622317604282,0.25,2,0.0239604317914021,1021.70873786407
2709,206,0.0104622317604282,0.25,2,0.0239604317914021,1021.70873786407
1961,206,0.0104622317604282,0.25,2,0.0239604317914021,1021.70873786407
1654,206,0.0104622317604282,0.25,2,0.0239604317914021,1021.70873786407
1571,206,0.0104622317604282,0.25,2,0.0239604317914021,1021.70873786407
1453,206,0.0104622317604282,0.25,2,0.0239604317914021,1021.70873786407
547,104,0.0110519172534475,0.181818181818181,0,0.0106355166840954,20228.8461538461
2852,104,0.0438080893772206,0.285714285714285,0,0.0577348114373227,7735.13461538461
348,92,0.0251185411406976,0.164205344585091,2,0.0560726523860164,3219.61956521739
3485,180,0.0072527351093366,0.0571428571428571,1,0.00686308512869029,5590.29444444444
1293,165,0.0114690066350163,0.125,5,0.00902135231316726,340.60606060606
3444,577,0.0246507512410486,0.166666666666666,0,0.0283042227798372,31657.3396880415
3310,256,0.024236123142139,0.642857142857142,14,0.0261278711662419,13229.2578125
2349,198,0.0269958709861808,0.208791208791208,27,0.0260491487863311,13489.6515151515
1864,439,0.0258206696980736,0.110165329841217,9,0.0262504350395656,21985.0136674259
3249,163,0.0471399344093621,0.787878787878787,0,0.00540648847709756,1775.87116564417
2455,1714,0.0726346455833094,0.4,0,0.0868846752125076,529.598599766627
2646,590,0.0075165130995036,0.111111111111111,0,0.00754546379342072,33572.533898305
713,590,0.0075165130995036,0.111111111111111,0,0.00754546379342072,33572.533898305
850,94,0.0207717073751985,0.714285714285714,9,0.0112730114223989,925.765957446808
2833,180,0.00994835633933649,0.333333333333333,0,0.0109665259849696,2340.45555555555
2527,299,0.0175775645213216,0.285714285714285,0,0.0143910452740376,18967.8060200668
2712,632,0.00832900018578067,0.5,0,0.00895988601490574,635.215189873417
1532,632,0.00832900018578067,0.5,0,0.00895988601490574,635.215189873417
3585,1172,0.0706244456408602,0.385749385749385,0,0.0290172917670296,13983.3063139931
1639,199,0.0457567104332515,0.894736842105263,2,0.0266789022891183,12709.6834170854
1326,339,0.011663214833516,0.5,3,0.0366517929531027,491.188790560472
1619,122,0.0235109832837549,0.0813594232749742,1,0.0245540163630995,21876.4918032786
3512,445,0.0236845151907671,0.772727272727272,0,0.0234587759392269,141.103370786516
3090,183,0.0160039141443948,0.126571941858566,0,0.0160883806054413,21264.7103825136
262,500,0.0251429096435744,0.891891891891891,10,0.0244758788243277,19833.486
3619,75,0.012012083989327,0.0396039603960396,1,0.0197662141779788,1768
1547,123,0.026562485293979,0.25,0,0.0264721850663752,18987.8699186991
3252,102,0.0490619817570235,0.127256730600035,0,0.0515801107077867,20580.5882352941
1533,424,0.107691218028386,0.666666666666666,0,0.0747388024506395,1075.19103773584
1379,138,0.0244605447465857,0.444444444444444,0,0.0209977245511682,16066.268115942
2374,396,0.00633946436983077,0.075,10,0.00901264544608258,21427.2449494949
1472,256,0.0146013574268633,0.108605993951058,0,0.013811616697206,19736.2734375
2689,379,0.0122456416879585,0.4,0,0.0102344537694183,23282.8839050131
1307,116,0.0371696780253394,0.432203389830508,15,0.0310386381648228,794.060344827586
2528,24,0.00904503314735331,0.0242219125356692,2,0.012640426426656,15258.5833333333
1804,158,0.0164632956276261,0.333333333333333,0,0.0126105235589745,15563.1518987341
694,158,0.0164632956276261,0.333333333333333,0,0.0126105235589745,15563.1518987341
575,345,0.023396626140091,0.4,3,0.0202493239543088,18451.2869565217
1289,470,0.0106521465342811,0.5,0,0.00939268324779576,129.344680851063
938,569,0.00587569764410467,0.5,0,0.00684717022579303,376.022847100175
193,41,0.0550186480522211,0.333847577908053,0,0.0385227817745803,6356.70731707317
792,621,0.0251185910662579,0.894736842105263,90,0.0253139307803231,15104.5636070853
2104,53,0.0464883984990024,0.655172413793103,6,0.0273782095190651,4545
698,53,0.0464883984990024,0.655172413793103,6,0.0273782095190651,4545
851,139,0.0249424533478142,0.5,2,0.0244807630111782,13435.5971223021
1369,141,0.0145846943716109,0.161290322580645,1,0.0152306685875847,15221.2482269503
508,108,0.00202492169062703,0.0227272727272727,0,0.00378579295154185,134.518518518518
3038,149,0.0133392457644647,0.272727272727272,0,0.0111166462748265,18079.7852348993
148,106,0.00890886504667317,0.0606060606060606,2,0.00902055935624623,20124.8867924528
1776,45,0.0274047674926531,0.457831325301204,2,0.0878350229134842,320.044444444444
3461,213,0.0119884507099709,0.0598611914401388,0,0.0113659221068452,23340.5070422535
1924,357,0.0365562295739374,0.916666666666666,5,0.0195224016439841,15671.431372549
524,99,0.0875406941169971,0.5,0,0.0337063600857295,14855.2727272727
3156,132,0.0403433282652972,0.22707423580786,0,0.0451441164277454,347.204545454545
2278,151,0.0102891588984575,0.0258707132829734,1,0.0104117456233294,21476
3202,107,0.029964612919158,0.384615384615384,0,0.0258654458992634,16056.4953271028
2954,226,0.0358590746567553,0.6,0,0.0239539023139348,146.66814159292
2310,39,0.00903662291648462,0.0243389802009332,0,0.0103913954680013,21117.0769230769
3087,119,0.00922524983423248,0.0714285714285714,0,0.0144199172920378,14167.4957983193
1265,562,0.0812146096967437,0.5,40,0.0696857465691908,736.989323843416
2796,519,0.00705588174482689,0.333333333333333,37,0.00762558682499435,306.998073217726
2776,417,0.0632474478841466,0.234567901234567,63,0.0678731960865045,13477.5587529976
1722,87,0.0196458251835307,0.272727272727272,0,0.0177655539047573,17314.2758620689
943,122,0.00684341484358707,0.112903225806451,2,0.00549054905490549,91.0655737704918
1456,62,0.0212222274541039,0.0516473022441508,0,0.0252088711244344,17432.4193548387
1282,854,0.00970139536931323,0.375,0,0.0109819353602146,3127.981264637
539,678,0.0167378418864639,0.56,20,0.011706655724889,19734.3805309734
1351,86,0.155881948598282,0.98076923076923,42,0.0144890056893635,1663.65116279069
3045,357,0.00443498480350302,0.5,3,0.00956475357371453,1312.88515406162
1763,196,0.0596673759968584,0.908333333333333,0,0.0688548384193585,6235.9081632653
724,583,0.0205937400659564,0.5,41,0.0108033778428547,17646.6312178387
1594,60,0.00810879280445563,0.0319683214216727,0,0.0101618780903858,16199.4333333333
1298,572,0.0143324986086805,0.5,14,0.0211556788065266,2261.95279720279
2288,558,0.012342173052604,0.6875,14,0.01159506971844,16078.2401433691
1469,153,0.0298040020361964,0.142857142857142,0,0.0326583141843338,16098.954248366
2001,73,0.00840506390038745,0.0297774212953679,2,0.00954126990629919,18724.7123287671
2648,189,0.0305504469589321,0.555555555555555,26,0.0249346893660801,19027.91005291
99,476,0.00686831360351457,0.25,2,0.00704932056143508,2979.01050420168
501,124,0.0353438674179447,0.860544217687074,0,0.0230412151260837,15465.2741935483
106,69,0.0147816920518699,0.0883582089552238,1,0.0169371988286088,4048.20289855072
3471,390,0.0204457085448139,0.498783454987834,204,0.0136850095600731,9407.44871794871
1110,268,0.00946153496763801,0.59375,3,0.00771082570601102,4885.55223880597
2361,40,0.00723174045349747,0.0258457659172095,0,0.00760797270913342,5826.125
2899,96,0.0411963728778853,0.444444444444444,1,0.0260798979272642,18581.5208333333
3639,59,0.00365627764843354,0.072139303482587,0,0.0184885034486145,2415.61016949152
1169,728,0.0100549630330508,0.423312883435582,26,0.00946807655764749,1162.37912087912
572,393,0.0126286688593757,0.5,3,0.0107799423667221,17876.475826972
1391,630,0.0164793022038236,0.652173913043478,3,0.029295957808041,2680.41746031746
2495,6,0.0010482180293501,0.00628930817610062,6,0.00452488687782805,36.8333333333333
2530,330,0.0136631130373535,0.5,0,0.0197575305694964,6332.06969696969
1911,476,0.0491315811822167,0.25,7,0.0523517692768,12624.6806722689
1527,25,0.0222637563221564,0.140306122448979,0,0.0178161868589567,4360.08
1787,1438,0.0348571948942522,1,0,0.0155991591180259,7245.85257301808
1125,263,0.029827590282707,0.724489795918367,5,0.0263200746110179,19194.0988593155
3663,194,0.0151760469821983,0.045192653943104,3,0.0169663067068152,18243.2525773195
87,354,0.0095562393419162,0.0457871899488375,16,0.010377888286427,15970.7768361581
1230,66,0.00604635698679585,0.2,0,0.0166666666666666,9.09090909090909
2038,306,0.00868159921933692,0.333333333333333,0,0.00857159293562676,56.8071895424836
2850,106,0.000526527375359996,0.0277777777777777,0,0.00701480904130943,1355.62264150943
1311,79,0.0570323565743515,0.633079847908745,0,0.0554715826137672,20140.7721518987
1606,339,0.100761379454459,0.269938650306748,0,0.109862526052099,581.713864306784
608,781,0.0204763909724093,0.653846153846153,59,0.0122484101657038,19021.099871959
380,781,0.0204763909724093,0.653846153846153,59,0.0122484101657038,19021.099871959
912,12,0.0425077066761264,0.333333333333333,3,0.061365619082069,3916.41666666666
3042,462,0.0127036138264982,0.828571428571428,8,0.0139388609628269,3960.24458874458
2812,70,0.039007074207908,0.166666666666666,0,0.0475302811035676,15350.2142857142
1991,588,0.00476220202836605,0.333333333333333,16,0.00895112911799215,3471.42006802721
909,113,0.0147295848505766,0.1,0,0.0137497040227146,21639.7256637168
43,92,0.06205087611522,0.849056603773584,29,0.0285836724549326,23309.902173913
632,32,0.0180438306263476,0.2,2,0.0177259375931207,7340.9375
29,60,0.29344597733728,0.909090909090909,0,0.0667480504579506,12492.25
2617,164,0.0346968580907809,0.666666666666666,4,0.0200761719728061,19847.5792682926
1558,119,0.00873939393031363,0.181818181818181,118,0.00716276690110664,5058.84033613445
3514,84,0.0471708873702344,0.823529411764705,6,0.0268990463663268,181.011904761904
1545,84,0.0471708873702344,0.823529411764705,6,0.0268990463663268,181.011904761904
458,452,0.0107032557330293,0.444444444444444,0,0.00950414749410486,1138.06858407079
3049,239,0.100192415387718,0.5,6,0.0263282419135043,2502.3640167364
1113,17,0.00826335161946006,0.0173559822747415,15,0.0131832797427652,1097.64705882352
2317,49,0.00255707768579297,0.0260562992342863,2,0.0102814474439977,8527.34693877551
3106,338,0.0236364656245916,0.861111111111111,5,0.0136340946501702,20554.5443786982
2557,170,0.0196179209621026,0.333333333333333,1,0.0345074116852533,7725.87647058823
2248,170,0.0196179209621026,0.333333333333333,1,0.0345074116852533,7725.87647058823
2973,41,0.0169379136529225,0.0545594365969158,0,0.0156238238996332,21062.2682926829
3024,19,0.0558394436416889,0.555555555555555,1,0.00782459623997982,16486.4736842105
334,295,0.223725539503232,0.931818181818181,3,0.0545482955595924,14209.6440677966
904,150,0.00696505116785438,0.027689030883919,2,0.00755182325365706,5146.66
802,255,0.023051608203063,0.1,7,0.0268810526908264,16860.9176470588
2993,492,0.0218992775966026,0.125,19,0.0215307401672747,5627.51829268292
272,469,0.0185739088751962,0.0524255387844055,2,0.0189641815089807,21610.2601279317
1577,534,0.0326291695315097,0.25,1,0.0367241367618977,18502.9194756554
3070,1385,0.0874100920167016,0.5,38,0.111437949204357,481.095306859205
1630,1385,0.0874100920167016,0.5,38,0.111437949204357,481.095306859205
529,295,0.0574715827657245,0.365853658536585,71,0.0289953844975231,6814.17627118644
68,51,0.0111126275852469,0.25,0,0.0491130199032859,1504.33333333333
253,89,0.0313047119030792,0.234482758620689,0,0.0263575821245799,29262.202247191
936,143,0.0117064690035137,0.0446037735849056,0,0.0132413435626866,7393.13986013986
2553,37,0.024603283271117,0.196321321321321,6,0.0608040077601237,1100.56756756756
2303,181,0.0400622172516248,0.365638766519823,0,0.0342532639186928,888.24861878453
3565,169,0.0297514677188066,0.666666666666666,11,0.023184577327079,15048.0059171597
1,420,0.00876150329998314,0.791666666666666,0,0.00795903419467713,3722.03571428571
3009,24,0.0153573465452011,0.166744078030654,0,0.00895179855602357,5846.125
2700,230,0.0145138249929299,0.5,1,0.0169427234795802,6052.10434782608
323,53,0.0114838672683137,0.1,0,0.0120693091930943,15523.5471698113
435,107,0.0248908221672079,0.6,2,0.0181357661013302,15548.8691588785
1928,341,0.0180976957024365,0.106177606177606,58,0.0207990529742527,247.727272727272
1592,24,0.097023497028709,0.238095238095238,0,0.0876567317574511,8108.33333333333
3547,354,0.0247048778575525,0.208450704225352,79,0.0228333833645229,442.285310734463
40,638,0.00631746082793436,0.666666666666666,6,0.0116494255469726,2081.84952978056
655,485,0.0100215253163915,0.5,0,0.00823519238639125,25680.3319587628
2881,472,0.0274300243402225,0.692307692307692,2,0.0152386980720128,6138.61440677966
2597,378,0.0171437805889215,0.833333333333333,2,0.0105207448729428,20379.7407407407
105,41,0.0185497319200084,0.0883750530335171,1,0.027460302104783,14118.8292682926
1815,169,0.0438309986735979,0.757142857142857,4,0.0292355184310877,162.92899408284
1177,172,0.00939039905476249,0.0304777909330481,5,0.010433950704283,21987.1453488372
460,32,0.23682192088849,0.661241098677517,0,0.182157956007597,510.03125
2871,33,0.151216299332635,0.719696969696969,7,0.212335466562334,1084.33333333333
225,258,0.010613773087904,0.0380961707962001,0,0.0109782017649354,20706.996124031
2564,142,0.0156860076649567,0.25,3,0.0251687794699337,2780.94366197183
3177,122,0.0225726905333544,0.5,3,0.0145096383406832,15724.4262295081
151,409,0.0113373456801799,0.125,9,0.0117306004656524,19304.618581907
1769,199,0.0568886111947604,0.785714285714285,0,0.0455496929331372,12200.0502512562
2690,536,0.0124980878460446,0.15625,6,0.0117010180971363,20656.7686567164
2781,105,0.0113710088749587,0.0397766922540125,0,0.0115966679257317,21053.6666666666
2751,18,0.0901322589425033,0.247892074198988,0,0.120686403922308,294.611111111111
1108,113,0.0102538651016724,0.25,1,0.0161409773863993,872.29203539823
2656,100,0.0304154780367944,0.8125,4,0.0115213001815084,19404.06
1655,737,0.0161975552419023,0.333333333333333,54,0.0147595761135428,18976.4341926729
2438,137,0.0140095579239411,0.5,12,0.0155276773253348,4733.24817518248
3095,525,0.0106298580264007,0.429508196721311,6,0.00767736882986835,32207.4628571428
619,285,0.0236063717571035,0.0774334721535963,1,0.0242474545311564,13519.3789473684
10,157,0.0123764169663029,0.352941176470588,0,0.0114316208251305,18619.7133757961
207,198,0.0132353648541258,0.444444444444444,0,0.0105389657429834,17373.7171717171
3063,37,0.0194555745197293,0.0574989526602429,8,0.0262683886834432,14989.7567567567
115,37,0.0194555745197293,0.0574989526602429,8,0.0262683886834432,14989.7567567567
1950,111,0.0458524755551804,0.766666666666666,2,0.0345340321109455,16504.1531531531
58,17,0.17385792654201,0.726744186046511,0,0.0631505866561755,12709.1176470588
3697,204,0.00893480986957713,0.0441176470588235,4,0.0104046036808067,825.426470588235
1171,407,0.0297413596393832,0.8,4,0.0231532721625191,275.272727272727
986,47,0.0226561372552,0.0779770524674167,0,0.0267190246709691,17598.4255319148
3072,169,0.0225631768428161,0.727272727272727,1,0.0165689992712451,14395.9585798816
2109,296,0.0118984108823493,0.333333333333333,6,0.0564024745130656,1596.27364864864
1726,296,0.0118984108823493,0.333333333333333,6,0.0564024745130656,1596.27364864864
2080,383,0.0495405797381059,0.157437454202868,8,0.057180929598792,19629.2323759791
1949,383,0.0495405797381059,0.157437454202868,8,0.057180929598792,19629.2323759791
205,384,0.0228122389105654,0.666666666666666,43,0.014340200577331,15500.5677083333
1219,785,0.0746253064488453,0.912280701754385,5,0.0935210334070589,176.819108280254
462,262,0.00988322154663614,0.5,5,0.0155967716753704,1197.88931297709
476,22,0.0319934860869418,0.5,0,0.0113606155660491,18809
2499,75,0.0164177070556336,0.153846153846153,2,0.01495576950965,16917.44
624,106,0.017994237695613,0.1,36,0.025215269526098,10686.4716981132
1541,169,0.0125704468100165,0.125,2,0.0112528389662877,21882.1834319526
3312,59,0.0101558297601586,0.0349078640020763,1,0.0126677719918698,17286.627118644
386,59,0.0101558297601586,0.0349078640020763,1,0.0126677719918698,17286.627118644
209,560,0.0117901679800386,0.1875,1,0.0111988554240957,20004.9142857142
1119,634,0.0760955087184019,0.722222222222222,1,0.150049960868088,320.440063091482
557,184,0.00952708650638881,0.142857142857142,0,0.00934645293147857,31468.5760869565
2217,235,0.0116756804430814,0.048497070968981,0,0.0119015577310429,19351.659574468
2097,164,0.0298027772638267,0.859649122807017,0,0.0274932351478024,32861.2987804878
1827,81,0.0229804513821129,0.4,0,0.022796051491092,14955.4814814814
1208,207,0.0174848423958144,0.0515037955222446,4,0.0173640613238184,15254.729468599
3232,255,0.01547301360439,0.243337195828505,22,0.0161271804606235,512.349019607843
2471,255,0.01547301360439,0.243337195828505,22,0.0161271804606235,512.349019607843
393,70,0.0761018857719729,0.549450549450549,20,0.0504725399433988,6067.51428571428
1471,20,0.032495810060782,0.46774193548387,2,0.0145365152773724,4454.3
1729,493,0.0808029330899335,0.417283950617283,330,0.0693846818686752,765.085192697768
1891,107,0.025815708250262,0.75,4,0.0432265752157945,7458.85046728972
2966,35,0.0280200942348618,0.454545454545454,1,0.00985409786850795,11896.4285714285
3467,199,0.0221595545723379,0.444444444444444,3,0.0222698972511172,15787.1356783919
2420,843,0.0167276677889283,0.705426356589147,23,0.0395816779232119,4059.14709371293
3419,299,0.0129538663955179,0.333333333333333,3,0.0381775923346037,962.672240802675
2105,57,0.0183285011399487,0.696078431372549,3,0.0112508032060604,20750.1754385964
2170,303,0.0165969650263375,0.8,0,0.009270099918205,2469.34653465346
3376,367,0.0212578126401753,0.709677419354838,9,0.0136052587048033,18791.4196185286
1278,630,0.0675456503440473,0.6875,4,0.0419190865552912,9427.00476190476
3266,758,0.0162843575987644,0.0909090909090909,13,0.0158023803707404,16455.0540897097
1623,758,0.0162843575987644,0.0909090909090909,13,0.0158023803707404,16455.0540897097
2546,170,0.041382474689967,0.76,18,0.0150679925371698,3058.29411764705
682,269,0.0351612437776734,0.75,17,0.0465505896709658,5751.42750929368
2230,172,0.0143275533366283,0.25,3,0.0258222418092254,5052.65697674418
1750,370,0.0173764875509942,0.375,0,0.0142991499511049,15607.0513513513
3207,429,0.0313398364600421,0.5,0,0.0260220257849298,14098.331002331
820,53,0.0294660961419943,0.251968503937007,1,0.0258395111159643,18660.9056603773
3271,3,0.215691096870112,0.602996254681648,0,0.0258534828031956,15729.6666666666
1675,561,0.0156751229684683,0.25,10,0.0288540918731656,8619.49376114082
3346,280,0.0467423522908223,0.308114961961115,30,0.0303009342442603,15076.7392857142
1233,166,0.0612525864271803,0.621414913957935,30,0.0821018075493879,15105.9879518072
2337,834,0.048611836677522,0.278806584362139,0,0.00920587970030062,17096.9088729016
884,337,0.0163087122344473,0.0566957414058491,5,0.0149359379830439,18755.471810089
3130,152,0.0104455069644347,0.0260823861769923,1,0.011220586262118,20446.4407894736
3076,195,0.600764196908594,1,5,0.155981812740735,531.225641025641
500,234,0.035990662795944,0.666666666666666,3,0.0314954649802013,13898.4871794871
2583,165,0.0455320476804704,0.11339279292239,1,0.0501163720003139,20383.9515151515
3205,959,0.0221533586204164,0.14018691588785,1,0.0222180280394227,176.795620437956
1743,240,0.096374283392524,0.284210526315789,0,0.110993005329626,560.545833333333
506,120,0.034927213905172,0.304568527918781,9,0.0193320915508465,17331.7166666666
2952,170,0.0682866520067261,0.269841269841269,0,0.0283116591958532,4355.51176470588
1941,83,0.0152220192273031,0.146341463414634,1,0.0202631202631202,842.530120481927
1408,324,0.113540083415269,0.705882352941176,1,0.101731527808609,722.975308641975
424,293,0.00682398763451087,0.0271158586688578,2,0.00711160771481318,4874.9795221843
1361,238,0.106053939402305,0.289256198347107,12,0.115336317779685,592.239495798319
2793,231,0.0194181660806115,0.166666666666666,0,0.0203501727741476,15801.4761904761
1955,97,0.0210084522631597,0.214638665843113,0,0.0218153717531666,20691.4536082474
3228,153,0.0222472699422819,0.113636363636363,6,0.0251671614609992,18195.9803921568
2401,307,0.0245156311989792,0.181818181818181,4,0.0281706725091338,18506.8990228013
371,166,0.023296367958449,0.5,3,0.016990541980051,11197.2289156626
1832,172,0.00993464553418547,0.333333333333333,0,0.00872552660730768,18127.7790697674
3415,375,0.0166852496543175,0.0909090909090909,9,0.0144513808985484,18283.6506666666
978,207,0.00919703812926154,0.142857142857142,5,0.00929325503611622,886.830917874396
637,207,0.00919703812926154,0.142857142857142,5,0.00929325503611622,886.830917874396
2297,272,0.029569196674491,0.323275862068965,15,0.0183450031986868,14625.7169117647
3555,436,0.00735606571666276,0.333333333333333,2,0.0205139747381903,7112.85091743119
3127,582,0.00887551123520128,0.333333333333333,0,0.00800888096848056,815.675257731958
2774,1046,0.0834760225649891,0.666666666666666,87,0.086107143488341,595.027724665391
2136,1046,0.0834760225649891,0.666666666666666,87,0.086107143488341,595.027724665391
993,1046,0.0834760225649891,0.666666666666666,87,0.086107143488341,595.027724665391
898,1046,0.0834760225649891,0.666666666666666,87,0.086107143488341,595.027724665391
830,1046,0.0834760225649891,0.666666666666666,87,0.086107143488341,595.027724665391
292,1046,0.0834760225649891,0.666666666666666,87,0.086107143488341,595.027724665391
2921,70,0.0121034419425368,0.25,0,0.01005969853887,433.128571428571
1610,368,0.0191032574719085,0.5,4,0.0550774802871629,5757.60054347826
1482,419,0.0527395810779074,0.2,0,0.0590422648834658,21016.6181384248
764,79,0.0384623148183699,0.75,1,0.0252531590140556,19367.9240506329
982,359,0.00874457132277533,0.4,28,0.0157347195721869,858.41782729805
1628,2027,0.110264978648243,0.545454545454545,0,0.114530379888032,632.453379378391
2982,129,0.0180342124194458,0.333333333333333,0,0.0149913421835457,17459.6899224806
907,507,0.0257430190783826,0.454545454545454,241,0.0266777233930666,292.556213017751
3119,52,0.000412577131177915,0.00760623125868499,4,0.00719468325102128,946.211538461538
941,664,0.00764907831027711,0.5,49,0.0116707312610718,699.670180722891
3037,130,0.0158252750910377,0.666666666666666,1,0.0134404128653928,15531.2307692307
2242,231,0.0106091477614006,0.0322767046392603,1,0.0107804023226268,23606.6493506493
2825,298,0.0213875560350993,0.285714285714285,11,0.0215224095842297,16879.2382550335
2072,102,0.0410222400813902,0.647058823529411,2,0.0274259062983968,16446.4509803921
1365,472,0.0291207831406601,0.5,0,0.0198357713005419,20118.6991525423
2889,48,0.00902934605460726,0.0333333333333333,2,0.0106616149773537,16881.0416666666
690,564,0.00758834724462056,0.5,49,0.00868449446049945,3117.35992907801
3598,782,0.0260101644821839,0.951219512195121,103,0.0178812477586629,14559.4667519181
341,150,0.0265353643960632,0.5,1,0.0197020071419775,108.28
2625,478,0.00657865296635434,0.4,4,0.00644347947891861,29.8702928870292
1586,5,0.06,0.3,0,0.02803738317757,21.4
776,194,0.0112838535265854,0.2,1,0.00968097150356991,5659.41752577319
3091,191,0.029934692479878,0.769230769230769,4,0.0302269714529572,16047.1780104712
2832,177,0.0210009868101855,0.821917808219178,9,0.0168711065071709,18609.02259887
2419,381,0.012855843257027,0.0675778283978739,0,0.0124801743494849,21225.0551181102
2204,745,0.0245937750116473,0.733333333333333,391,0.0249975989033536,307.46577181208
3558,235,0.0641980397476223,0.831325301204819,0,0.0524750599597527,1190.51489361702
3575,203,0.00139773959398697,0.0335432639649507,0,0.0273401000220349,1766.11330049261
2928,203,0.00139773959398697,0.0335432639649507,0,0.0273401000220349,1766.11330049261
2305,203,0.00139773959398697,0.0335432639649507,0,0.0273401000220349,1766.11330049261
2112,203,0.00139773959398697,0.0335432639649507,0,0.0273401000220349,1766.11330049261
88,203,0.00139773959398697,0.0335432639649507,0,0.0273401000220349,1766.11330049261
2427,703,0.0254068468152185,0.5,21,0.0251200471446102,5271.75533428165
2606,68,0.0140172685947509,0.24396782841823,0,0.0118947424928825,16162.6029411764
3224,132,0.018629579337851,0.138888888888888,6,0.0257082341010402,15179.6666666666
2458,557,0.0639977601855301,0.764705882352941,11,0.0601288099845681,650.339317773788
3402,882,0.012178368224892,0.256756756756756,26,0.00889815172584497,3151.43537414965
962,51,0.013302078923489,0.0377451463486744,4,0.0156047594945396,13713.7647058823
2352,30,0.0168593186652601,0.166666666666666,1,0.0159663650114082,13002.3333333333
1682,95,0.0614428460101709,0.333333333333333,0,0.0101562196513923,12735.7789473684
2300,145,0.0372501407651417,0.666666666666666,6,0.0227334144034589,1633.32413793103
2860,165,0.0127737369663539,0.166666666666666,1,0.0121271165476606,20236.6424242424
3571,480,0.0244774734293791,0.528216704288939,38,0.020381964063736,17974.53125
174,158,0.0248432111057339,0.0596151317231403,0,0.0264894882689365,20523.7848101265
1461,1431,0.0144293962069841,0.76595744680851,2,0.0192415098193224,554.284416491963
2481,220,0.00708761745342622,0.0302860347728547,1,0.00717846194855391,5115.68181818181
2004,220,0.00708761745342622,0.0302860347728547,1,0.00717846194855391,5115.68181818181
2037,214,0.028999577641111,0.333333333333333,0,0.0324511885589827,16309.9018691588
2725,106,0.0092718443366459,0.188679245283018,3,0.00772185672969413,5307.16037735849
2809,196,0.0405603281109298,0.866666666666666,5,0.0286088246743355,904.352040816326
2169,196,0.0405603281109298,0.866666666666666,5,0.0286088246743355,904.352040816326
2145,25,0.0272612409272783,0.0935509109198614,2,0.0296900555548046,11836.96
2828,685,0.0153344029086491,0.818181818181818,101,0.0116302457469871,3737.92554744525
2967,76,0.0234935962364039,0.0752495233823034,0,0.0275365200357884,18794.6578947368
2433,7279,0.00453546399961032,0.608695652173913,6565,0.0140500423518023,20.436048907817
827,7279,0.00453546399961032,0.608695652173913,6565,0.0140500423518023,20.436048907817
1022,346,0.0109763529502417,0.0417495029821073,0,0.010787343383587,23851.8121387283
590,307,0.0254436546583954,0.25,135,0.0244088555753032,337.224755700325
1936,136,0.0229550163275855,0.4,0,0.0194459288177959,8324.74264705882
1126,535,0.050735773957067,0.5,73,0.0451431194099589,13537.091588785
164,145,0.0105825221535193,0.0356826022671266,3,0.0116176443037913,19878.8
2341,248,0.0178665259889746,0.272727272727272,0,0.0188066868219811,18320.0967741935
1886,248,0.0178665259889746,0.272727272727272,0,0.0188066868219811,18320.0967741935
1976,790,0.0115105114548799,0.5,0,0.0120545929993782,31854.1329113924
1209,162,0.0235930792496554,0.361067503924646,0,0.0163001781560732,16236.2839506172
3606,156,0.0261478651975623,0.25,5,0.0251974707516966,18013.8653846153
1464,156,0.0261478651975623,0.25,5,0.0251974707516966,18013.8653846153
3056,217,0.0118440407349173,0.666666666666666,0,0.00671259863037972,1768.46082949308
1919,303,0.0476023978420409,0.5,66,0.0291722818827412,14426.7557755775
517,128,0.0157931594801763,0.829457364341085,0,0.0146991501927863,9693.375
180,346,0.0271607193339018,0.447368421052631,14,0.0255752192383338,7542.86416184971
2891,271,0.10406715782487,0.322440087145969,0,0.116956126963274,573.022140221402
1355,271,0.10406715782487,0.322440087145969,0,0.116956126963274,573.022140221402
2020,121,0.00975388000271088,0.333333333333333,1,0.0285945967470433,2282.98347107438
3185,146,0.109468144782924,0.5,2,0.123536180870507,607.109589041095
233,127,0.034987120327387,0.571428571428571,13,0.0174454348844522,6134.76377952755
3493,114,0.0125788352702459,0.0728476821192053,0,0.0132919536749678,579.429824561403
1144,124,0.0179196332467348,0.249457700650759,0,0.0159104025223923,8593.99193548387
2843,401,0.0426029094442695,0.482295482295482,0,0.0639435340158635,356.845386533665
1561,646,0.109402418473308,0.329305135951661,0,0.114947889944391,597.390092879256
3144,148,0.0287181823406475,0.416666666666666,0,0.0286657636850867,18761.6689189189
2250,5,0.0012483249876578,0.00624162493828901,0,0.00623986462666572,5673.2
3626,351,0.0187744520860806,0.444444444444444,19,0.0230307714731594,6000.76638176638
1656,227,0.0079802262540988,0.1,9,0.00765876767883086,5348.74008810572
109,232,0.0364400159787954,0.5,107,0.0325947609076535,403.465517241379
1870,136,0.0289229758533035,0.5625,8,0.0264003632612395,16678.9705882352
1550,1056,0.103633647307486,0.34251968503937,0,0.0925650030830745,741.769886363636
3423,267,0.0282519050455601,0.333333333333333,3,0.027259267340175,20049.670411985
1436,788,0.0264718520643133,0.390715667311412,415,0.027356866986506,347.308375634517
1865,643,0.00804065686980881,0.473684210526315,4,0.00743301147115907,2823.7698289269
2359,275,0.0247922339589383,0.0835348608435463,6,0.0266760791667575,20012.0727272727
2531,425,0.0747142388485801,0.565420560747663,45,0.0456912025493433,17645.5129411764
256,130,0.017817439982967,0.666666666666666,0,0.0125305995239394,21374.1384615384
1129,180,0.00928628274190121,0.5,14,0.00999991099682744,6866.17222222222
2340,704,0.0156658708433162,0.5,582,0.0247995357135616,3362.93181818181
3401,375,0.00474762238469403,0.333333333333333,103,0.00681566931026195,277.4
3659,198,0.00841749242169094,0.285714285714285,15,0.0115708039017827,375.378787878787
930,198,0.00841749242169094,0.285714285714285,15,0.0115708039017827,375.378787878787
2923,107,0.0132348287364245,0.166666666666666,0,0.0116583164843768,18239.7570093457
514,122,0.00745891434453755,0.03125,3,0.00989977728285078,736.065573770491
2571,172,0.0169580539807928,0.4,17,0.0117874683732698,17774.0988372093
3343,119,0.00545768618672552,0.142857142857142,15,0.00990463317564016,1119.0756302521
3265,119,0.00545768618672552,0.142857142857142,15,0.00990463317564016,1119.0756302521
2946,119,0.00545768618672552,0.142857142857142,15,0.00990463317564016,1119.0756302521
2591,119,0.00545768618672552,0.142857142857142,15,0.00990463317564016,1119.0756302521
2511,119,0.00545768618672552,0.142857142857142,15,0.00990463317564016,1119.0756302521
2402,119,0.00545768618672552,0.142857142857142,15,0.00990463317564016,1119.0756302521
2292,119,0.00545768618672552,0.142857142857142,15,0.00990463317564016,1119.0756302521
401,119,0.00545768618672552,0.142857142857142,15,0.00990463317564016,1119.0756302521
136,119,0.00545768618672552,0.142857142857142,15,0.00990463317564016,1119.0756302521
1078,1040,0.0267227017598183,0.144818533366445,8,0.034864792807791,13935.5923076923
1486,79,0.0182934687669541,0.455284552845528,0,0.0161791868321993,541.405063291139
2486,228,0.0149778137409681,0.722222222222222,1,0.0107410344455006,22488.3596491228
3411,577,0.0415396511915949,0.325,14,0.0119602261268421,6101.38994800693
331,379,0.00918908476924317,0.25,7,0.00740293735729449,4608.45382585751
3524,149,0.0637506002848898,0.365235385411277,34,0.0248765423940863,12187.9731543624
28,376,0.0977751038768402,0.365853658536585,10,0.0907789044617457,689.01329787234
3361,71,0.0159069966483016,0.0714285714285714,2,0.0133715267281791,14676.9718309859
1980,185,0.0243644133733025,0.0883750530335171,2,0.0263438140660573,19993.6162162162
1867,38,0.0236267155856976,0.285714285714285,3,0.0167660542795292,14964.447368421
1669,265,0.144853777726029,1,0,0.0785729148932145,997.415094339622
2756,551,0.0298084024439027,0.5625,9,0.0268408580526867,19024.2105263157
3472,89,0.0118700785993605,0.5,6,0.0277801232795744,1064.53932584269
533,17,0.00383901165529144,0.0259740259740259,5,0.00773043713561782,9564.94117647058
677,303,0.047357767944677,0.608695652173913,0,0.0472881911692693,6854.32673267326
895,705,0.0258279415855669,0.25,3,0.0302127511761853,18253.2014184397
595,510,0.0720494227374407,0.673076923076923,23,0.0452881919128356,1099.92745098039
719,252,0.0338350447681674,0.428571428571428,0,0.0315874709335379,12947.5436507936
3066,372,0.0279822370501529,0.415175612988734,0,0.0309541735882328,2024.41129032258
318,163,0.0201828644906645,0.142857142857142,10,0.0197414251784078,1118.44785276073
2348,863,0.0282144950248963,0.141368028608384,4,0.0301711941994305,19743.4565469293
1847,863,0.0282144950248963,0.141368028608384,4,0.0301711941994305,19743.4565469293
2755,255,0.00842583070418915,0.5,2,0.0127815300744421,1818.49411764705
2750,162,0.089752968625581,0.248826291079812,0,0.0990779034436191,585.086419753086
1753,807,0.0248016657578324,0.666666666666666,99,0.0234344214623713,12210.667905824
2320,1396,0.013303388444578,0.666666666666666,20,0.0211292937941404,3980.74426934097
1749,83,0.0330011605777735,0.866666666666666,0,0.0100920180152924,20788.2289156626
3500,132,0.01161571588098,0.4,0,0.0184887459807073,18.8484848484848
1989,99,0.0171032103115651,0.125,2,0.026449248111645,13161.4747474747
2588,523,0.0439922259980334,0.5,184,0.019268809430571,190.422562141491
2089,225,0.0115911227428375,0.2,1,0.0111587828901651,19826.9333333333
1747,143,0.0421019240181084,0.5,0,0.0435337333808064,20131.6433566433
428,218,0.0187822150347442,0.25,0,0.019253774652695,17657.9220183486
2918,452,0.0197077466838781,0.783333333333333,34,0.0143047476709591,16925.8119469026
1196,157,0.0273279166096309,0.642857142857142,1,0.0245620226122219,10721.331210191
46,241,0.00442262381202187,0.5,11,0.00561718859710714,29.5477178423236
195,265,0.0080214081084716,0.125,1,0.007384758523724,5807.98490566037
2714,214,0.0153622436187101,0.116279069767441,5,0.0140688229294622,18560.2943925233
2201,179,0.0246539121913082,0.19047619047619,27,0.024468477561602,15431.3240223463
3188,366,0.0261405759846021,0.2,1,0.0264200231216289,19866.431693989
2884,136,0.112685367899345,0.728904847396768,0,0.145802495242123,139.088235294117
494,540,0.00791482268493043,0.158536585365853,6,0.00801574836879562,31212.1685185185
2385,1798,0.0962816637082951,0.466666666666666,567,0.0983387354907815,618.924916573971
1149,135,0.0235344494898821,0.0729790917565588,2,0.0230366426004181,7036.13333333333
3474,301,0.0175333148208077,0.666666666666666,31,0.012060290902103,17945.5514950166
247,301,0.0175333148208077,0.666666666666666,31,0.012060290902103,17945.5514950166
2168,154,0.023809853725472,0.285714285714285,1,0.0259072146240867,17283.7077922077
804,154,0.023809853725472,0.285714285714285,1,0.0259072146240867,17283.7077922077
469,332,0.0130097612560793,0.166666666666666,7,0.0107536177449076,20417.0572289156
1042,156,0.00657011076981614,0.0165680473372781,0,0.00655025578005772,1121.50641025641
194,155,0.00473569792098284,0.333333333333333,0,0.0078401751167702,2092.6129032258
1112,211,0.01482323238795,0.631578947368421,0,0.0123546555720646,14841.7677725118
799,423,0.0567982760959407,0.384615384615384,0,0.0581299072091363,165.602836879432
3347,814,0.0312357872694321,0.933908045977011,4,0.0268837599329153,123.061425061425
1727,479,0.0493337552644094,0.81081081081081,12,0.0381226095371021,15908.9478079331
1608,185,0.0190689107247378,0.666666666666666,1,0.0178895854874216,4778.25945945945
2811,149,0.0140573610372451,0.0815575054841742,5,0.0161052142998862,18638.3422818791
1631,223,0.0415507795778169,0.139895998844431,2,0.0491416408714314,20558.3094170403
144,51,0.0303635548518287,0.5,3,0.0236000630258119,16426.5098039215
3559,430,0.00903078833728421,0.125274725274725,0,0.0200039051765284,3215.76744186046
2698,96,0.0161118979572164,0.272727272727272,0,0.0101570534718041,20034.3125
1392,57,0.0215120433639497,0.111111111111111,0,0.0286574086532667,14994.4385964912
3446,214,0.100263161192799,0.779310344827586,0,0.0506302380722728,17634.6355140186
2939,500,0.0252687929324324,0.307692307692307,11,0.0261049664814153,18887.134
226,500,0.0252687929324324,0.307692307692307,11,0.0261049664814153,18887.134
3206,180,0.0112535726188068,0.25,0,0.0100075831280881,23817.4944444444
1360,199,0.0111667361943425,0.5,2,0.0112951038006595,10428.7638190954
786,199,0.0111667361943425,0.5,2,0.0112951038006595,10428.7638190954
1306,132,0.0115151199748266,0.0452428476380572,0,0.0109084750371277,19726.1136363636
2520,198,0.111362047419375,0.5,20,0.10286382710697,617.419191919191
2601,319,0.0119633553301294,0.5,0,0.0333796663106128,2045.52664576802
377,237,0.079062530347276,0.7,18,0.056176625690544,13185.9578059071
2061,135,0.0227364952647542,0.333333333333333,0,0.0187609931251277,16268.5851851851
351,51,0.00269171718982887,0.1,0,0.0167002079187004,1763.50980392156
1583,289,0.0399167224549852,0.156939040207522,1,0.0456703032001929,8492.56747404844
3013,191,0.0172292996100353,0.642857142857142,1,0.0117580615453579,18874.4293193717
3510,81,0.0145778378873842,0.604651162790697,4,0.00714983466867235,5383.87654320987
2730,138,0.0281427370704669,0.666666666666666,3,0.0182009063422314,15067.7318840579
2827,261,0.0108732898607326,0.0425365088699402,1,0.0110019298804392,22350.6590038314
3243,276,0.0178034640509389,0.183333333333333,12,0.0155482823733474,17086.7934782608
1371,319,0.0251068592605754,0.25,1,0.0202015543875698,15090.8652037617
3634,1131,0.0846537661993595,0.606060606060606,12,0.0740610311593887,730.620689655172
3022,1131,0.0846537661993595,0.606060606060606,12,0.0740610311593887,730.620689655172
2110,1131,0.0846537661993595,0.606060606060606,12,0.0740610311593887,730.620689655172
570,1131,0.0846537661993595,0.606060606060606,12,0.0740610311593887,730.620689655172
275,1131,0.0846537661993595,0.606060606060606,12,0.0740610311593887,730.620689655172
673,394,0.0244364607820335,0.333333333333333,34,0.0446497752054022,5820.88071065989
295,394,0.0244364607820335,0.333333333333333,34,0.0446497752054022,5820.88071065989
3014,263,0.0184041202868527,0.384615384615384,48,0.0191376213666843,13853.6273764258
1683,99,0.0129679842201542,0.129032258064516,15,0.0290973120737793,1038.31313131313
2544,167,0.0137587423635856,0.333333333333333,0,0.0117711230208715,16609.7125748503
3519,318,0.0416747274547871,0.652173913043478,2,0.0359259724139854,450.962264150943
3494,1700,0.0986949477733778,0.617021276595744,0,0.109493602450892,163.205882352941
897,1700,0.0986949477733778,0.617021276595744,0,0.109493602450892,163.205882352941
801,214,0.00910027174651666,0.0357160890714153,0,0.0123831650492954,36449.0934579439
1370,107,0.025061980598527,0.0512380074573714,0,0.0275228818616867,17492.3271028037
3303,235,0.0174368479050646,0.24390243902439,12,0.0183315550205671,19139.1872340425
1021,679,0.009000877337961,0.164053075995174,34,0.0077119749193561,28992.0751104565
3627,244,0.0180264673785605,0.173976304302639,1,0.0205592477278225,4167.48360655737
3244,184,0.0157071111867273,0.666666666666666,4,0.0133040803401791,18021.1956521739
2379,184,0.0157071111867273,0.666666666666666,4,0.0133040803401791,18021.1956521739
1694,204,0.0282394601800079,0.25,0,0.0327939047730076,20182.9411764705
1760,163,0.0204513286423597,0.583333333333333,0,0.0163023146452994,16973.0122699386
419,51,0.00652426869248194,0.022140221402214,0,0.00717906806117399,29557.6078431372
3372,177,0.0233341719863621,0.25,0,0.0245748034608675,18293.9661016949
2867,5,0.169346329537412,0.636363636363636,0,0.0513513513513513,74
3344,112,0.226516145293212,1,2,0.0167907043554892,2299.84821428571
2224,53,0.0290473580820285,0.44,1,0.0287234800788767,1588.3396226415
2919,4,0.0657894736842105,0.263157894736842,0,0.0862068965517241,14.5
968,84,0.0198366643001903,0.166666666666666,0,0.0245065501378248,15495.8571428571
280,277,0.0314463179275287,0.438287153652392,5,0.0292344028392562,20622.678700361
384,398,0.197762452203427,0.885802469135802,1,0.0583707627898182,14271.9623115577
3062,127,0.016721751266934,0.714285714285714,0,0.0114104516646586,20789.0629921259
2160,168,0.0250732419539781,0.131912626531699,1,0.0275420360426644,20516.6904761904
1855,378,0.00775517942580336,0.333333333333333,10,0.017922006716469,308.804232804232
414,83,0.0237610354466514,0.0493528486754566,1,0.0255273809333354,18827.4096385542
2518,127,0.00264706467305493,0.0335902937826167,1,0.0144100064657861,6247.29921259842
1467,517,0.0255385707036033,0.25,0,0.0258903753543759,18991.6208897485
2336,148,0.0176560041915264,0.6875,2,0.0113493379647573,17833.5202702702
2598,159,0.0192775433398763,0.117514387929693,0,0.0201307455692918,8896.24528301886
2222,708,0.10687062156313,0.30040733197556,0,0.114352930160699,603.382768361582
2158,155,0.0144177931459013,0.0555555555555555,16,0.0148701566614978,15918.4387096774
1833,947,0.0242527024412883,0.75,353,0.0240566783204653,273.948257655755
126,253,0.0540692218565293,0.870967741935483,7,0.0416440026021024,18689.6600790513
2705,130,0.0141859356165762,0.181818181818181,4,0.0128102825160213,19202.723076923
1384,248,0.0194516440840054,0.25,7,0.0218824955510277,18761.129032258
3030,468,0.0301008009256302,0.511111111111111,0,0.0263132489716006,20694.8653846153
1288,64,0.0268888636746816,0.166666666666666,0,0.0466963624107413,9341.265625
3247,102,0.0063287957297313,0.5,11,0.0039238243934507,477.225490196078
2125,730,0.050629145767424,0.445054945054945,4,0.0511554688645686,1055.55205479452
1858,730,0.050629145767424,0.445054945054945,4,0.0511554688645686,1055.55205479452
2207,181,0.019512972690853,0.25,0,0.0251965093869773,14032.9005524861
1878,181,0.019512972690853,0.25,0,0.0251965093869773,14032.9005524861
319,224,0.0143211770051444,0.375,0,0.0119631958222513,21130.65625
2220,620,0.0139101894311098,0.666666666666666,0,0.01406328415101,11563.5129032258
2732,197,0.0237892108879763,0.0596151317231403,2,0.0250974193145736,20821.6040609137
213,54,0.00591839204614316,0.0142231947483588,0,0.00746156684793407,4566.61111111111
1895,1044,0.0182311380912278,0.769230769230769,0,0.016872448399442,6545.22126436781
3153,974,0.0267068093495612,0.48,466,0.0266904419107987,325.890143737166
3235,125,0.0271385887430673,0.666666666666666,3,0.0267412765021255,17235.976
2603,445,0.0152154369253527,0.2,12,0.012904431217257,18245.6269662921
2897,370,0.022423103195374,0.264705882352941,7,0.0192287461674251,13796.2081081081
50,230,0.236241102832176,0.555555555555555,1,0.31846656315254,243.61304347826
2131,122,0.00941393308833134,0.25,0,0.00786658808246894,32445.7950819672
1560,254,0.026798750467202,0.161290322580645,0,0.0277078677894147,21097.9330708661
1549,308,0.0240106330431843,0.333333333333333,5,0.0105131994531054,8921.68506493506
758,360,0.00863640789817789,0.125,18,0.0141286481746012,4130.3
685,62,0.0630029527442031,0.428571428571428,1,0.0540413361077003,17549.2903225806
3589,89,0.0152077625483538,0.25,0,0.0114697883410192,285.067415730337
1016,244,0.00709653553555598,0.0221610660486674,3,0.00732779078953065,5016.83196721311
3197,55,0.0355890118735051,1,0,0.0162354831443511,18807.2909090909
983,520,0.0571309025800512,0.436363636363636,114,0.0718133343712295,494.096153846153
2608,201,0.0343724286449101,0.678571428571428,20,0.0123984869790815,6846.0447761194
1982,201,0.0343724286449101,0.678571428571428,20,0.0123984869790815,6846.0447761194
1659,465,0.0301214041515179,0.210463258785942,6,0.0587714044222762,5152.31182795698
862,1019,0.0103905079884267,0.571428571428571,12,0.0246602732624875,26.5034347399411
2279,97,0.0267292523168131,0.4,7,0.0250279226339813,18515.8144329896
3499,32,0.0129501968068737,0.0240875912408759,0,0.0133022286196456,1259.1875
2537,457,0.00466842087274462,0.5,14,0.0177637014596529,270.140043763676
2130,457,0.00466842087274462,0.5,14,0.0177637014596529,270.140043763676
1894,302,0.0233680744569421,0.534671532846715,1,0.0161954660489542,1359.42715231788
3311,731,0.0221937881298755,0.25,2,0.0405704563463523,9643.65800273597
1510,33,0.0240550695413046,0.2,2,0.0171442378212406,14172.0909090909
2673,282,0.0281683070468259,0.5,1,0.0179008603216302,6919.31560283687
1479,127,0.0143504777739371,0.333333333333333,3,0.0111698915717049,15817.2677165354
989,35,0.0121895012930429,0.138888888888888,1,0.0111809247066993,16538.3714285714
2469,381,0.0206795601343629,0.0806008125743833,0,0.0236452459981642,17634.4593175853
1860,218,0.00548638578022538,0.13005600497822,0,0.0184485279797723,1389.68348623853
546,1531,0.0249520667786033,0.276595744680851,616,0.0261735473824071,274.308295231874
2905,235,0.0229988860555081,0.235404896421845,0,0.0262196340023314,6731.35319148936
2323,235,0.0229988860555081,0.235404896421845,0,0.0262196340023314,6731.35319148936
2024,235,0.0229988860555081,0.235404896421845,0,0.0262196340023314,6731.35319148936
1450,235,0.0229988860555081,0.235404896421845,0,0.0262196340023314,6731.35319148936
1345,235,0.0229988860555081,0.235404896421845,0,0.0262196340023314,6731.35319148936
1026,235,0.0229988860555081,0.235404896421845,0,0.0262196340023314,6731.35319148936
996,235,0.0229988860555081,0.235404896421845,0,0.0262196340023314,6731.35319148936
2763,136,0.00734280404310097,0.0213467273583424,0,0.00793508811900946,27044.8088235294
2473,107,0.0162984839514343,0.0563991323210412,0,0.0186894255142396,6581.26168224299
2253,71,0.0373825299811925,0.8,0,0.0257508171944301,11108.0845070422
1696,984,0.0282442115479986,0.735632183908046,4,0.0295229344213464,17707.1239837398
944,984,0.0282442115479986,0.735632183908046,4,0.0295229344213464,17707.1239837398
2878,349,0.0241801181247041,0.94,71,0.0215778923699408,11951.6361031518
1477,130,0.0193471941300231,0.132450331125827,2,0.017357991176027,14485.0153846153
1002,129,0.0541849828455661,0.297202797202797,2,0.00950242438425791,14144.0852713178
2456,261,0.00974012671870774,0.6,26,0.00744687031593135,3297.43295019157
3234,307,0.02675740587179,0.0889363615920845,0,0.0267824127341834,16419.9348534201
1092,127,0.0093414859584054,0.038644785600847,0,0.0113808473955913,19168.1338582677
438,173,0.0267855343891686,0.111111111111111,0,0.0317277434722606,16816.8497109826
2838,175,0.089129340658323,0.838709677419354,3,0.0347830919715447,719.725714285714
2276,82,0.0122376458069651,0.0319851969336505,0,0.0157899409719266,13323.5487804878
3680,189,0.02254536581337,0.0564580347189042,1,0.0250998021176327,19973.3862433862
2737,151,0.0524120087150327,0.0758120362737015,0,0.0596174706107093,25862.0132450331
2772,407,0.018891945538366,0.4375,3,0.0186704394646016,20315.2604422604
545,625,0.0208080117013989,0.5,27,0.0200123295656794,2481.1904
1966,9,0.0277777777777777,0.25,0,0.0212765957446808,5.22222222222222
3117,180,0.0157694831813229,0.0736207695873898,13,0.0161351750565949,15112.2555555555
3535,175,0.0125587874075081,0.5,0,0.00822478865984123,4969.64571428571
535,34,0.0116874394306895,0.0367330597537784,0,0.0119289280538818,20052.5882352941
2932,321,0.018420170335106,0.0490067466266866,0,0.0177229125871255,17192.8380062305
1190,203,0.0238076461586737,0.4,5,0.0244697985672599,14619.408866995
2120,211,0.018322885042787,0.920289855072463,12,0.0111029913806861,19747.8909952606
2461,179,0.0100623948561106,0.148648648648648,1,0.0114319738017267,93.8268156424581
74,138,0.0398881325989667,0.844155844155844,38,0.0114344346666753,11087.7898550724
369,232,0.0319129941035496,0.6875,0,0.0196436054950221,20241.5172413793
3184,42,0.0560505484194796,0.333333333333333,4,0.0701113228239359,7772.33333333333
1653,21,0.0149122071691972,0.0391613238606827,0,0.0260973504216747,12907.7142857142
312,87,0.0165015721307025,0.727272727272727,4,0.00995295027038422,17992.7011494252
615,413,0.0443442458626255,0.210463258785942,9,0.0377222655466535,15114.5472154963
222,261,0.0189447855182582,0.464285714285714,6,0.0166417276470482,16254.2068965517
2034,177,0.0028152215955987,0.125,17,0.00769903441021971,923.881355932203
852,639,0.00794751228748013,0.0568099053168244,10,0.010619674293087,3562.3489827856
3280,54,0.0118065206761872,0.0221504575001035,0,0.014095335725269,4841.37037037037
468,579,0.032462470044638,0.470588235294117,361,0.0297328466499462,308.504317789291
3071,250,0.0281907573314093,0.5,15,0.0258403365215043,19540.148
141,718,0.0262227368896799,0.411764705882352,284,0.0277903986584914,297.34122562674
3291,129,0.0566127376428028,1,2,0.0270503770124149,19470.7054263565
2851,155,0.00630904654622563,0.5,0,0.0087595075239398,5895.16129032258
1828,155,0.00630904654622563,0.5,0,0.0087595075239398,5895.16129032258
475,209,0.00567988454358836,0.5,0,0.0109742986842017,2140.71291866028
1446,140,0.0411638387803367,0.5,0,0.0265761130812993,18499.9642857142
3378,295,0.0112344711223102,0.333333333333333,14,0.0113840259105402,25442.4305084745
2945,295,0.0112344711223102,0.333333333333333,14,0.0113840259105402,25442.4305084745
1044,295,0.0112344711223102,0.333333333333333,14,0.0113840259105402,25442.4305084745
3614,241,0.0532646239051775,0.90566037735849,13,0.0133908809207613,787.369294605809
1297,241,0.0532646239051775,0.90566037735849,13,0.0133908809207613,787.369294605809
2210,411,0.0090400255123985,0.0958385876418663,13,0.00863183140169085,32342.2384428223
3292,387,0.0214875531215868,0.703703703703703,1,0.02175760240256,14329.2454780361
717,5,0.0283350473056355,0.0625,0,0.0336562978072412,392.2
1917,357,0.109091323066931,0.268057784911717,0,0.10509341684265,659.224089635854
1123,185,0.0118392574451002,0.133333333333333,4,0.0113820048788311,20492.281081081
171,106,0.0267590652947886,0.25,0,0.0254927959477176,20341.6698113207
2599,152,0.0231608520912358,0.2,2,0.0314225276253501,14144.8552631578
1236,297,0.0333329436113571,0.246666666666666,0,0.0336837159116618,386.94276094276
8,297,0.0333329436113571,0.246666666666666,0,0.0336837159116618,386.94276094276
2678,129,0.0122096678964586,0.5625,0,0.0198429182807956,802.426356589147
652,58,0.0194800525260135,0.142611683848797,1,0.0169928312696857,13427.5689655172
3200,261,0.0330355622231826,0.285714285714285,0,0.0372911400715622,16573.7394636015
2045,567,0.029101121108503,0.454545454545454,13,0.0262666767886643,18980.668430335
3657,34,0.0100796794494996,0.0218895458548245,0,0.0107247691954417,21261.9411764705
3351,67,0.00608892374355478,0.0368876080691642,2,0.00729789457454645,4356.19402985074
364,23,0.0293033414573286,0.3,0,0.0193760344182228,19282
1240,102,0.0378802339013413,0.136930033481757,0,0.0464010754147705,16467.8823529411
2639,341,0.0137789176610495,0.0714285714285714,0,0.01373455863215,146.472140762463
1489,277,0.0196946978528547,0.25,5,0.0141289571653235,18284.1335740072
55,405,0.0155561759279794,0.8,11,0.0482057008894274,1247.02222222222
2078,179,0.0063709216866175,0.23728813559322,24,0.0125919988054399,5686.86033519553
1762,134,0.00721367469927831,0.027027027027027,0,0.00765509989484752,5322.76119402985
3515,991,0.015567178272466,0.196850393700787,0,0.019058460586828,11647.7346115035
654,15,0.0618301130043862,0.75,1,0.0368496026390763,1778.4
342,1077,0.0328523218181317,0.406779661016949,27,0.029692726602765,970.134633240482
2031,86,0.010009710879185,0.0400901783963928,0,0.0100495564010723,23461.6395348837
705,81,0.00685372013996007,0.0327868852459016,0,0.00748883607990022,16203.5432098765
2664,155,0.11402400840684,0.728904847396768,0,0.14341315994322,140.896774193548
2837,357,0.0423510872102618,0.512845849802371,1,0.0546217761578192,486.462184873949
3175,327,0.0342037080090565,0.941176470588235,60,0.025704511963261,9253.48318042813
1856,327,0.0342037080090565,0.941176470588235,60,0.025704511963261,9253.48318042813
1333,29,0.0498577485780304,0.913043478260869,0,0.0216671359153488,17024.0344827586
2501,300,0.00780940646689703,0.333333333333333,22,0.00821233535907897,1839.10333333333
3203,129,0.0195450856361804,0.0541005778925365,2,0.0261853570628391,12767.0620155038
536,182,0.00853663603017915,0.333333333333333,0,0.0069572603374387,2846.26373626373
1075,345,0.018652246058304,0.666666666666666,0,0.0226577591206151,8457.03188405797
2856,211,0.155802937138954,0.888888888888888,0,0.0411382263960328,1745.1279620853
368,71,0.0304242056596316,0.5,11,0.0282657621113755,14756.8169014084
3592,252,0.0831545810881355,0.583333333333333,22,0.0776730279976972,641.06746031746
183,1035,0.00761230428678025,0.032841126606508,2,0.00769486066818523,31612.5420289855
1420,478,0.0159536420128064,0.73469387755102,2,0.013627699822383,18976.240585774
1405,478,0.0159536420128064,0.73469387755102,2,0.013627699822383,18976.240585774
2178,80,0.00602946698285486,0.25,0,0.00618921308576481,127.2375
1179,83,0.00462040584174036,0.0702070207020702,0,0.00794429732782726,650.614457831325
320,468,0.099134361807333,0.31875,1,0.106616264129159,573.728632478632
5,379,0.0157929032438463,0.5,9,0.0266932264244215,17330.6939313984
1716,83,0.00853049475812408,0.166666666666666,0,0.00786999975157509,23764.1807228915
1220,42,0.0124098017292999,0.0313751230718739,0,0.0137789606371231,16451.9285714285
1632,207,0.0199196457435619,0.0701662292213473,0,0.0195715255505067,7336.89371980676
2435,409,0.102654351547279,0.349353049907578,2,0.107780162622005,624.244498777506
2283,434,0.0398598121355695,0.35,23,0.0777886042442698,2603.56451612903
3576,1308,0.0241508590727001,0.925373134328358,472,0.0117169643698144,10827.6314984709
883,127,0.0156656884639132,0.041113791716928,0,0.0146867307865613,17824.2204724409
940,218,0.0183219044275063,0.123530583781629,0,0.0167578717427038,12700.3165137614
1767,250,0.0180918480779196,0.5,9,0.0166026102006337,11625.16
2861,290,0.0254697772588834,0.122164048865619,6,0.0260626592994346,21148.6344827586
1678,583,0.0701645431144102,0.811881188118811,1,0.0555606011731582,1095.39965694682
1697,67,0.0202471936333497,0.0833333333333333,1,0.0280836077202763,13739.3582089552
3111,25,0.0162292210614707,0.285714285714285,0,0.0242168674698795,332
3546,255,0.0161121343931014,0.0483356869074036,6,0.0173009906141716,20590.9098039215
3588,78,0.0101839180982477,0.1,3,0.0106274589181015,15074.641025641
2236,217,0.0201123207494163,0.48051948051948,4,0.0166799059686648,2854.23041474654
783,416,0.00371451257335701,0.5,1,0.0114465855784138,2421.78365384615
2596,310,0.0172453220893564,0.333333333333333,2,0.0500900898532071,4907.28709677419
2261,291,0.0208847613400092,0.571428571428571,92,0.027397995282597,9606.89347079037
3650,8,0.0572481051122655,0.311111111111111,1,0.026053499096103,12930.125
857,53,0.0428544635600795,0.150227617602427,51,0.037156347910507,427.566037735849
3586,182,0.0296034277445179,0.23728813559322,0,0.0272584108804581,191.895604395604
3488,182,0.0296034277445179,0.23728813559322,0,0.0272584108804581,191.895604395604
2866,490,0.00634389717931543,0.666666666666666,7,0.00636453591925588,257.806122448979
3059,555,0.0298123987147741,0.73170731707317,7,0.0284798443014275,18408.4036036036
75,502,0.0263696463383868,0.174846625766871,179,0.0265687848343283,331.320717131474
237,316,0.016599431465985,0.137931034482758,0,0.0206636892252897,15946.9177215189
1019,279,0.0269827206668397,0.692307692307692,1,0.0227024870859011,4492.74193548387
3209,94,0.00309841621075492,0.166666666666666,1,0.00658424518023779,224.585106382978
1526,84,0.0272683577416995,0.533333333333333,0,0.0200284703103423,17871.5833333333
2830,322,0.0125037478132526,0.11960535743813,2,0.0142943264315692,25618.4689440993
1518,228,0.0387059189348933,0.404929577464788,0,0.0363416111447607,173.78947368421
223,163,0.0188132656042648,0.68,2,0.0113765772443054,18839.1595092024
3211,24,0.0147914765140302,0.0307245796637309,0,0.018486894965296,17787.375
244,319,0.00990364228554547,0.0549915397631133,3,0.0100284052985126,20735.4576802507
515,253,0.0228216664443788,0.226415094339622,0,0.0227037729326189,17595.5849802371
3084,118,0.840391710638563,1,117,0.781328083592034,447.694915254237
1797,297,0.0144941105896266,0.5625,3,0.01203171085578,21371.1346801346
3180,424,0.00227509615770518,0.333333333333333,11,0.00967291282703798,1797.95990566037
1667,198,0.0104107044594898,0.0336490693515267,5,0.0112014691244853,20032.5454545454
186,490,0.0193651045622051,0.333333333333333,21,0.0189409470418299,7391.39387755102
2819,389,0.0304835495789458,0.450346420323325,1,0.0286383065336861,1010.38560411311
2239,380,0.0039665215564138,0.5,2,0.00890259513557546,45.2263157894736
531,74,0.0313150735183241,0.285714285714285,0,0.0562519836201357,8728.58108108108
356,84,0.0108578205548313,0.0351383635277722,1,0.0127162519847745,15647.3928571428
487,124,0.0196087967793632,0.110552763819095,6,0.0204828660436137,1346.12903225806
1330,182,0.0397884398930396,0.727272727272727,26,0.0228954126196631,5032.43956043956
1702,38,0.0172740831156076,0.0385270606735683,1,0.0205410323413349,12437.2368421052
2920,384,0.0221251409528785,0.601626016260162,1,0.0200191277867355,18856.1848958333
815,163,0.012570721120664,0.2,0,0.0109960849002625,19889.9570552147
2685,27,0.0110972992499096,0.25,0,0.0490459363957597,262.037037037037
2282,211,0.0214709152796468,0.325,0,0.019449682994025,8124.74407582938
528,104,0.00800040209280349,0.0254452926208651,0,0.00862219769769476,8189.95192307692
1340,97,0.0128282037416049,0.211428571428571,7,0.0101120791795866,11816.0206185567
2745,113,0.034270092999836,0.625,8,0.0359956492126904,870.557522123893
2804,209,0.0283759820389895,0.647058823529411,1,0.019908097275534,16870.3444976076
2417,552,0.0471420564122684,0.89,2,0.0493676797038296,6901.6286231884
113,758,0.0120168510991028,0.333333333333333,4,0.0111254915777284,21628.1688654353
3150,63,0.0266102300705173,0.166666666666666,0,0.0257218929030562,19804.6349206349
3502,155,0.0119687416044189,0.25,6,0.0112613605547899,20341.3225806451
2542,87,0.0614124306800293,0.5,0,0.0233353747386649,544.287356321839
2138,330,0.0401481757472786,1,0,0.00855821406460541,2080.22727272727
2293,204,0.0166480463862104,0.333333333333333,2,0.0114062365203479,20001.0980392156
2267,60,0.041742834542147,0.54054054054054,10,0.0183720848014895,8485.7
1452,63,0.0318304996291581,0.854901960784313,1,0.0146556571608244,16457.1587301587
3068,266,0.0248917193089669,0.692307692307692,0,0.0194356493588768,22431.2631578947
3429,840,0.0120045708769841,0.125,3,0.0116395407902342,22091.1595238095
3636,441,0.0245097750368842,0.151332487309644,2,0.0258663046075545,20592.7210884353
22,212,0.0272205454601039,0.224334600760456,92,0.0300711620837363,273.094339622641
2568,301,0.0168724575113399,0.25,0,0.0309317081315745,397.940199335548
1451,95,0.0186971417087519,0.0316938993349207,0,0.0200846548826891,22056.1157894736
271,339,0.0188854993885386,0.32463768115942,25,0.0266486080860955,161.171091445427
1059,396,0.0386600035364517,0.2,3,0.0418210356311712,20339.1313131313
1250,157,0.0326902026766456,0.616666666666666,9,0.0189861866246565,14587.5414012738
2285,263,0.00549645742218452,0.285714285714285,7,0.0102772631645052,2421.82509505703
2287,254,0.0114648229205674,0.384615384615384,0,0.0104641153417881,18975.9881889763
3448,264,0.0100578456777687,0.25,17,0.0220208578597505,1592.67045454545
1055,264,0.0100578456777687,0.25,17,0.0220208578597505,1592.67045454545
1193,323,0.0235228896171471,0.906976744186046,0,0.0124669537551231,20259.6284829721
1859,585,0.0318842948171073,0.149465163342006,1,0.0365966734624256,17021.6769230769
1888,163,0.0351613714076168,0.918918918918919,2,0.0117196813876406,18731.5337423312
3487,79,0.0214081359427139,0.3,15,0.0149427510786777,17144.7594936708
821,79,0.0214081359427139,0.3,15,0.0149427510786777,17144.7594936708
2119,128,0.0119285559157582,0.0909090909090909,0,0.0119642760226018,1295.5234375
927,2,0.334359540609943,0.602996254681648,0,0.0716133535909333,12176.5
1789,500,0.0238775884131794,0.2,0,0.0268099939159868,19040.064
2392,46,0.0398642440475005,0.100439321268792,0,0.0482453614914095,9816.21739130434
2855,191,0.0178962920893665,0.916666666666666,5,0.0121394714520434,17548.22513089
2504,50,0.0227832908133193,0.0703529411764705,0,0.0266819072131663,17654.66
421,744,0.039490384037229,0.5,7,0.0146680616061491,4628.86693548387
2205,226,0.015270860587601,0.0566957414058491,9,0.0156699951484385,16142.9646017699
1387,86,0.0104345850973063,0.0601708074534161,0,0.0111657830780785,20994.3720930232
2101,630,0.0217860920248676,0.793893129770992,13,0.019721052193299,19232.9317460317
413,630,0.0217860920248676,0.793893129770992,13,0.019721052193299,19232.9317460317
2798,240,0.0227812856831796,0.638830897703549,27,0.0186227476556462,9526.87916666666
3332,288,0.0202209653558265,0.222222222222222,9,0.0192246022535767,13577.7986111111
591,184,0.0152622761362046,0.0753043314145512,0,0.015069812928706,21695.402173913
2779,85,0.0359935210005319,0.25,2,0.037339534209612,16559.3294117647
3426,232,0.0149158969346137,0.267929634641407,0,0.0144012565679661,7925.25431034482
2841,428,0.0191450016168951,0.5,27,0.0287177218124924,1098.34813084112
2414,80,0.00774835180447402,0.0921052631578947,8,0.00801323165772365,4579.925
3025,486,0.0342864744526094,1,1,0.0270024784684903,21509.5329218107
521,486,0.0342864744526094,1,1,0.0270024784684903,21509.5329218107
1148,992,0.0111236311505428,0.5,170,0.0113902476253933,15843.349798387
726,525,0.0228059768662293,0.7,8,0.00868924816860663,8491.06285714285
2289,233,0.00712874240552868,0.0283048211508553,0,0.00723335682685276,5188.17167381974
3281,109,0.00905578680469228,0.333333333333333,1,0.0135238806312755,7593.77064220183
2948,109,0.00905578680469228,0.333333333333333,1,0.0135238806312755,7593.77064220183
1904,413,0.0559799431844755,0.75,5,0.0497587124052309,4614.56900726392
2366,301,0.0012551666240776,0.142857142857142,1,0.00810925946587416,1965.26910299003
2388,271,0.0290939027271644,0.80722891566265,0,0.0263048463989479,13985.0479704797
3646,191,0.00977746699402133,0.25,0,0.0108056810218037,17339.6282722513
3452,188,0.0223941254525825,0.266666666666666,18,0.0257890315653619,15570.6968085106
2613,481,0.0409823060073068,0.666666666666666,0,0.041249366116978,7502.51559251559
1249,481,0.0409823060073068,0.666666666666666,0,0.041249366116978,7502.51559251559
2586,190,0.0405539699171003,0.333333333333333,8,0.0498433827021273,17278.1210526315
1007,132,0.0280586922446007,0.333333333333333,14,0.0274550627612244,17996.9015151515
586,503,0.0130806558492937,0.333333333333333,7,0.0230173043433085,4553.83896620278
1024,564,0.104682642567319,0.571428571428571,5,0.103256515646636,644.044326241134
3653,125,0.0238194543637604,0.146341463414634,0,0.0266670797895139,30983.52
3601,125,0.0238194543637604,0.146341463414634,0,0.0266670797895139,30983.52
2981,125,0.0238194543637604,0.146341463414634,0,0.0266670797895139,30983.52
1523,125,0.0238194543637604,0.146341463414634,0,0.0266670797895139,30983.52
1164,125,0.0238194543637604,0.146341463414634,0,0.0266670797895139,30983.52
593,125,0.0238194543637604,0.146341463414634,0,0.0266670797895139,30983.52
70,125,0.0238194543637604,0.146341463414634,0,0.0266670797895139,30983.52
574,333,0.0226157474120515,0.5,2,0.0196093256749956,7029.96396396396
3005,594,0.0243541953906404,0.166666666666666,1,0.0269675433979549,17950.3097643097
1457,391,0.0540551665666607,0.727272727272727,0,0.0173998787965939,248.994884910485
741,9,0.380672274783893,0.697368421052631,0,0.341135166764189,189.888888888888
833,397,0.0162777746714647,0.833333333333333,1,0.0115860728096166,13530.7506297229
1175,585,0.184815217341771,0.9,4,0.0555773317053557,13881.2051282051
2508,265,0.0132399532557035,0.283842794759825,3,0.0120871169912923,20955.7283018867
242,82,0.0130972345520686,0.25,0,0.0102362050422531,21158.7560975609
118,589,0.030574401302308,0.666666666666666,0,0.0268552216221856,5206.24787775891
649,175,0.00934766403315344,0.166666666666666,3,0.00833442936155779,825.491428571428
1229,198,0.0185371813934902,0.166666666666666,7,0.0195888863597488,18926.4191919191
1986,315,0.00710684263418289,0.0439158279963403,5,0.00730163397782629,4901.27301587301
681,2147,0.0287457496933095,0.481781376518218,2,0.0832016351644646,44.2077317186772
337,461,0.0120394008142125,0.23076923076923,17,0.0115680571347638,21334.6485900216
1998,231,0.0125226634365971,0.2,16,0.011041007332598,19223.8874458874
873,135,0.0456179088121977,0.666666666666666,38,0.0350977079047898,403.318518518518
2190,279,0.00725543068923225,0.0334122529328828,0,0.00786410287431915,31906.6989247311
3629,11,0.113457264038201,0.49074074074074,0,0.109830097087378,449.454545454545
1495,537,0.00570679660872657,0.5,0,0.0080746266434389,1250.67039106145
279,353,0.0248940821367858,0.0833333333333333,0,0.0254150182544427,22269.4050991501
1429,545,0.0237237348288056,0.333333333333333,5,0.0253192119979891,17662.0422018348
950,26,0.117415677354554,0.846153846153846,0,0.0214828703231016,8287.46153846153
2362,585,0.0135215773644261,0.4,2,0.0184447901377793,8168.8923076923
1589,585,0.0135215773644261,0.4,2,0.0184447901377793,8168.8923076923
1431,240,0.0237004075917806,0.25,21,0.0263773462353996,17217.7416666666
1051,240,0.0237004075917806,0.25,21,0.0263773462353996,17217.7416666666
2629,271,0.00752111148703123,0.0796812749003984,3,0.00739569543394161,5521.81180811808
2635,551,0.0272220055760773,0.333333333333333,0,0.0281124313612975,33601.335753176
3516,483,0.0170325383497884,0.181818181818181,32,0.0139044623999982,17266.0062111801
1010,579,0.00772205377367538,0.0314060990754795,0,0.00768852777938127,33629.2711571675
856,32,0.0391815495750341,0.942148760330578,3,0.013194238161319,14097.0625
340,335,0.0235192083972358,0.0909090909090909,5,0.0254450832726652,19664.943283582
1415,81,0.133012714357852,0.692307692307692,0,0.114046163231142,6961.87654320987
1116,520,0.0915389222526307,0.348605577689243,4,0.104968688513819,556.136538461538
3690,797,0.00844299168522748,0.333333333333333,15,0.0204490162977454,1988.17440401505
3053,797,0.00844299168522748,0.333333333333333,15,0.0204490162977454,1988.17440401505
3051,797,0.00844299168522748,0.333333333333333,15,0.0204490162977454,1988.17440401505
2177,797,0.00844299168522748,0.333333333333333,15,0.0204490162977454,1988.17440401505
952,797,0.00844299168522748,0.333333333333333,15,0.0204490162977454,1988.17440401505
715,797,0.00844299168522748,0.333333333333333,15,0.0204490162977454,1988.17440401505
650,797,0.00844299168522748,0.333333333333333,15,0.0204490162977454,1988.17440401505
2607,209,0.0147245246050888,0.733333333333333,1,0.0120409733016878,18157.6985645933
903,209,0.0147245246050888,0.733333333333333,1,0.0120409733016878,18157.6985645933
2957,130,0.0160507131593847,0.222222222222222,25,0.0443217435419866,4427.41538461538
3532,530,0.00773531598618499,0.070754716981132,0,0.00907480740154078,655.141509433962
2965,530,0.00773531598618499,0.070754716981132,0,0.00907480740154078,655.141509433962
1651,530,0.00773531598618499,0.070754716981132,0,0.00907480740154078,655.141509433962
1437,530,0.00773531598618499,0.070754716981132,0,0.00907480740154078,655.141509433962
1095,530,0.00773531598618499,0.070754716981132,0,0.00907480740154078,655.141509433962
908,530,0.00773531598618499,0.070754716981132,0,0.00907480740154078,655.141509433962
843,530,0.00773531598618499,0.070754716981132,0,0.00907480740154078,655.141509433962
674,530,0.00773531598618499,0.070754716981132,0,0.00907480740154078,655.141509433962
26,530,0.00773531598618499,0.070754716981132,0,0.00907480740154078,655.141509433962
2007,410,0.158237833353987,0.885802469135802,0,0.053503285047416,15824.1024390243
1921,396,0.00597963052944128,0.333333333333333,0,0.00736855697295654,9837.04797979798
2066,77,0.0434365261365027,0.75,1,0.0167538958035718,20245.7272727272
3261,141,0.00588810019974458,0.5,0,0.0300038007073673,2929.6524822695
869,141,0.00588810019974458,0.5,0,0.0300038007073673,2929.6524822695
702,159,0.00950138468949103,0.0491402891754591,11,0.011659789865972,16930.1949685534
568,393,0.00724790073785547,0.5,0,0.0153196727343274,1901.79389312977
1673,145,0.00887034780537876,0.333333333333333,23,0.00784998641408914,4390.95862068965
1485,137,0.0214505182075997,0.444444444444444,1,0.0417872933993051,7765.60583941605
1210,137,0.0214505182075997,0.444444444444444,1,0.0417872933993051,7765.60583941605
449,273,0.0343070462966707,0.714285714285714,4,0.0257217604352474,9637.2271062271
2459,179,0.0119420398775002,0.333333333333333,0,0.0269420657011722,4824.96089385474
92,179,0.0119420398775002,0.333333333333333,0,0.0269420657011722,4824.96089385474
1060,822,0.0112752233102164,0.333333333333333,0,0.0111299348068578,4734.38807785888
625,278,0.0283448660238525,0.857142857142857,4,0.0140810888414599,19668.45323741
2997,374,0.00121623619679437,0.25,9,0.00460319356508581,335.735294117647
2118,777,0.0254027150751866,0.35,418,0.0250956751447827,304.010296010296
3686,580,0.0348492184563134,0.242700729927007,0,0.0183912082653343,7148.09310344827
3463,90,0.024496027651471,0.4,2,0.0197459299897558,3112.87777777777
1393,60,0.0821183035883737,0.405405405405405,0,0.0931899641577061,153.45
2802,186,0.0494587069026781,0.6875,0,0.0551594795823451,16021.8709677419
3400,703,0.00743005595342251,0.8,24,0.0262804071117582,6049.48506401138
3364,703,0.00743005595342251,0.8,24,0.0262804071117582,6049.48506401138
67,108,0.00965294830958112,0.25,2,0.00768725588469116,5357.59259259259
902,114,0.0150090967281867,0.666666666666666,1,0.0102740781288517,19358.0350877192
1398,315,0.0522104499401351,0.0752947392754532,1,0.0611128422505614,24654.7301587301
1883,577,0.0144327785485689,0.443099273607748,2,0.00953269874659576,3117.61005199306
290,57,0.0193689898939533,0.111111111111111,0,0.0233521416040931,15341.0175438596
2754,237,0.0231423893384056,0.166666666666666,1,0.0257119753885811,16447.3755274261
249,836,0.103489702552035,0.367924528301886,19,0.115190142341193,591.190191387559
1272,236,0.0110727920172812,0.825454545454545,4,0.00758285294862494,4935.86864406779
499,209,0.0260260570726319,0.124735729386892,0,0.0244174406849663,6753.93779904306
532,79,0.0226125218102031,0.944444444444444,0,0.0110980788293826,21465.6835443037
1027,392,0.0157400680882723,0.454545454545454,44,0.013234753970571,7042.56632653061
1926,243,0.00290624395807096,0.2,0,0.0066648864571469,755.139917695473
554,243,0.00290624395807096,0.2,0,0.0066648864571469,755.139917695473
1018,377,0.0888843127678067,0.392190152801358,0,0.0836466587773566,708.297082228116
1581,100,0.0285672725651476,0.25,4,0.0256686142580265,18337.18
3,19,0.00720006205923476,0.0142891164562991,0,0.0105528111665971,3910.15789473684
1185,271,0.0273874896381304,0.458333333333333,0,0.0268869359548316,19795.0701107011
3381,186,0.0242950926200649,0.333333333333333,1,0.103632764432079,803.913978494623
789,184,0.0131644938179194,0.25,0,0.0108464150053616,19776.1195652173
418,429,0.0249638940368152,0.416666666666666,12,0.0265285240633588,15714.5361305361
1073,107,0.0147622031508781,0.0895925031946613,2,0.0159439756380153,4557.42990654205
2643,66,0.0208102538480205,0.2,1,0.0195164973239419,18811.5909090909
3339,140,0.10141203015978,0.294520547945205,10,0.0742752311294566,887.721428571428
1139,159,0.0247288254023049,0.0650671483546689,0,0.026153973710486,21391.2201257861
2281,117,0.0532777789001919,0.733333333333333,0,0.0416206205367009,13457.3333333333
1309,329,0.0208132981201642,0.428571428571428,2,0.0184130759922543,11750.4376899696
2847,210,0.00871880451277506,0.111111111111111,22,0.0105399815829597,14194.9285714285
1922,210,0.00871880451277506,0.111111111111111,22,0.0105399815829597,14194.9285714285
1903,225,0.0204508314326883,0.0410285345800419,0,0.0205145634985816,23459.1066666666
1308,225,0.0204508314326883,0.0410285345800419,0,0.0205145634985816,23459.1066666666
1047,453,0.043378541898335,0.5,208,0.0260409822216381,14110.4635761589
2929,408,0.0259642733269828,0.461538461538461,2,0.0257383833311746,18904.4926470588
3545,149,0.0194771309254337,0.333333333333333,4,0.00978442386518901,884.161073825503
2053,149,0.0194771309254337,0.333333333333333,4,0.00978442386518901,884.161073825503
2777,116,0.0171489375183015,0.0908226499229482,0,0.0233986784107731,17138.4568965517
1281,116,0.0171489375183015,0.0908226499229482,0,0.0233986784107731,17138.4568965517
1959,302,0.0119260081600068,0.5,19,0.0747551678797502,2304.25496688741
736,302,0.0119260081600068,0.5,19,0.0747551678797502,2304.25496688741
2059,182,0.0325139292318312,0.5,0,0.0325875105793385,18326.9835164835
199,727,0.0650961172361134,0.655650319829424,315,0.045586810922205,667.469050894085
3651,547,0.00821015790441823,0.5,3,0.00743799557357037,32805.2742230347
2397,384,0.0173614686997306,0.0790509024538633,0,0.0232285869658169,11023.8177083333
1068,178,0.00783096337885562,0.166666666666666,0,0.00967784701047328,423.76404494382
1269,481,0.00684304678842169,0.0136506314329513,0,0.00724254428585967,32193.9792099792
443,716,0.0286358737374241,0.894736842105263,73,0.026041841035717,19273.3994413407
2299,541,0.0121924757284353,0.478260869565217,12,0.023903265096799,2076.06654343807
2904,189,0.0239133524481429,0.5,1,0.0464634405387544,5380.2328042328
2432,189,0.0239133524481429,0.5,1,0.0464634405387544,5380.2328042328
3424,20,0.00947160991545234,0.0230484744419495,0,0.0101425018875296,18940.1
1591,574,0.0936285156472286,0.711864406779661,185,0.0361308437099782,4667.2700348432
210,574,0.0936285156472286,0.711864406779661,185,0.0361308437099782,4667.2700348432
3115,54,0.0347950767118519,0.782608695652174,2,0.0237911270978375,18358.8518518518
255,378,0.131146843198499,0.869436201780415,1,0.049959761867909,15262.9708994709
3574,305,0.0378782902629764,0.791666666666666,0,0.0361972502773437,18456.7049180327
1838,16,0.0849684841823174,0.3,0,0.0684107111368617,24810.625
2068,134,0.013860029989225,0.272727272727272,1,0.0476994942307842,2858.0671641791
1607,134,0.013860029989225,0.272727272727272,1,0.0476994942307842,2858.0671641791
259,617,0.015217684346362,0.333333333333333,7,0.0151211109769929,15159.2884927066
1818,54,0.00691488829504145,0.0827205882352941,2,0.00874305698415963,720.148148148148
366,313,0.0109172783297869,0.318181818181818,3,0.00759633338991682,5420.47284345048
2312,148,0.0471293726951112,0.151084381264807,0,0.0579416951965971,6252.32432432432
3520,350,0.0280281372490249,0.5,11,0.0264647246677229,20363.6028571428
2637,217,0.0113061625757254,0.75,0,0.0080630752649749,5597
121,396,0.0917049517596973,0.279674796747967,0,0.0931509651431291,641.946969696969
1215,34,0.0127423620808202,0.0841943357742334,1,0.0135956585206858,23190.794117647
3016,621,0.058296089680457,1,351,0.0381567235648695,714.613526570048
1052,518,0.0103479121056493,0.0511811023622047,5,0.0106459540108829,439.922779922779
3240,196,0.29477194424617,1,0,0.124210199360803,1872.56632653061
523,69,0.00964811822802437,0.0280727369259357,0,0.0113522960454397,17049.4782608695
2595,1404,0.0156340390506517,0.0952380952380952,0,0.017921767439387,7446.89601139601
556,338,0.0299994958142697,0.120068338034884,0,0.0326266939549817,19048.5473372781
1035,314,0.0188274443642077,0.2,0,0.0196176658317376,9554.95222929936
473,118,0.0381651252406093,0.285714285714285,1,0.0442097473756395,17499.0169491525
2241,263,0.0333897379296152,0.4,36,0.0343632386912297,11143.3079847908
1956,439,0.0121134183230489,0.0555555555555555,1,0.011818685587872,21486.3804100227
3284,466,0.0119329843685958,0.2,6,0.0116548512264079,21171.1652360515
1553,466,0.0119329843685958,0.2,6,0.0116548512264079,21171.1652360515
2512,325,0.0422258564285766,0.64,53,0.0266613949126888,14949.5323076923
1972,324,0.00803652080563923,0.0816326530612244,0,0.00959274843828201,666.012345679012
1685,135,0.0383499586019125,0.1875,16,0.0394941207705023,16014.9481481481
1567,682,0.0131623823682959,0.333333333333333,677,0.0116740173320953,454.803519061583
3100,306,0.0261319911540508,0.0982142857142857,0,0.0270829721307175,35285.1764705882
2610,306,0.0261319911540508,0.0982142857142857,0,0.0270829721307175,35285.1764705882
1923,306,0.0261319911540508,0.0982142857142857,0,0.0270829721307175,35285.1764705882
1381,306,0.0261319911540508,0.0982142857142857,0,0.0270829721307175,35285.1764705882
1280,306,0.0261319911540508,0.0982142857142857,0,0.0270829721307175,35285.1764705882
304,306,0.0261319911540508,0.0982142857142857,0,0.0270829721307175,35285.1764705882
274,306,0.0261319911540508,0.0982142857142857,0,0.0270829721307175,35285.1764705882
1363,713,0.0720642214927109,0.5,16,0.0960636661963569,442.3492286115
1719,101,0.0251602298193149,0.0752495233823034,2,0.0257506164389825,20570.8811881188
11,543,0.0101962665956707,0.5,28,0.00905567428550729,254.208103130755
4,68,0.0123067306554138,0.428571428571428,0,0.0233579284010251,3982.14705882352
2122,78,0.0195195959582691,0.333333333333333,2,0.0697507058107135,1389.5641025641
1020,167,0.0293815600152867,0.285714285714285,0,0.0326726687074995,17232.994011976
2995,97,0.0247202204793651,0.333333333333333,0,0.0255556026522913,16295.5773195876
2381,547,0.00748515977177695,0.103448275862068,0,0.00756255169937697,34176.6288848263
1710,167,0.0165435776096884,0.2,20,0.0140459377107634,10458.8383233532
3383,315,0.0155501111853687,0.226351351351351,6,0.0146424046220346,2094.59047619047
1978,266,0.00764267011562116,0.2,0,0.00883078321759483,7773.98496240601
2644,202,0.0303513270482342,0.5,17,0.0152676364086058,13530.5297029702
1093,258,0.0189889726108359,0.6,8,0.0143595894580622,14134.465116279
2498,642,0.0236622713324667,0.763157894736842,46,0.0381237058312737,93.2772585669781
2203,642,0.0236622713324667,0.763157894736842,46,0.0381237058312737,93.2772585669781
795,56,0.0111087396590544,0.1,7,0.0127333929063337,13289.0178571428
2353,512,0.0501661000846212,0.777777777777777,13,0.0504885505571384,1238.716796875
2115,205,0.0274906162655493,0.333333333333333,5,0.0263256355517136,19321.7951219512
2154,213,0.0516494101191089,0.666666666666666,0,0.0897827363476218,319.81220657277
3279,104,0.0233867257186152,0.184186882300089,0,0.0181501375362426,20693.8461538461
2999,108,0.00876855876495073,0.0438799076212471,2,0.00893729243992967,758.37037037037
3395,1029,0.015375982436899,0.220204313280363,0,0.0134481096249131,6543.45383867832
31,1029,0.015375982436899,0.220204313280363,0,0.0134481096249131,6543.45383867832
657,103,0.026898811652997,0.25,20,0.0273828740675685,17333.8446601941
1200,1,0.0952380952380952,0.0952380952380952,0,0.0952380952380952,21
3377,895,0.0920866620521908,0.754237288135593,9,0.103782995920762,590.262569832402
3128,227,0.0181606074162173,0.101350914614439,1,0.0195488236129816,22232.8237885462
96,172,0.030107128337735,0.333333333333333,7,0.0412731018350857,12730.8546511627
170,95,0.00711917306899199,0.0171944581890153,0,0.00723024376189225,34415.3789473684
2547,94,0.0248544705072993,0.130677677920816,0,0.0487139166454284,10059.8191489361
3122,696,0.0084657948233591,0.5,0,0.0135062336462982,672.103448275862
2411,19,0.0175618772248256,0.038644785600847,0,0.0214930058422946,18711.1052631578
3148,404,0.0117706864100053,0.571428571428571,404,0.0186319727934078,392.304455445544
683,178,0.0122411261569766,0.2,0,0.0112259764994569,18901.7865168539
2817,89,0.0326155222525539,0.838709677419354,4,0.027038384569422,15400.9101123595
2623,663,0.00801153315104024,0.147398843930635,0,0.00812604826382136,32722.1734539969
1303,663,0.00801153315104024,0.147398843930635,0,0.00812604826382136,32722.1734539969
3251,204,0.0165632460033334,0.0604982206405693,115,0.0251186363956797,7927.08823529411
3098,134,0.0317052866945069,0.5,0,0.0278838067374206,20160.9552238805
1048,301,0.0342352206917217,0.208521626856036,0,0.0335094618221807,8603.90697674418
410,145,0.0388935378000792,0.25,0,0.0391957509591314,11110.9862068965
2719,88,0.0296513489154685,0.352941176470588,1,0.0111213751381115,627.375
601,189,0.0275033864456708,0.782608695652174,92,0.0280875937506715,246.206349206349
939,138,0.0105792197730955,0.0576923076923076,0,0.0116317095625969,15355.9492753623
1660,323,0.0247440762546199,0.15529315960912,0,0.0262781619366777,6948.28792569659
415,494,0.0253314764009236,0.0457831325301204,0,0.0258690233401314,1116.64979757085
723,509,0.0242481734181525,0.363636363636363,22,0.0257866131956522,18693.3929273084
81,46,0.00974343620185462,0.0295322968841475,0,0.0102448296869719,20196.8260869565
2823,390,0.0113288546600234,0.818181818181818,81,0.00763673957081987,3980.75641025641
752,185,0.0234437177229395,0.596899224806201,0,0.0260016353229762,165.27027027027
1829,434,0.0203004769492756,0.375,7,0.0208567670006014,17811.4124423963
1718,99,0.0609543001273835,0.5,0,0.023102208367413,654.535353535353
2716,14,0.0516193117719659,0.5,0,0.0454560419661768,6508.64285714285
2444,166,0.0202467744594499,0.68595041322314,5,0.012140942204611,18778.4397590361
3620,179,0.014098178795669,0.307692307692307,4,0.0114046166276065,18662.4413407821
659,186,0.00756878993488398,0.0222520621523115,1,0.00777158615197727,5833.21505376344
3561,297,0.0274438668473524,0.0354231315415768,0,0.0283227719516412,35631.5824915824
3455,259,0.00676063374316187,0.0153964588144726,0,0.00710599306446519,33930.7915057915
2970,863,0.00979572487714805,0.5,2,0.0200200515501538,1508.27925840092
2879,101,0.0263076408147607,0.0813594232749742,1,0.026974179137578,20491.9108910891
3067,179,0.0397795834831952,0.875,8,0.0278094522787562,18387.1005586592
301,294,0.00414408813644546,0.5,5,0.0129950652110066,938.085034013605
872,462,0.0241497831899898,0.256880733944954,12,0.0259685983691639,19862.0670995671
1100,438,0.0153838353480253,0.8,0,0.00683549725002254,2430.90410958904
492,390,0.0460501207141182,0.257831325301204,50,0.0142170506078865,6818.28461538461
3564,54,0.0115876196472402,0.117021276595744,9,0.0111328384123303,6420.77777777777
176,54,0.0115876196472402,0.117021276595744,9,0.0111328384123303,6420.77777777777
1971,252,0.0586541268113811,0.0769230769230769,1,0.0622584906922756,27816.7579365079
3319,136,0.0444980117817574,0.75,6,0.0131381761934922,14650.8382352941
2209,136,0.0444980117817574,0.75,6,0.0131381761934922,14650.8382352941
2244,181,0.0510377511557916,0.13754929271734,0,0.0576288627556502,21025.08839779
1349,270,0.10552228085564,0.345454545454545,0,0.11343682845968,584.27037037037
1692,487,0.00909151099338389,0.0738327904451683,0,0.00914944654391466,3064.55852156057
3373,104,0.0238782073157832,0.444444444444444,1,0.0250900715049169,14798.6057692307
2762,295,0.023420211319112,0.25,6,0.0254567708169616,17254.5084745762
2193,52,0.0164602157466781,0.428571428571428,1,0.0123135934980399,13666.8846153846
849,334,0.0141457668095792,0.619047619047619,1,0.0109574288534169,21429.1497005988
3108,118,0.0333541464063352,0.141368028608384,3,0.0374024040527644,17964.720338983
3238,8,0.03125,0.25,0,0.0181818181818181,6.875
2143,49,0.0168645465969009,0.135331516802906,0,0.0669033574241298,2580.9387755102
3451,185,0.00822858205921709,0.25,0,0.0539994082256632,438.443243243243
1034,244,0.0296170017696305,0.4375,5,0.0251009192483249,17877.6680327868
1745,558,0.0547701756480102,0.549586776859504,0,0.0234909315410834,3878.10752688172
3530,316,0.0216208288294883,0.849056603773584,1,0.0182593589038947,17111.911392405
1996,316,0.0216208288294883,0.849056603773584,1,0.0182593589038947,17111.911392405
2521,88,0.0260763022086074,0.625,0,0.0153396328278632,16249.5
2671,59,0.037418895744822,0.115899252262888,0,0.0520501519385402,6241.37288135593
969,27,0.00817275257807938,0.2,0,0.0205097270396621,245.592592592592
2383,927,0.0965404262927066,0.366666666666666,9,0.105766855551646,576.444444444444
3124,27,0.0101741994862809,0.0156719622155431,0,0.0102494720833655,22064.3703703703
3021,340,0.0164506172254506,0.0657223415682062,0,0.021673572823185,11972.8352941176
2834,68,0.00142389543105247,0.0588235294117647,0,0.00723888314374353,113.764705882352
2549,344,0.522947691601489,0.969696969696969,12,0.11540265330378,904.970930232558
145,92,0.0129538938473554,0.0333522969705589,1,0.0130448494808556,20265.3695652173
3004,303,0.0166119124489881,0.833333333333333,8,0.012255748298675,12014.0297029702
3668,94,0.549721983211222,1,1,0.0178760707021514,1856.75531914893
1615,492,0.0419547750547249,0.166666666666666,27,0.0448943776640782,16851.3414634146
3594,637,0.014935954560934,0.727272727272727,22,0.0116004133433467,18369.9403453689
1426,496,0.00821791940673353,0.142857142857142,22,0.00801973033882009,24611.6794354838
495,484,0.0515313559665678,0.242296072507552,1,0.0586892845444849,6598.06198347107
2666,21,0.107844324976113,0.472222222222222,0,0.0630416550181716,340.666666666666
647,183,0.0156896682562424,0.0434782608695652,8,0.0159157989309917,3114.06557377049
555,136,0.0316828100973632,0.575,4,0.0193341208964909,441.919117647058
2206,347,0.0437925899784015,0.704225352112676,0,0.0624672633280954,126.544668587896
3557,47,0.0184577218864493,0.111111111111111,0,0.0246918593391765,13623.2340425531
2552,478,0.0140023318661872,0.605522682445759,34,0.0157340944821559,2157.05648535564
2545,360,0.0320119382185132,0.775,0,0.0263833362057891,18986.2055555555
1897,245,0.188421676877935,0.856368563685636,76,0.0543908766610417,9380.02448979591
1852,72,0.0247045303406984,0.0515158984471284,0,0.0253341794983132,20790.9722222222
3134,234,0.0416235726769982,0.34297520661157,4,0.0479224962964704,181.739316239316
3189,315,0.0142971422014512,0.666666666666666,13,0.0186516816465261,5331.32063492063
402,768,0.0398381092687718,0.736842105263157,1,0.0474029438079285,17085.6510416666
2321,432,0.0111173893904009,0.5,0,0.00967808020303852,33140.9467592592
1551,130,0.0354754525541427,0.666666666666666,14,0.0281488150421537,18386.8923076923
94,34,0.0151086606132044,0.0606095858538855,9,0.0203462777659158,12259.794117647
2422,107,0.0257923322215589,0.2,4,0.0375239287292004,2538.69158878504
3166,195,0.0170634955422186,0.0529095448434799,0,0.0160218280304537,17578.9025641025
2659,195,0.0170634955422186,0.0529095448434799,0,0.0160218280304537,17578.9025641025
2632,570,0.0391934643979246,0.625,9,0.0463486603980384,17650.5035087719
2894,62,0.00698952770025578,0.0152946468735942,0,0.00747288448598352,5441.17741935483
1413,275,0.0113137211749499,0.10013798541297,1,0.0107933623291734,22818.7381818181
1176,104,0.00958440120316383,0.166666666666666,0,0.0103124132052522,16063.5384615384
1032,40,0.0178621125369847,0.333333333333333,3,0.00994106885369231,17545.9
2141,146,0.00756777006133459,0.0272634735481031,0,0.0076348998917485,22474.301369863
2069,294,0.0116941652296246,0.142857142857142,28,0.00743378693898728,4326.63265306122
1960,95,0.0112728963209259,0.17391304347826,2,0.00757300825070928,5249.94736842105
1505,174,0.0121562247185838,0.210997442455242,1,0.0109604468716468,20095.7701149425
1445,200,0.0140726056640148,0.0439092080483695,0,0.0147849443826039,21749.49
2566,737,0.104729364346503,0.375,0,0.0457751499883586,1684.21031207598
749,1048,0.0436530024044126,0.242296072507552,0,0.0538167805230317,6374.09732824427
2980,136,0.00938990456967687,0.0389494549058473,0,0.00997052605941596,19321.6544117647
2509,87,0.00935903255194236,0.142857142857142,8,0.0520178845864647,3133.75862068965
2602,379,0.0215614587577362,0.5,6,0.0362520589968189,9426.74142480211
1879,183,0.0117010594971515,0.08,5,0.0117577319279279,19183.2841530054
1670,183,0.0117010594971515,0.08,5,0.0117577319279279,19183.2841530054
3374,30,0.033632976458417,0.454545454545454,0,0.0234421669831099,17521.1333333333
3701,168,0.0202832763647579,0.2,6,0.0244528792435969,15879.6666666666
248,63,0.0322208564810234,0.25,4,0.0269064187005933,19453.0793650793
406,455,0.182650620605442,0.903225806451612,2,0.0562127337981912,15663.2219780219
845,265,0.0113666648958862,0.181818181818181,1,0.0106884129754277,21903.8113207547
2721,44,0.00650312563394264,0.0329665697061675,0,0.01166665384053,2953.25
2391,128,0.0115177359701232,0.25,25,0.0118330062433397,15417.6796875
2567,175,0.034859903423842,0.149465163342006,2,0.0417434771546684,17563.3257142857
2605,336,0.0193555941632542,0.674242424242424,0,0.0112752397953992,643.529761904761
2106,336,0.0193555941632542,0.674242424242424,0,0.0112752397953992,643.529761904761
579,567,0.0199762378499302,0.222222222222222,4,0.0195600425865696,9061.32275132275
1182,97,0.00703589789596498,0.0153360396932792,1,0.00720751012793466,5702.81443298969
3065,143,0.107459372019413,0.863636363636363,0,0.111411142341634,569.741258741258
1791,233,0.0250342953893982,0.5,0,0.0183140815157809,19080.7467811158
204,517,0.0120568950705577,0.125,0,0.0116973905800832,22117.3829787234
2800,209,0.0168741253673689,0.25,0,0.0570983590944487,854.062200956937
332,633,0.0332349413733449,0.495511669658886,194,0.0123374425486245,3225.1327014218
2157,422,0.0153733333915833,0.225113122171945,0,0.010326240485242,33327.1872037914
1155,121,0.0323156653705193,0.7,0,0.0259316471641197,18698.5537190082
1925,143,0.0456145012781061,1,8,0.0115190128225308,18481.4545454545
1036,13,0.0224930916869198,0.125,10,0.0252827677977378,115.615384615384
603,304,0.0241348304827121,0.333333333333333,11,0.0186613652135004,1227.73355263157
2330,303,0.0113939281194271,0.0633496978851963,0,0.011067820049803,21425.6567656765
3473,224,0.0273636562934014,0.170731707317073,0,0.0279428257747632,17371.0892857142
12,780,0.0544061199181263,0.421052631578947,0,0.0529918126824646,1212.47564102564
1277,989,0.0079059419359279,0.5,3,0.0150351976295225,1164.30535894843
1629,105,0.0276521278554377,0.625,1,0.0213135330149247,15585.4476190476
1273,185,0.0454095916664462,0.952380952380952,4,0.0138030146257231,17542.5837837837
3549,546,0.0256115798481854,0.365853658536585,0,0.025994083792812,364.058608058608
2043,273,0.00941479634585385,0.333333333333333,11,0.0213389810147139,823.271062271062
1663,77,0.0165583788531408,0.0538812785388127,0,0.0160284304252242,20026.1038961038
1131,277,0.0302649967977171,0.666666666666666,9,0.0612186013224739,2865.21299638989
1601,117,0.00802093063008802,0.0329715283080615,1,0.00812592281438938,37296.4871794871
3363,1129,0.0252086962904183,0.333333333333333,0,0.0257598327371806,34658.8095659876
2412,1797,0.0325407890665445,0.75,5,0.0236741705538592,762.555370061213
3562,55,0.0165353291723624,0.454545454545454,1,0.0101912073732131,17105.6545454545
2775,135,0.214094755819091,1,0,0.0217702343495714,2184.77037037037
810,181,0.022957450152168,0.0382889047019541,1,0.0268386600818727,30875.3093922651
3694,264,0.0270258673663983,0.0909090909090909,0,0.0583055588721919,11103.5984848484
2400,153,0.0117606105679934,0.0926735629732323,0,0.0119171855251817,23022.7189542483
2014,53,0.0207329881313129,0.25,0,0.0141795077513137,12534.6981132075
3069,392,0.00811443178444706,0.0299625468164794,0,0.0080843132262759,811.599489795918
376,797,0.0338388135377951,0.775956284153005,66,0.0317447671673849,16127.061480552
1775,1338,0.0259210581278851,0.867924528301886,29,0.0677317475200449,2700.57698056801
2245,314,0.0333549249623031,0.774193548387096,4,0.0101540369779325,18142.5127388535
1000,123,0.0219336497365101,0.35593220338983,16,0.0246213852157618,11831.2113821138
1700,8,0,0,0,0,3.25
1295,400,0.0169322416564985,0.357342657342657,5,0.0133931292869935,19438.885
1218,143,0.0255754286026055,0.416666666666666,1,0.026745791453425,18087.1538461538
1770,173,0.0133611983830043,0.142857142857142,2,0.012201243700733,21256.7167630057
2873,9,0.0012138309560478,0.0109244786044302,0,0.0109159943046986,2575.22222222222
3355,210,0.0223945221423649,0.4,1,0.0254800483284609,17656.9523809523
2252,286,0.0205977393485576,0.277984443692932,1,0.0217826401362289,2997.83216783216
1241,85,0.0128215585714493,0.0348652931854199,3,0.0136584875872625,21550.9176470588
860,288,0.0283592375266347,1,0,0.0117310340822914,17998.6145833333
538,26,0.0128372890303808,0.125,6,0.018646376403175,818.884615384615
2660,365,0.0129746189163123,0.307692307692307,0,0.0115475893080189,438.684931506849
1576,132,0.0259543998503495,0.214,2,0.0179419170078225,1576.63636363636
2984,115,0.00352369300967336,0.25,11,0.0109618957986437,4324.06956521739
3256,330,0.0277580902889848,0.23076923076923,12,0.0265769884005098,16585.8909090909
2452,130,0.0135295752548151,0.25,2,0.011749994921532,17040.2692307692
498,582,0.0272709429474765,0.611111111111111,1,0.0259888063288542,21716.0635738831
519,321,0.0124438724185581,0.375,3,0.0113582647546308,21346.1152647975
1590,78,0.00770007324127631,0.0221610660486674,0,0.0082736565760999,5059.30769230769
1501,225,0.0265214286825313,0.678571428571428,12,0.0236399162532012,19402.4
1375,386,0.019106319421141,0.727272727272727,63,0.0198456483279526,16226.6554404145
1337,26,0.0501671671478641,0.636363636363636,0,0.0252182347235693,237.923076923076
1266,349,0.0103922528727103,0.888888888888888,8,0.0116392580911616,38.1575931232091
2064,82,0.0100078761834476,0.0298522364217252,2,0.0106852363768327,19759.4268292682
2888,32,0.0110408860630328,0.0320525582321321,0,0.0112512459149943,16648.15625
3436,84,0.0267252888693427,0.0752583694019962,0,0.0349714551665214,14017.2142857142
3328,242,0.0302282681932483,0.375,31,0.0240419231645303,13968.8842975206
3089,84,0.0168718032676828,0.608695652173913,0,0.012361392884553,14441.0833333333
103,209,0.0141447055394752,0.2,0,0.0246421340445778,4922.52153110047
451,19,0.0173151970865692,0.276764472640761,2,0.0139032725766362,4065.68421052631
3135,133,0.0583261720954312,0.275077559462254,0,0.0231531166330087,6102.23308270676
1201,246,0.0056349811294188,0.2,1,0.0191356216547279,763.272357723577
846,270,0.0131973490804578,0.5,0,0.0107857759635764,21467.574074074
1362,217,0.0506180828164531,0.714285714285714,0,0.0563803643790773,19764.7004608294
2373,909,0.0339417687053944,0.771428571428571,55,0.0391902969786851,16204.4499449945
2338,909,0.0339417687053944,0.771428571428571,55,0.0391902969786851,16204.4499449945
1771,770,0.0187178694331869,0.75,4,0.0312069765795249,1980.95064935064
1798,412,0.0258770284737908,0.714285714285714,6,0.024666619108369,18951.3616504854
2050,121,0.0655075249829938,0.139895998844431,0,0.0686435454279201,25085.8760330578
3490,40,0.00731236977719464,0.0140110785272075,0,0.00709829039332725,5733.775
221,332,0.0486551994170216,0.660550458715596,3,0.0445513727710161,106.415662650602
1056,399,0.163408166598597,0.358490566037735,284,0.017189604573519,5732.90476190476
2940,261,0.0255308534891152,0.938053097345132,14,0.0256954863433415,423.91570881226
2896,261,0.0255308534891152,0.938053097345132,14,0.0256954863433415,423.91570881226
2663,827,0.0277947652979254,0.500588235294117,0,0.0321548890424541,8127.82950423216
1153,48,0.030918928559181,0.447236180904522,2,0.0173354534967106,668.1875
2935,108,0.023892517205813,0.25,2,0.0253759409789184,15411.9444444444
154,197,0.0232829842035628,0.0849056603773584,0,0.0236444487466201,35029.9543147208
104,498,0.110927183407644,0.580246913580246,2,0.116249628390001,601.150602409638
1758,107,0.0127324998109595,0.0525898781816381,1,0.0128369790461928,19595.8411214953
3484,406,0.0080690117054828,0.0972222222222222,0,0.00912802377359538,798.169950738916
2727,160,0.00712505113721971,0.0350877192982456,3,0.00707753459195156,2493.80625
3308,340,0.025387612623526,0.110165329841217,3,0.0260186560291707,21446.15
1890,53,0.0205642018266961,0.0568407138136153,0,0.0250537068389079,17240.6981132075
128,410,0.107921454421705,0.348605577689243,0,0.114561780361063,617.687804878048
689,226,0.0162730495221145,0.5,13,0.02396115344258,6025.97787610619
2616,74,0.0192152015320341,0.5,6,0.0132445449184195,14298.5945945945
1946,50,0.00179319714534403,0.0104950148679377,9,0.00610399091499026,986.24
1823,1428,0.0190382131607715,0.962616822429906,46,0.0168398877106163,6167.53781512605
367,401,0.0283203060616653,0.5,0,0.0326080336319206,13429.8254364089
2515,254,0.0180981468715915,0.571428571428571,7,0.0147744325890109,16402.0314960629
3506,99,0.014962335832842,0.333333333333333,1,0.0111699719833123,12384.3939393939
2223,53,0.022163213420805,0.103386809269162,4,0.0273421097560412,16356
842,102,0.0864992252060615,0.772727272727272,0,0.110427119787494,465.039215686274
542,106,0.0287298193095553,0.408163265306122,0,0.0194390149359592,16014.2830188679
2079,345,0.0461996335368429,0.666666666666666,65,0.0123601339508173,9981.6
611,189,0.0239749125379215,0.391217564870259,0,0.0238351836479277,6239.94179894179
1443,296,0.0222175562128874,0.31578947368421,14,0.0226784346592597,18248.0777027027
2466,197,0.0184898392508148,0.513513513513513,0,0.0121683753838395,19286.4923857868
1350,264,0.0681136643374491,0.299126637554585,40,0.0837600929969524,482.257575757575
1703,240,0.0407073706301462,0.5,6,0.0483466828413465,16727.1041666666
1359,103,0.00620494732487015,0.0317460317460317,0,0.00689282335450736,2586.05825242718
956,63,0.0412255754309286,0.333333333333333,0,0.0812281051914354,11531.5079365079
2893,271,0.0257778005310666,0.100487480611566,0,0.0254453102034855,19758.6051660516
1102,142,0.0563629586189016,0.766233766233766,28,0.0395724583644046,141.654929577464
1788,998,0.0242506400886949,0.6,1,0.0259190902673893,19341.0571142284
3677,151,0.0320057513319515,0.210526315789473,5,0.0383029725021399,14498.9006622516
1101,393,0.0339312786544664,0.125,1,0.0365128253461403,17062.5674300254
703,143,0.00848355454072539,0.285714285714285,7,0.010766708153065,2477.85314685314
2328,35,0.0273609339541827,0.2,0,0.0164297614405728,12896.4571428571
2950,48,0.0219043007900156,0.0434126085315213,0,0.0266292447215986,18134.0416666666
1645,48,0.0219043007900156,0.0434126085315213,0,0.0266292447215986,18134.0416666666
2592,105,0.0192227396064693,0.0649606969067955,1,0.0209372495746341,18325.9619047619
1356,75,0.0228981860598661,0.125502787382682,3,0.0509308176100628,9540
132,75,0.0228981860598661,0.125502787382682,3,0.0509308176100628,9540
3336,39,0.0117265375947408,0.0625,2,0.0104477973546308,17991.7692307692
1652,206,0.011803116090485,0.0909090909090909,0,0.0119262610649974,18799.9902912621
2876,25,0.0768740410845079,0.470588235294117,0,0.0598341053238292,17210.92
2393,196,0.0316314062988511,0.545454545454545,0,0.0160187733242927,13484.1785714285
1908,196,0.0316314062988511,0.545454545454545,0,0.0160187733242927,13484.1785714285
1774,375,0.0377299290364564,0.4,4,0.0459271599356865,16621.9146666666
1448,90,0.0154242193533763,0.2,0,0.0134916897204539,17812.6111111111
2213,415,0.0267063448121591,0.256410256410256,48,0.0263044791943772,17509.226506024
434,57,0.0862502580714516,0.219161676646706,0,0.0916121830649019,660.105263157894
1579,162,0.0104191063777465,0.0714285714285714,0,0.0114569993999735,19011.5061728395
3250,1644,0.0111327213019216,0.333333333333333,1,0.0166375656456914,5689.20377128953
1962,271,0.0159887244879573,0.0934879571810883,5,0.0148750097768231,18918.5276752767
2356,293,0.0151331925603996,0.5,0,0.0129700557103064,156.832764505119
1688,63,0.122687650840397,0.666666666666666,1,0.0727804347333348,700.301587301587
602,185,0.00896791075283105,0.5,0,0.00848558441907098,2617.47567567567
935,251,0.0340254448273872,0.363636363636363,2,0.0251414037613757,18411.7171314741
282,251,0.0340254448273872,0.363636363636363,2,0.0251414037613757,18411.7171314741
1943,970,0.0512477225158967,0.494117647058823,353,0.0421830630821899,310.771134020618
1322,970,0.0512477225158967,0.494117647058823,353,0.0421830630821899,310.771134020618
2977,85,0.0230934967430378,0.0790263280226514,1,0.0249822426299923,21035.1764705882
1543,51,0.053688979913899,0.854368932038834,20,0.0273068526109427,3520.62745098039
3567,273,0.0213594206072262,1,0,0.011214349739641,22541.4358974359
1275,358,0.0253657962126376,0.666666666666666,0,0.0237723715037252,20613.220670391
1088,133,0.0226772757794798,0.2,0,0.0243500925160997,6225.2932330827
2449,94,0.0223809022004045,0.583333333333333,9,0.0121000292073386,19741.4680851063
1836,154,0.0107171419197065,0.25,12,0.0112503957985719,17041.8246753246
868,154,0.0107171419197065,0.25,12,0.0112503957985719,17041.8246753246
357,117,0.00727619101143452,0.0205944798301486,1,0.00757746243923473,5431.08547008547
3699,112,0.0115208689857224,0.333333333333333,3,0.0306742552697415,4075.66071428571
2916,57,0.0339759677740713,0.1875764130537,2,0.0435434832107793,15718.1052631578
2848,325,0.0218188730557652,0.0665492957746478,1,0.0249995776425313,19305.5569230769
3572,813,0.0232070728791279,0.552699228791773,57,0.0203764607095374,615.233702337023
540,67,0.010386330752328,0.2,1,0.0129992904456596,7025.64179104477
1686,203,0.011608842998321,0.0371248025276461,1,0.0115863676637291,21410.842364532
1038,339,0.0160846002105301,0.333333333333333,0,0.019228761080992,15762.8613569321
6,42,0.0293779817382891,0.272727272727272,0,0.0238508994288855,15591.9047619047
3003,467,0.00827535705697965,0.5,2,0.00909858303795818,27830.2976445396
1539,607,0.0200354179035102,0.2,1,0.0201465329495777,20738.9917627677
80,117,0.00983318950560526,0.0392352121091416,0,0.00991626631271717,23271.7863247863
844,130,0.0332251448785965,0.6,0,0.0177878343382682,18962.8307692307
1650,379,0.042018491046319,0.833333333333333,1,0.0216566927951067,3372.48812664907
1251,33,0.0484197956099053,0.101449275362318,0,0.0465891472868217,1172.72727272727
1609,321,0.00567375562734123,0.333333333333333,35,0.00820676488188527,218.647975077881
2167,614,0.0196391640896158,0.333333333333333,13,0.0573613756983275,3194.87133550488
350,638,0.0198206697209751,0.907514450867052,13,0.0335270487990762,8063.99843260188
1992,134,0.013938381923929,0.0470588235294117,28,0.0188119282080039,11471.3656716417
1030,222,0.0105627230057421,0.0384186126373626,2,0.0107583721318948,20562.2387387387
3573,145,0.0219177770874178,0.105778572261298,0,0.0273751778409579,14682.8206896551
2890,195,0.0134212123597736,0.0368455074337427,9,0.0153251991604877,1375.64615384615
1121,161,0.00692752567714509,0.0165068973579611,0,0.00737718956658012,28758.2795031055
1835,40,0.038455306429055,0.283018867924528,12,0.0267581216552347,331.675
2901,366,0.0214190188387688,0.625,0,0.0176950617690625,20818.9972677595
2748,366,0.0214190188387688,0.625,0,0.0176950617690625,20818.9972677595
1496,133,0.0718817507546726,0.601190476190476,0,0.036839537739499,446.96992481203
2538,211,0.0250704786023,0.0889363615920845,0,0.0265842508974767,20919.6303317535
45,368,0.0186774959870547,0.0556497414596931,9,0.023705016719577,14125.2663043478
2108,4,0,0,0,0,4.75
2487,543,0.0131151796928723,0.114583333333333,6,0.0128772501336474,19122.7642725598
2996,417,0.0276785571038244,0.666666666666666,12,0.0267697453783841,20005.0455635491
3469,262,0.0148204030146446,0.222222222222222,21,0.0136520149319269,16732.4236641221
597,133,0.00302015673791881,0.166666666666666,1,0.00491249616211237,48.9774436090225
3050,126,0.00630950941743514,0.166666666666666,0,0.0127771216600746,2002.5873015873
2849,251,0.00721255038320455,0.150943396226415,4,0.00758798690342645,873.681274900398
510,384,0.0196964499998857,0.428571428571428,41,0.0237508910634437,160.739583333333
1725,150,0.0263042263228487,0.44,0,0.0351665442605953,154.313333333333
3257,402,0.00679318393098167,0.0235849056603773,0,0.00686835199615392,993.452736318407
3220,424,0.0385038851404115,0.0909090909090909,0,0.0531091244875976,18753.5731132075
3237,148,0.0128029172269003,0.2,3,0.0126208332757845,17611.3783783783
245,53,0.0101004012022697,0.032472303035646,0,0.0109863845314255,7104.84905660377
1212,145,0.00690535211421996,0.0153224090231964,0,0.00702855258435388,5207.33103448275
948,357,0.0328007049319117,0.5,172,0.0283052295891781,268.778711484593
3692,39,0.00578123595854443,0.0115403913697942,2,0.00691466617799767,4197.6923076923
1530,39,0.00578123595854443,0.0115403913697942,2,0.00691466617799767,4197.6923076923
959,67,0.0161180391492816,0.144395186827105,0,0.0178984848022473,18096.2537313432
1850,227,0.020879141229798,0.839285714285714,0,0.0176167854315122,155.788546255506
2877,64,0.0207797100504653,0.25,1,0.00923997014778875,9232.984375
2291,64,0.0207797100504653,0.25,1,0.00923997014778875,9232.984375
3464,121,0.011672841696424,0.0927660930528999,5,0.0406477977192573,5640.47107438016
2483,159,0.00754179217916967,0.0848790168689413,2,0.011406677036373,2862.71698113207
1114,159,0.00754179217916967,0.0848790168689413,2,0.011406677036373,2862.71698113207
23,48,0.0188837562672951,0.384615384615384,0,0.0298082364960713,5668.875
2090,169,0.0126741162968422,0.333333333333333,0,0.0281125218571391,7255.2899408284
1939,407,0.0090686944339374,0.31578947368421,8,0.023267534649307,1257.77641277641
946,486,0.0364177440701395,0.748267898383371,133,0.0339613880565612,283.606995884773
2675,63,0.0210099984952691,0.0693484419263456,0,0.0240967025430928,18701.7619047619
3548,90,0.0150009269223944,0.397727272727272,6,0.00793201765813785,14925.4444444444
2813,73,0.0271440189453274,0.333333333333333,0,0.0242074520025611,12387.2191780821
1840,113,0.00513202365597204,0.222222222222222,4,0.0149205811788193,1515.99115044247
840,676,0.00736938631454333,0.333333333333333,0,0.00702747531762729,33512.1656804733
3375,402,0.0255627084376755,0.891304347826086,38,0.0251675568682274,15352.3283582089
1080,93,0.0137143771041226,0.0383608538058799,3,0.0139468769905118,18805.6129032258
2642,571,0.0136582956604324,0.345864661654135,0,0.0119049836242069,18524.523642732
56,98,0.052049889659885,0.110294117647058,0,0.0603446005920301,24026.6326530612
2325,330,0.0150067435959557,0.5,8,0.0114663074914512,16272.9727272727
220,556,0.00797784520971639,0.333333333333333,40,0.00967791022064418,177.293165467625
2150,437,0.00802573775795352,0.166666666666666,0,0.0081990012010873,723.981693363844
747,242,0.0317012330746557,0.2,1,0.0312290631258473,18293.3801652892
267,335,0.0248825507873655,0.75,10,0.0313768492333737,5430.85074626865
2994,244,0.00642937578193172,0.0625,0,0.00659828368830162,2919.90983606557
743,173,0.00489069217959288,0.111111111111111,6,0.00721691939475733,2835.34104046242
181,141,0.012219494466425,0.25,3,0.0131442154002573,1548.56028368794
3258,122,0.019340720793306,0.5,75,0.00790246740936095,873.352459016393
1851,639,0.0303724856826722,0.615384615384615,1,0.0299562500526422,17465.1674491392
704,148,0.0331043008606707,0.297805642633228,0,0.0322014386139664,827.56081081081
2259,349,0.00732422546605675,0.0241112828438949,0,0.00732920391117305,5230.47851002865
2842,102,0.0337007531830538,0.385321100917431,0,0.031455642628949,359.049019607843
34,112,0.0240175327097211,0.604651162790697,0,0.0221706467965553,292.375
464,242,0.0122154892853448,0.180688336520076,2,0.0121009635775436,33281.6198347107
2460,498,0.0690347357336305,0.436008676789587,5,0.025586842386648,5934.35341365461
1605,239,0.0687209692385286,0.971462544589774,21,0.0273693395415394,16888.610878661
452,78,0.012798131184501,0.0504201680672268,0,0.0117585019007633,23509.4487179487
3389,371,0.0141148522268187,0.25,1,0.0139717761209119,19595.9164420485
281,7,0.0948214445847589,0.352941176470588,0,0.0519797705686443,17372.1428571428
1884,175,0.0236628598525489,0.764705882352941,0,0.00901387164678577,5293.42857142857
1170,175,0.0236628598525489,0.764705882352941,0,0.00901387164678577,5293.42857142857
721,14,0.138944723258322,0.461538461538461,1,0.0205693529312383,1691.14285714285
3359,115,0.0127007789525846,0.333333333333333,0,0.0101339905255327,21636.1826086956
2251,579,0.0101042668562188,0.4,3,0.0113054084046721,13667.7823834196
2165,160,0.0213600214197441,0.333333333333333,0,0.02020010477983,14172.575
2408,171,0.0285302547138538,0.375,3,0.0264089526705949,17721.2631578947
1063,171,0.0285302547138538,0.375,3,0.0264089526705949,17721.2631578947
2661,326,0.0193273804048616,0.333333333333333,0,0.0172897238109318,19524.1687116564
471,674,0.0258327586127893,0.911242603550295,6,0.0227217697768178,386.040059347181
2720,302,0.0283978034189822,0.446133509583608,10,0.0249721391720758,20008.3907284768
1975,161,0.0274497576456131,0.74074074074074,3,0.0214451875545216,512.645962732919
486,161,0.0274497576456131,0.74074074074074,3,0.0214451875545216,512.645962732919
1376,88,0.0249640434475101,0.352941176470588,0,0.0261945038221293,13657.0113636363
3643,379,0.0175956744490477,0.1,0,0.0192882977439539,17315.6517150395
3607,379,0.0175956744490477,0.1,0,0.0192882977439539,17315.6517150395
2171,57,0.0165731355139084,0.285714285714285,0,0.0103810919328041,18246.7368421052
2636,163,0.0536662479644601,0.463201820940819,14,0.0289171440523637,14240.1779141104
3055,282,0.0264926490230001,0.666666666666666,96,0.0279828491206644,13612.1879432624
2886,228,0.0264007464153274,0.843040473840079,25,0.0677966101694915,2981.31140350877
2941,327,0.0417578912662002,0.6,1,0.0416803926877434,19596.7737003058
1458,23,0.0466375708316319,0.4375,0,0.0272450014788053,13671.4347826086
2011,644,0.00673938798552653,0.5,12,0.00847528571859104,463.715838509316
1323,73,0.020544386705027,0.0381237605730705,2,0.0236940192340522,19258.0821917808
3556,101,0.00960774183493643,0.0833333333333333,0,0.00968521430295133,18298.7920792079
100,271,0.0474198418549695,0.870967741935483,16,0.038696213265859,17745.1881918819
3157,184,0.0493143591243365,0.242857142857142,8,0.0604298024691846,8241.14673913043
3246,197,0.0119645934103272,0.363128491620111,4,0.011245285630255,440.116751269035
1364,333,0.014911350679209,0.979020979020979,0,0.011252758802296,15612.054054054
358,340,0.00837698612481532,0.0395136778115501,0,0.00919548279786395,27717.5735294117
169,58,0.00833689220965064,0.121951219512195,4,0.00773468170459285,4422.53448275862
474,713,0.0107347427885834,0.761194029850746,17,0.0181323485852227,2372.22580645161
232,713,0.0107347427885834,0.761194029850746,17,0.0181323485852227,2372.22580645161
1344,24,0.0150614793520847,0.0320100870414056,4,0.0235976297968397,14766.6666666666
2063,67,0.0103228572416629,0.25,2,0.00729295109650559,5241.20895522388
2704,202,0.00875056189678542,0.0909090909090909,0,0.00890383522878713,3250.35148514851
3460,301,0.00751984520548022,0.333333333333333,8,0.00752942914580288,4407.51162790697
997,304,0.0091099784740759,0.333333333333333,0,0.0125918515196467,286.055921052631
3656,231,0.0110662987540398,0.0416789251740708,5,0.0110004332853572,22789.7359307359
216,308,0.00295127171982641,0.666666666666666,3,0.00812672176308539,23.5714285714285
2033,280,0.00906741308692675,0.0280441732054635,0,0.00980823781017064,3991.17857142857
3105,366,0.0492573109050558,0.5,113,0.0214719180319414,158.931693989071
1274,147,0.0118074963759185,0.166666666666666,0,0.0109450069449852,18782.2108843537
2788,400,0.00709728412720185,0.0836707152496626,1,0.00703441058683893,33330.44
672,67,0.0177851848160157,0.4,11,0.00713634638527836,4601.20895522388
502,158,0.00793631622978145,0.2,0,0.00706474089010963,25994.664556962
967,252,0.0242982530022432,0.097946634457011,0,0.0259364894080322,20893.5277777777
2493,440,0.0260141571878619,0.166666666666666,1,0.0276043082241335,20286.359090909
3295,171,0.0254159311765913,0.115279672578444,9,0.0263302542890016,15065.0526315789
1147,843,0.272808328025215,0.945205479452054,37,0.133363318231183,324.402135231316
3507,340,0.00440487035299176,0.333333333333333,6,0.00825369244135534,40.6235294117647
1784,451,0.00886337446840544,0.14,4,0.00792925918422183,38578.1042128603
553,858,0.111082283211028,0.666666666666666,108,0.0657245140074095,1399.94172494172
1084,422,0.0127415381071563,0.375,0,0.0116034108408497,15855.7725118483
2219,90,0.0244645062860216,0.167582417582417,15,0.0107504490199651,4268.55555555555
1882,165,0.0117368379903737,0.035721334122755,3,0.0120858797544503,21287.5515151515
1087,165,0.0117368379903737,0.035721334122755,3,0.0120858797544503,21287.5515151515
753,290,0.0113242389325989,0.0483356869074036,2,0.011505193591579,20461.224137931
347,596,0.0185530963117252,0.0811783224645828,0,0.0189707826320713,22369.7046979865
2543,80,0.00298383710216247,0.0769230769230769,7,0.0186119830196767,903.9875
2765,506,0.0433554544635229,0.857142857142857,40,0.0486692136248389,13533.9308300395
1889,123,0.0019527252164564,0.037037037037037,0,0.0064464141821112,282.50406504065
2930,458,0.482302650240363,1,23,0.0125394646582965,3058.81441048034
2630,458,0.482302650240363,1,23,0.0125394646582965,3058.81441048034
511,106,0.0103386640928187,0.034090909090909,1,0.0110038070728632,20227.9905660377
1383,33,0.0663037325627914,0.461538461538461,1,0.0663068146966815,11362.6969696969
41,795,0.0254351072761621,0.120959140892206,24,0.0266751918866944,20890.5383647798
57,223,0.0377361021433424,0.5,209,0.0309361436722457,1747.12556053811
1015,647,0.0111526721955188,0.5,21,0.0421686746987951,46.4389489953632
493,67,0.0224856853242497,0.5,0,0.00996959209947122,16207.4925373134
2075,168,0.0113549845826979,0.0562235944101397,1,0.0110378239230867,20574.8154761904
135,101,0.022867082008218,0.0725957797409255,0,0.0252438910423624,19494.1782178217
3081,252,0.010328916147732,0.0815575054841742,2,0.01117982678433,21296.5079365079
2686,113,0.0374934046372212,0.125,4,0.0475001072806993,14023.2566371681
1915,78,0.0062059700869493,0.333333333333333,0,0.00914160098654227,956.461538461538
3318,251,0.0261572326714984,0.5,1,0.0575901972127887,2706.44223107569
3313,492,0.0191275050410839,0.962616822429906,16,0.0168858031470655,5681.63821138211
3432,211,0.0125167221509945,0.25,10,0.0425283385841736,3416.28909952606
2563,208,0.0146610785470862,0.5,0,0.0113288128202111,18918.7451923076
2181,1214,0.0436099822726045,0.415584415584415,0,0.026248938200331,27075.7009884678
2088,421,0.0517176452985639,0.769230769230769,0,0.0346408938999543,17260.296912114
231,122,0.0120846971162526,0.2,3,0.0164322946750823,2341.45081967213
2102,662,0.0177679879048909,0.888888888888888,222,0.0227911303823471,1287.60271903323
2345,121,0.0134544773999965,0.176400476758045,4,0.0236019242333132,604.727272727272
1746,572,0.0131854244928871,0.333333333333333,3,0.0126144271924193,18208.2832167832
2319,970,0.012765858018609,0.608695652173913,48,0.0184493236658864,3142.01443298969
1701,623,0.0207408040825197,0.5,179,0.0187106789770406,530.422150882825
957,72,0.146498198993482,1,2,0.0679299602383581,3936.65277777777
1480,126,0.00329649711583017,0.0262008733624454,0,0.0124054462934947,78.6904761904761
1947,54,0.0440015113340817,0.555555555555555,4,0.0113166702983843,5184.09259259259
2377,281,0.0291235389845672,0.4,3,0.0267513773027101,864.291814946619
2369,153,0.0675347000890909,0.302469135802469,2,0.0770558595579037,935.235294117647
3476,117,0.0224669903399878,0.25,2,0.0184801640902496,15376.1538461538
2091,342,0.0108675942119834,0.0512820512820512,0,0.0108101050821633,23739.4298245614
973,13,0.0629510179633726,0.602996254681648,0,0.0196831228861807,18172.5384615384
549,4,0.0231819317344489,0.051063829787234,0,0.0138804421707866,6988.25
2409,496,0.0973225826321211,0.27391874180865,1,0.109525508383874,559.469758064516
560,496,0.0973225826321211,0.27391874180865,1,0.109525508383874,559.469758064516
886,92,0.0319167385291056,0.85,1,0.0282416672914876,15076.7826086956
3475,510,0.0106902803524943,0.669950738916256,10,0.0341103543922651,1487.3294117647
2076,510,0.0106902803524943,0.669950738916256,10,0.0341103543922651,1487.3294117647
2989,351,0.0156037661717637,0.5,2,0.012985837758323,19204.792022792
1717,1328,0.0214262195622384,0.5,18,0.00922543376541091,8290.82379518072
2681,180,0.00797538211375072,0.032841126606508,1,0.00811407635957991,34124.5111111111
740,538,0.037335946589123,0.9,22,0.026083283602527,18759.6115241635
450,538,0.037335946589123,0.9,22,0.026083283602527,18759.6115241635
429,274,0.015384259859585,0.5,0,0.0183927333187754,952.653284671532
3612,598,0.0380526220172044,0.913043478260869,7,0.0363450328641926,20883.5518394648
3002,150,0.0225809764710889,0.5,10,0.0263503590836705,2151.77333333333
1681,344,0.00868945806251198,0.2,2,0.00799305030024315,649.183139534883
3113,180,0.0231952467239808,0.23076923076923,12,0.0249441533138499,15876.8
2023,272,0.00822242023373232,0.125,13,0.00785340882368901,5081.15808823529
2882,595,0.0298568668632885,0.875,2,0.0101967563334746,17685.1428571428
2434,118,0.0246577449406389,0.55,0,0.0219902590937775,16088.0169491525
3305,84,0.0142732645654743,0.0731182795698924,0,0.0177854081105949,1060.92857142857
64,140,0.0219231993598283,0.4,3,0.0332220341026434,5450.77142857142
3159,436,0.00835749767862582,0.166666666666666,31,0.00779289304693623,5103.15596330275
2510,182,0.0138546702977214,0.166666666666666,86,0.0154427786643751,2864.52747252747
3394,93,0.0126438028309062,0.0345832781237577,0,0.0127982296443969,21126.9139784946
2418,489,0.0656454605848821,0.5,5,0.0309018148477858,18499.1881390593
541,274,0.0103172655140666,0.0952380952380952,13,0.0102794697057735,19251.3978102189
1990,291,0.112348366085401,0.327922077922077,1,0.117305657027755,603.938144329896
3430,171,0.0113371914511788,0.2,5,0.0239712087227239,2083.15204678362
1687,354,0.0249566885521148,0.313513513513513,35,0.0258081622566424,18803.9971751412
3403,331,0.0155440666960853,0.140271493212669,1,0.0166057020613519,457.564954682779
2670,354,0.0105983670830659,0.047190344281757,1,0.0105467631274203,21324.9887005649
93,354,0.0105983670830659,0.047190344281757,1,0.0105467631274203,21324.9887005649
2658,116,0.01689259002742,0.6,1,0.0115351434565109,17617.0775862068
710,778,0.0254840305581925,0.454545454545454,6,0.0296322842153798,6269.47686375321
1442,579,0.0119603076279644,0.25,1,0.0116152469560123,18675.6493955095
923,213,0.0212468464580997,0.120959140892206,3,0.0252452312268474,18981.3192488262
2764,208,0.012047015004054,0.2,0,0.00984281989226947,19293.1538461538
2286,131,0.034034007150213,0.909090909090909,93,0.023309011896184,6790.93893129771
160,89,0.0134505445951454,0.333333333333333,2,0.0113023278931736,11981.2247191011
889,189,0.0108026184076849,0.25,4,0.00999887230763447,140.756613756613
1535,589,0.142290222935585,1,0,0.00829503618128729,668.675721561969
2949,167,0.0558663176311726,0.5,4,0.0586681059582784,19404.0898203592
1490,167,0.0558663176311726,0.5,4,0.0586681059582784,19404.0898203592
2922,567,0.0989503005430405,0.343485617597292,0,0.111095278954003,569.366843033509
9,567,0.0989503005430405,0.343485617597292,0,0.111095278954003,569.366843033509
3691,142,0.0201900239107257,0.0399408284023668,0,0.0201791861779146,16127.690140845
1430,121,0.0126210276175242,0.166666666666666,1,0.0105217215826696,22893.214876033
1968,98,0.054620036820967,0.0747795762600342,4,0.0624228086003661,25628.7142857142
3046,286,0.0157343501549704,0.408163265306122,0,0.0183636600674203,1877.37762237762
2199,275,0.00333008860452221,0.333333333333333,1,0.0136753995454079,3478.04363636363
1562,67,0.0333469475818331,0.312217194570135,38,0.0126738424598476,3617.74626865671
3453,125,0.0375882546475269,0.444444444444444,16,0.0282343241913968,4521.872
1328,155,0.0220660886753312,0.2,0,0.0617998609430605,6894.36774193548
631,480,0.070606431215293,0.923076923076923,0,0.0268400346435032,19200.3291666666
1600,119,0.0400767877769686,0.327586206896551,13,0.0277961755925551,18130.781512605
1754,106,0.0316721061993371,0.428571428571428,0,0.0375633010021482,13530.3679245283
1963,52,0.0275504626268412,0.88,1,0.0107985084484002,18927.1153846153
3132,387,0.0110168555165282,0.0455531453362256,4,0.0112604935204497,447.242894056847
2123,1273,0.0275991405249508,0.471502590673575,665,0.0275147258175783,325.670070699135
2191,439,0.00927635096246133,0.5,0,0.0125809903303945,1388
1076,86,0.0271477669233063,0.169762558552737,1,0.0280357884242532,17308.4418604651
2702,289,0.0231598963941937,0.333333333333333,2,0.0180729408445998,20214.892733564
3285,355,0.0445038824386416,0.666666666666666,2,0.0111525532314421,3060.24788732394
1079,60,0.0254279291375861,0.2,2,0.0244677441083697,17938.5833333333
635,252,0.00968330502621544,0.0350877192982456,1,0.0104203930964584,19145.9126984127
1416,174,0.0252861144851851,0.0725957797409255,0,0.025368821837529,21821.9712643678
522,174,0.0252861144851851,0.0725957797409255,0,0.025368821837529,21821.9712643678
65,71,0.0106858133348805,0.0555555555555555,4,0.012873322088194,14904.7183098591
355,43,0.00566444302648101,0.174157303370786,2,0.0116486858989591,4893.25581395348
378,370,0.0275823861975581,0.433333333333333,9,0.0208504187479808,217.508108108108
2910,225,0.0222516492503505,0.238095238095238,15,0.0252854248493065,16393.1066666666
1390,225,0.0222516492503505,0.238095238095238,15,0.0252854248493065,16393.1066666666
3582,754,0.0223270012925738,0.933884297520661,4,0.0231836901377894,6027.6299734748
2826,66,0.0240843510603188,0.0534076827757125,0,0.0259170662730718,20541.0454545454
2344,43,0.0112758346667193,0.25,2,0.00778972761081515,1388.23255813953
2683,1089,0.0246878348603898,0.117647058823529,0,0.0261862726868172,34346.7447199265
1001,351,0.0877741954063204,0.30416068866571,3,0.0995695682789673,574.524216524216
236,351,0.0877741954063204,0.30416068866571,3,0.0995695682789673,574.524216524216
2753,324,0.0149805626714934,0.5,24,0.0112550530033869,2976.16666666666
2103,85,0.0531336752071906,0.64516129032258,7,0.0413978261810938,271.682352941176
735,85,0.0531336752071906,0.64516129032258,7,0.0413978261810938,271.682352941176
1098,202,0.0275035457132901,0.666666666666666,2,0.0247581477309934,18763.5
3195,125,0.291381823430124,0.92079207920792,0,0.0517958016502072,11621.328
1876,184,0.0111391531085462,0.5,3,0.0128734140046671,351.668478260869
2368,533,0.0178109328078752,0.0800790904597133,0,0.0183712618858053,1899.32833020637
865,65,0.0257413153259498,0.0835348608435463,0,0.0256442540109722,23460.6461538461
1053,15,0.0254022988505747,0.264367816091954,15,0.161290322580645,37.2
767,176,0.0261923194088098,0.195121951219512,7,0.0259567483077275,20218.0738636363
1338,393,0.00743963742349857,0.176470588235294,40,0.00723602094337382,4415.63867684478
3443,269,0.0369837245985589,0.333333333333333,53,0.0297173043343721,336.379182156133
1593,153,0.040180187397477,0.625,1,0.0230594763009091,6662.50980392156
617,42,0.106690296753237,0.399497487437185,0,0.142342342342342,264.285714285714
127,718,0.0924846009103872,0.3,17,0.0767893414420014,804.302228412256
146,109,0.0279704528917793,0.818181818181818,0,0.0206162212040495,23245.2568807339
3118,322,0.023119239299612,0.0934879571810883,2,0.02430894413043,11156.9751552795
1046,459,0.016340801160123,0.0909090909090909,57,0.0159350203339568,16450.7973856209
1997,135,0.00689357471852989,0.333333333333333,3,0.011400651465798,31.837037037037
559,552,0.00805332666704117,0.25,0,0.00744135008279443,33467.5126811594
1874,121,0.0187165052704344,0.2,0,0.059875439228301,4061.87603305785
1967,256,0.0173701502402935,0.6,0,0.0119229125702149,19635.578125
739,53,0.00677016361258788,0.0122476752097981,49,0.00719902910797416,5021.64150943396
2057,320,0.00295180560001441,0.5,16,0.0100799543118218,1641.5625
543,320,0.00295180560001441,0.5,16,0.0100799543118218,1641.5625
1503,84,0.0209636877807359,0.0564281256500936,1,0.0217645377963696,19414.5
3064,44,0.0260576363196162,0.0696706405334411,0,0.0285206628976374,22013.5454545454
3673,153,0.0156073748969575,0.2,6,0.0155500186894419,19461.5490196078
2490,866,0.0102445259693717,0.25,32,0.0127015640991299,12579.2367205542
396,279,0.0172948625073001,0.5,4,0.0125212206399523,15463.0681003584
157,148,0.0111307441510648,0.0345194546059195,1,0.012359812233907,18568.2432432432
2718,761,0.0296045880393126,0.4,1,0.0311391706259016,16590.7293035479
3193,227,0.0250386125669279,0.263261296660117,11,0.0219077239930142,3165.66079295154
3538,68,0.019117959182843,0.0732624909246914,1,0.0220990538357932,21050.9411764705
381,374,0.0371475724076185,0.469758064516129,1,0.0376838605392283,464.81550802139
1574,587,0.0252734696258428,0.222222222222222,4,0.0264934085389697,20192.2231686541
3371,59,0.0385577706485543,0.571428571428571,2,0.034875035405173,13523.8305084745
2836,534,0.0464644346332053,0.38095238095238,0,0.053058307889968,6292.27902621722
2327,534,0.0464644346332053,0.38095238095238,0,0.053058307889968,6292.27902621722
129,1351,0.0228612441444718,0.895348837209302,38,0.0210645601572357,21247.9200592153
3496,21,0.0129427399111247,0.15032679738562,1,0.0077760497667185,4347.90476190476
3019,120,0.0160800215055969,0.517241379310344,3,0.0124147248531239,16086.4083333333
1893,168,0.0132583628510481,0.196029776674937,0,0.0123442266185646,20592.8154761904
1900,221,0.0182220925518269,0.25,192,0.010144162473919,21634.7149321266
885,86,0.010690892766623,0.0454545454545454,2,0.0115392582270512,17289.8139534883
2887,170,0.0883345471658066,0.849056603773584,0,0.0158777157211191,5503.08823529411
953,585,0.028757524969557,0.479166666666666,14,0.0198721712745058,556.032478632478
3080,555,0.0278482846718324,0.114438502673796,2,0.0279543225378063,20785.7747747747
847,33,0.160761388109173,0.857142857142857,0,0.0850312175296313,16477.7272727272
2358,552,0.0120541033966162,0.035160905840286,1,0.0117034445515363,22211.0380434782
2760,598,0.00548262787375397,0.333333333333333,27,0.0235594777940716,3488.28929765886
1898,598,0.00548262787375397,0.333333333333333,27,0.0235594777940716,3488.28929765886
3335,165,0.0237708418878476,0.4,0,0.020955614712447,20180.3151515151
3187,175,0.0226687118018815,0.333333333333333,3,0.0232367541459829,1959.21142857142
1970,487,0.0118502838818715,0.46031746031746,0,0.0102153498967903,3071.83572895277
3523,111,0.0309269362689654,0.375,33,0.0117244781218368,14756.9909909909
582,1607,0.011838484133584,0.0642740402254761,0,0.0117865868557145,3537.50280024891
1058,25,0.00786127301987217,0.0193740685543964,0,0.0102196829484187,497.08
2365,55,0.0151323719540489,0.375,4,0.0104066769847223,13403.9818181818
2992,36,0.0153132019293856,0.0486239424292521,0,0.0143329141382955,17184.6111111111
317,346,0.0251934434739142,0.0928069842474852,6,0.0250336441729174,21619.9219653179
1808,418,0.0148114566389327,0.375,0,0.0116473593594181,18234.6196172248
3631,33,0.0153645180494708,0.2,0,0.00948558665456829,17366.0606060606
3504,581,0.102580697885975,0.4,0,0.111045109263059,573.707401032702
2925,152,0.00736499752621325,0.0311346228026671,0,0.00818155978661385,33191.6184210526
2100,227,0.0372579322454852,0.646718146718146,2,0.0315690277995916,1318.27753303964
2474,279,0.020068733245389,0.875,8,0.0129865248183629,15256.5089605734
1122,279,0.020068733245389,0.875,8,0.0129865248183629,15256.5089605734
1202,224,0.0178218724717933,0.403628117913832,5,0.0169286258726401,21811.375
110,3,0.136001808668881,0.352941176470588,0,0.0299813513125806,6971
2789,267,0.0252498822919238,0.4,9,0.0237558968801153,6317.21722846441
2569,406,0.0201774087302189,0.0650671483546689,0,0.0198362691974817,19095.9852216748
3282,260,0.0173299389246195,0.151407377299054,0,0.0170222089857045,9040
696,518,0.0542279509751188,0.958333333333333,372,0.0146226037716961,4898.40347490347
890,189,0.0122090552323196,0.125,8,0.0138385078028282,16757.9312169312
3026,42,0.0141868403373617,0.0339764879540302,6,0.0180844048653721,27476.9761904761
2652,150,0.0176463832152676,0.241379310344827,1,0.0119538348086425,20539.5733333333
1522,172,0.018951058857742,0.88095238095238,2,0.0131009497288162,16627.1453488372
1140,172,0.018951058857742,0.88095238095238,2,0.0131009497288162,16627.1453488372
1284,643,0.017210157260755,0.96078431372549,29,0.0113276950794887,15333.1244167962
977,15,0.0512207552315915,0.283018867924528,0,0.0352673492605233,293
125,9,0.0619597729323415,0.222222222222222,0,0.0489236790606653,56.7777777777777
3170,331,0.00663501337227107,0.0769230769230769,0,0.00701579853893211,4476.30211480362
2578,348,0.0290512649898455,0.252645502645502,0,0.0273228210849621,19104.698275862
3649,300,0.310973811280948,1,24,0.0218127669323035,814.813333333333
3054,300,0.310973811280948,1,24,0.0218127669323035,814.813333333333
2676,300,0.310973811280948,1,24,0.0218127669323035,814.813333333333
1569,300,0.310973811280948,1,24,0.0218127669323035,814.813333333333
1358,300,0.310973811280948,1,24,0.0218127669323035,814.813333333333
813,300,0.310973811280948,1,24,0.0218127669323035,814.813333333333
803,300,0.310973811280948,1,24,0.0218127669323035,814.813333333333
2703,73,0.0140756351059644,0.142857142857142,0,0.0135243467703295,17668.7945205479
1004,73,0.0140756351059644,0.142857142857142,0,0.0135243467703295,17668.7945205479
1801,223,0.00408669898712721,0.5,2,0.0159665978950086,4029.7130044843
1516,269,0.0217504844759353,0.222222222222222,0,0.0248322781168482,14020.1561338289
2443,108,0.0352828111684431,0.5,1,0.0539987914770431,11936.824074074
3052,568,0.0213629971175609,0.198979591836734,0,0.0213233964765673,175.285211267605
1285,53,0.00607991423261621,0.0263267491670633,1,0.00729661628887531,29892.3773584905
3407,668,0.017004725550167,0.0994318181818181,0,0.0166209352102575,8215.86676646706
995,254,0.012185812427998,0.0344103039895213,0,0.0127535845716872,34515.5393700787
859,119,0.00610717973992499,0.333333333333333,3,0.0295222465353756,921.680672268907
269,331,0.0109720525359218,0.0359134811590259,0,0.0106577476432162,24233.253776435
3155,77,0.0178825885491906,0.3125,7,0.012720889811621,17364.8311688311
2711,529,0.0192860184789248,0.727272727272727,12,0.0166056788862323,16662.2570888468
2326,40,0.00686925077380159,0.0155484558040468,1,0.0075804483618947,5491.1
2162,255,0.0228233511619819,0.608695652173913,1,0.018936039835768,18923.9725490196
3477,3,0,0,3,0,15.3333333333333
1380,307,0.015313909098246,0.866666666666666,0,0.0112957188200517,14044.1205211726
2394,192,0.0147737151750871,0.2,2,0.0105551884592776,22125.2760416666
3233,278,0.00825873813232667,0.0264105642256902,0,0.00817029954955904,853.679856115107
3522,140,0.0149959286256126,0.0500936329588014,1,0.014298510805061,17862
3190,104,0.00993487218448982,0.0352669742913645,4,0.0119183085229643,18547.7403846153
1425,62,0.0381730417301505,0.833333333333333,1,0.0260237800310045,17396
600,265,0.0202166020084456,0.893939393939393,0,0.0177225034193068,22097.0528301886
2835,656,0.0347999112435707,0.289398280802292,0,0.0167269284303082,6130.94207317073
3199,123,0.0311196734716536,0.0735222105631339,1,0.0378505174009467,18043.5934959349
1994,24,0.0204562833088236,0.0833333333333333,0,0.0254519238321794,14853.1666666666
139,472,0.052718024629374,0.761904761904761,1,0.0566143410003556,22870.8072033898
258,64,0.344735400865471,0.902654867256637,0,0.0716768917640871,10755.296875
660,193,0.00856993254213068,0.5,18,0.0126025763244501,4326.36269430051
779,1167,0.00900356070540403,0.25,0,0.00859182826929523,32637.3770351328
2028,61,0.0188329430132708,0.5,0,0.0209790209790209,4.68852459016393
2009,109,0.0184335862436268,0.333333333333333,1,0.02338685561984,3528.21100917431
3527,81,0.0323604754591957,0.6,2,0.0283503359320627,20027.1975308641
2151,24,0.108364153379012,0.904761904761904,0,0.0226974860002382,699.416666666666
3307,127,0.0413431290740997,0.617647058823529,7,0.0263876251137397,51.9212598425196
1625,300,0.0195913555313694,0.0794251549558444,4,0.020912164443504,18510.9166666666
2298,321,0.0119038268464997,0.375,0,0.0175010229148897,11709.8629283489
1822,788,0.0119215550679237,0.282392026578073,6,0.0109393981608389,847.191624365482
1765,695,0.0407963859104424,0.918367346938775,0,0.0336076862460634,13186.817266187
712,72,0.00658099768206854,0.0116504854368932,0,0.00679207454915559,2715.58333333333
2758,128,0.0211175741122427,0.222222222222222,0,0.0175263181289694,14587.8828125
2757,1301,0.0666829479165548,0.90566037735849,36,0.0401788009071637,1121.4857801691
3577,411,0.015571013611356,0.129240060392551,1,0.0138001336036884,20199.9172749391
2407,221,0.0171682069961153,0.0524255387844055,1,0.020593818105125,19309.0497737556
2944,376,0.0273986541460658,0.274390243902439,3,0.0290030512619819,17716.7712765957
2116,376,0.0273986541460658,0.274390243902439,3,0.0290030512619819,17716.7712765957
2003,51,0.0673441147549731,0.521739130434782,0,0.0601208847736625,304.941176470588
505,228,0.00797646681195498,0.25,3,0.00745085867789581,4507.89912280701
3044,200,0.035927946316465,0.5,1,0.0365267154025995,19219.905
2010,414,0.0440865645295358,0.953201970443349,15,0.0432860321297804,13787.6811594202
2706,126,0.00672069288925938,0.0454545454545454,0,0.0068400845498079,6236.57936507936
311,145,0.0222326252509849,0.153846153846153,4,0.0251842248199133,17915.7034482758
2633,177,0.00917386455939369,0.333333333333333,5,0.0235590200977989,945.09604519774
1740,1026,0.018561429697763,0.0915948275862068,2,0.0190330175139429,22002.8538011695
2229,2140,0.00894580905260015,0.166666666666666,0,0.00914686789146398,31170.9785046728
352,279,0.0269703969801446,0.5,4,0.0186048238854745,1930.35842293906
2590,397,0.0109893255981098,0.363636363636363,21,0.0109883186274326,11474.0579345088
3298,239,0.0156791290469137,0.23076923076923,5,0.0165543879962698,20351.8326359832
3518,221,0.0183034957007536,0.702702702702702,21,0.0300854035825997,6094.56561085972
1466,270,0.0472411982410038,0.8,107,0.057802755123021,270.203703703703
1173,270,0.0472411982410038,0.8,107,0.057802755123021,270.203703703703
867,190,0.0102739356007978,0.0631308322224338,1,0.0115371531321378,17328
871,358,0.0268668099707407,0.6,0,0.0403167866869392,167.18156424581
751,246,0.0210968073232212,0.0572722008738221,0,0.0229896627001025,19950.6422764227
1647,358,0.00167097355284297,0.185714285714285,2,0.0144133118066767,214.536312849162
3534,187,0.0281767501595772,0.333333333333333,0,0.0273844114264155,20410.5347593582
2049,217,0.0190430187136808,0.0783874580067189,1,0.018586214138922,15600.2350230414
1744,452,0.0282744542080392,0.130677677920816,13,0.0293089846783438,18666.3893805309
2315,435,0.0147848806672761,0.3,0,0.0573972144594158,3244.34022988505
1736,435,0.0147848806672761,0.3,0,0.0573972144594158,3244.34022988505
565,435,0.0147848806672761,0.3,0,0.0573972144594158,3244.34022988505
1942,98,0.0929239473943273,0.32,0,0.0997789030739604,572.285714285714
1671,188,0.0307460689015082,0.692307692307692,0,0.0256603198930786,18442.664893617
1912,277,0.0223277241395633,0.428847392144236,4,0.0400642213165369,438.465703971119
1511,39,0.0246346838370465,0.615384615384615,0,0.00967773444837665,20475.2307692307
1432,122,0.00723605177854426,0.0216346153846153,0,0.00747975149190406,3545.09016393442
1455,618,0.0461414274469091,0.518518518518518,3,0.0378908573550261,16272.9352750809
1636,189,0.0118556414740823,0.166666666666666,1,0.0142158259446455,15078.582010582
1321,604,0.00955297655134219,0.75,229,0.00863631618407691,174.451986754966
915,189,0.0118628731203138,0.117647058823529,0,0.0111618835988161,18372.238095238
1039,77,0.0371702801224799,0.363636363636363,5,0.0265918661924673,872.740259740259
1232,249,0.00942275906588966,0.0769230769230769,15,0.00987587247297322,17016.4417670682
1778,184,0.0263832645136348,0.2,3,0.0273994680405109,20030.5380434782
2593,124,0.0244905978616677,0.082903726057253,1,0.0241492671827793,21081.9193548387
503,58,0.0757200329145747,0.335766423357664,18,0.0253969883831291,12425.448275862
1880,97,0.0172457637007946,0.0920852359208523,8,0.0190280705647398,929.175257731958
2093,85,0.0134043229594141,0.034989393185449,0,0.0137599014861458,35692.8
3329,445,0.0352614776830484,0.342036553524804,8,0.0294906966457995,828.141573033707
2202,128,0.0125345478222454,0.142857142857142,0,0.0113614710365853,18368
613,77,0.153993473425163,0.37985931136616,15,0.0721320845000531,5862.44155844155
374,342,0.00549883666777135,0.333333333333333,9,0.0062752174530119,288.426900584795
3652,275,0.0279938660266042,0.596153846153846,11,0.014496813942269,17366.5745454545
2680,306,0.0204949269105664,0.333333333333333,41,0.0156363571439907,16473.4640522875
2342,497,0.00518193707368612,0.5,16,0.00815611493229563,1401.22736418511
159,386,0.0140657598919719,0.5,2,0.0117937741992146,18671.9222797927
1081,321,0.0112571977855182,0.0651198319488207,0,0.0114840476870282,21799.9813084112
2376,1065,0.0169011225647395,0.373134328358209,25,0.0156897405020366,7069.12112676056
3642,717,0.0043611642788899,0.915492957746478,3,0.0102217809976889,6513.01534170153
3085,191,0.012630272305259,0.0875706214689265,0,0.0125907626387757,4389.07329842931
3387,131,0.023022909479477,0.111111111111111,0,0.0265012126615992,18595.1450381679
919,114,0.0111606783478628,0.125,4,0.0107202870019283,18255.2719298245
3543,254,0.0209558662724285,0.454545454545454,1,0.0149759968401484,6857.69291338582
1268,561,0.0255886799715069,0.333333333333333,0,0.0316281490893091,13142.7522281639
567,561,0.0255886799715069,0.333333333333333,0,0.0316281490893091,13142.7522281639
1339,412,0.0180204468440952,0.149326805385556,8,0.0211226566395773,4502.36650485436
1418,68,0.0362346999116139,0.273504273504273,46,0.0899802777382429,1446.55882352941
1317,35,0.0224733430315485,0.0561083020714402,0,0.0257073633477661,17559.1714285714
2516,393,0.0259440225295586,0.865671641791044,1,0.0237137473684743,18098.7124681933
642,472,0.0135590769640478,0.074235807860262,276,0.0199507283675997,13801.9046610169
2953,1557,0.177219892847212,1,24,0.0200490397206996,10456.4418754014
1003,1557,0.177219892847212,1,24,0.0200490397206996,10456.4418754014
17,212,0.0216224020970887,0.5,13,0.0248861935413047,16500.2075471698
2898,599,0.0318139717064869,0.25,9,0.0368214449757761,15105.3823038397
2524,414,0.0069956268388325,0.0357142857142857,5,0.00726745117921003,4897.75603864734
2332,251,0.00742370956450992,0.131168831168831,13,0.00741368933632434,1019.4342629482
1226,251,0.00742370956450992,0.131168831168831,13,0.00741368933632434,1019.4342629482
1216,200,0.00700768588651495,0.142857142857142,2,0.00755239574553706,24998.69
1570,292,0.0169619106034466,0.1,24,0.0181903448138234,20593.3047945205
343,45,0.0382336276839827,0.5,0,0.0207509957402309,11560.3555555555
1902,393,0.049553047927823,0.783333333333333,14,0.0545413989287797,18936.3358778625
2960,114,0.0151778145816855,0.456140350877192,0,0.00954393160268659,1693.92105263157
1933,265,0.0254479636401179,0.291828793774319,49,0.0232625774145317,1012.0716981132
1795,312,0.0340761702126415,0.333333333333333,7,0.0380604139683973,15439.5224358974
929,312,0.0340761702126415,0.333333333333333,7,0.0380604139683973,15439.5224358974
1310,359,0.0230653389618027,0.434782608695652,11,0.0242203496361951,13073.6768802228
1881,228,0.0112970514517093,0.4,3,0.00979230194642523,20116.5
2262,337,0.0121435407296319,0.0996240601503759,2,0.0121600670246435,20783.356083086
1964,337,0.0121435407296319,0.0996240601503759,2,0.0121600670246435,20783.356083086
2133,426,0.0137106660205689,0.0389762625769268,2,0.0184346452541423,13160.9460093896
1646,311,0.0178621337137371,0.794672586015538,0,0.0310060301842371,579.08038585209
1544,214,0.0175828909702137,0.625,0,0.0556999367844349,931.392523364486
3450,347,0.0149700137191579,0.4,6,0.0143717965684445,18880.0374639769
599,91,0.0153682519157509,0.166666666666666,0,0.0145240691376021,18695
140,676,0.0271393836485375,0.333333333333333,0,0.0276282513900338,35432.3875739644
1204,522,0.0112768770616448,0.038644785600847,0,0.0112105342333821,22578.3122605363
2372,178,0.0273701341937507,0.840579710144927,2,0.026112816144873,15460.5730337078
1283,596,0.0271260949968082,0.110165329841217,0,0.0270761117346875,21410.437919463
3248,47,0.0329355676941604,0.25,0,0.0473907482216966,2312.14893617021
2070,524,0.0332466351223546,0.41860465116279,13,0.0396756341580997,8174.49427480916
527,22,0.00913091346962469,0.021243115656963,0,0.0130013491966147,741.181818181818
2314,514,0.182142897210503,0.964285714285714,4,0.0487613654259059,14960.8540856031
3192,152,0.0124406490857289,0.111111111111111,4,0.00712306843601665,1085.24342105263
2331,1053,0.0291971628745388,0.77343300747556,16,0.0231535714285714,3722.69705603038
1061,408,0.0255568108082512,0.944444444444444,1,0.0207464027692565,20122.1985294117
382,190,0.00718658322238488,0.0714285714285714,3,0.00732987342804387,4517.92105263157
1617,226,0.0135614857957591,0.5,3,0.0473651759949208,5791.47345132743
266,176,0.0309730591402078,0.75,53,0.0304599395592245,308.340909090909
628,3,0.00771244428980897,0.0146627565982404,0,0.010593220338983,314.666666666666
2415,131,0.060539718186774,0.666666666666666,55,0.0354300062774639,608.015267175572
2976,70,0.0401395394675276,0.7,1,0.0261101447555326,19259.0714285714
2874,305,0.00579378731862352,0.5,0,0.0225412752136656,4700.15737704918
3167,97,0.0124484921229649,0.142857142857142,0,0.0125594248932455,15682.9690721649
605,97,0.0124484921229649,0.142857142857142,0,0.0125594248932455,15682.9690721649
797,1330,0.0172408382678747,0.65,6,0.0192415219217106,2919.36015037594
3226,534,0.00942572905512304,0.5,52,0.00949686437427822,1748.06367041198
3390,238,0.0137070942950205,0.887096774193548,3,0.0105768011596507,19617.6134453781
1519,238,0.0137070942950205,0.887096774193548,3,0.0105768011596507,19617.6134453781
3655,618,0.036047029262902,0.333333333333333,12,0.048688828574312,14798.9530744336
392,179,0.0185727033327441,0.415422885572139,4,0.0168489437597746,4082.94413407821
796,282,0.0337592291394504,0.666666666666666,9,0.0240784410269829,16478.2056737588
257,144,0.0185556290373694,0.940435280641466,28,0.0092701568050522,3870.69444444444
2008,211,0.0249418961940128,0.94,0,0.0174495316225267,21267.8341232227
185,372,0.105939804565948,0.666666666666666,56,0.111849667915531,505.118279569892
1868,161,0.0710661734720439,0.8,2,0.0583953716142084,1160.5403726708
1341,59,0.0181510614123943,0.0491898148148148,0,0.0247699397551924,16469.5254237288
1040,326,0.0112457916166254,0.422222222222222,6,0.00922151880438239,106.113496932515
1513,446,0.0245145408138882,0.0960700451904454,1,0.0277962861525184,17818.0560538116
3047,206,0.00913174435415187,0.5,1,0.00945061924420451,2292.96116504854
812,350,0.0182161931897287,0.0573619334174512,1,0.0168466667320024,17492.0571428571
72,177,0.0207283209504369,0.5,0,0.0190808249891828,20682.7570621468
1492,57,0.00377572350310427,0.101185552798456,0,0.0602987815055917,420.421052631578
1187,138,0.0134727741212246,0.136822773186409,0,0.0112365727616488,3031.63768115942
2514,439,0.0527228419157889,0.135833160693322,2,0.0508250427552924,13729.6674259681
942,42,0.0187211465808475,0.144995011639507,4,0.0200797214598143,12274.8809523809
361,163,0.0549689495270218,0.902439024390243,0,0.0644922928874607,357.01226993865
3337,386,0.0345057126184263,0.5,3,0.0339679183114223,17399.0751295336
892,282,0.0942807953892587,1,23,0.027746938812946,17011.7801418439
3360,46,0.0299168092530273,0.285714285714285,0,0.0275180892071423,12756.8260869565
3684,37,0.014906536570057,0.055,0,0.0169234107181601,124.567567567567
564,86,0.0191849944462606,0.206484641638225,1,0.0182065429620203,17717.2441860465
901,3345,0.0236707921449019,0.340425531914893,0,0.0240870187881474,175.348281016442
1721,1557,0.00624229308702497,0.222222222222222,0,0.00706781020211218,47.2530507385998
2467,224,0.0111376564930219,0.25,0,0.0112959878712645,17808.9464285714
3341,151,0.0255521782285197,0.551020408163265,0,0.0201934355351273,7768.90066225165
2450,207,0.0284470362078487,0.112223351841714,6,0.0379308458828827,12454.0144927536
1301,30,0.0612998552645179,0.501044932079414,2,0.0277595281786396,13242.3
3362,95,0.0145046868253128,0.333333333333333,0,0.0164199537594249,10180.1684210526
62,1327,0.0936496710444296,0.351648351648351,38,0.1013414609693,563.726450640542
1494,106,0.00692729914268553,0.0144078530715642,2,0.00721620919560135,5447.64150943396
3672,270,0.0578539153070287,0.3,0,0.0627104739376279,6970.6
2,189,0.0150734676105008,0.052925068459049,1,0.015902932204942,18025.6931216931
711,91,0.0302468474382395,0.333333333333333,1,0.0924939646557077,2671.98901098901
2576,284,0.0147206021934779,0.0518114902972947,6,0.013139459107201,20315.9154929577
687,257,0.160181590089654,0.887283236994219,0,0.0520466931106098,16114.1595330739
643,353,0.0150634026557908,0.166666666666666,1,0.0148189837655423,20778.0339943342
3236,420,0.0170809946520746,0.386394557823129,0,0.0150445829077969,8588.6
626,315,0.010370989872483,0.0692695214105793,0,0.0139493030480669,2783.5492063492
2688,691,0.0204833495437003,0.5,55,0.032676800340946,6193.71345875542
900,355,0.0130013759384558,0.4,0,0.0113712531776976,13784.4507042253
1846,164,0.0694370906144302,0.642857142857142,0,0.0687378457156127,18957.231707317
20,67,0.0236685957272632,0.2,0,0.0245637351018524,18238.2686567164
2740,453,0.0165409742375794,0.25,52,0.0106529198911644,708.280353200883
1238,40,0.0863732616707802,0.458333333333333,38,0.0689522611309149,715.35
1037,661,0.0145399351374533,0.386831275720164,0,0.0208807664685298,198.012102874432
1314,53,0.0288946642507551,0.375,0,0.0254673101168808,9293.45283018867
2211,334,0.0240025559657252,0.5,0,0.0189928944463674,15387.7275449101
2218,350,0.0564838146353995,0.714285714285714,80,0.0194577501903144,12197.8571428571
1616,137,0.0150418689377555,0.4,0,0.0117152499697571,14239.9708029197
3120,372,0.0141072919510346,0.124602256291582,1,0.0138001442247384,22094.4005376344
2268,609,0.0342209574964398,0.833333333333333,8,0.0285547917669063,17599.4433497536
133,676,0.0121333494362343,0.411764705882352,1,0.0112102937123966,22889.597633136
2692,58,0.0209542529084873,0.0499938582483724,0,0.0243156060339622,18530.7413793103
1517,635,0.0302927679338186,0.340807174887892,17,0.0574332403347947,79.023622047244
2820,51,0.0231228385451495,0.200477326968973,7,0.0270203515154841,10002.6274509803
3536,888,0.0960671553901725,0.395833333333333,8,0.106349212584506,573.349099099099
3458,86,0.0202182688135146,0.666666666666666,1,0.0134819185843216,17391.9418604651
759,575,0.0411909579052305,0.333333333333333,25,0.0449584249259294,636.878260869565
2818,217,0.0142536566234179,0.0751295336787564,3,0.0148279720414692,8595.35023041474
461,594,0.0485282656344397,0.168508287292817,35,0.0452989757610572,14691.207070707
3179,1070,0.0285269791303647,0.333333333333333,36,0.0263328072827309,18078.0495327102
3218,422,0.00607816615623953,0.5,4,0.0107183785362784,105.457345971563
42,179,0.101468086423329,0.306666666666666,5,0.115394500128501,565.173184357541
388,86,0.0685451091809697,0.681672025723472,15,0.0208017249313051,8844.30232558139
914,269,0.0213225687012581,0.0833333333333333,18,0.0209435087984953,12716.9851301115
182,96,0.00694159041099596,0.125,9,0.0069837151145826,4319.57291666666
742,52,0.0259075766001809,0.310344827586206,9,0.0123268384416198,7812.84615384615
158,343,0.0363911772134856,0.769230769230769,216,0.0375724802619175,634.032069970845
287,549,0.0648269219142953,0.369369369369369,0,0.0694314803911713,634.216757741347
2645,624,0.0093300405816234,0.264957264957264,9,0.0098426789287691,3011.15384615384
3470,52,0.00820322692310287,0.073170731707317,8,0.00723931395513354,4893.15384615384
3420,20,0.0693801851284448,0.741573033707865,1,0.018165963778287,15424.45
71,20,0.0693801851284448,0.741573033707865,1,0.018165963778287,15424.45
261,261,0.00740461638495054,0.0369789397240377,0,0.00751335828880747,36139.9731800766
7,271,0.0511761052823346,0.875,59,0.0238297104518156,13374.5719557195
1854,138,0.0118183497331268,0.333333333333333,4,0.0108612028606436,18659.0217391304
3147,266,0.00448084680771497,0.142857142857142,4,0.0157878779354169,2405.48120300751
1508,2065,0.287863445148931,0.982758620689655,1058,0.124139963938748,351.567554479418
403,214,0.014518740799388,0.32,0,0.0141053719352634,21026.9859813084
980,57,0.0188063292090983,0.127256730600035,0,0.0212126622476148,20241.9649122807
701,393,0.0274639767937292,0.9,0,0.0220158760859625,20351.9567430025
2351,635,0.0235166399928139,0.0382889047019541,0,0.024194990677986,35450.7559055118
314,619,0.022823095020105,0.5,171,0.0266387849826593,15034.6817447495
235,401,0.0133328977964384,0.333333333333333,4,0.00956837224163082,593.184538653366
1614,9,0.00673866877808965,0.0125996400102854,1,0.0101665683293241,2448.11111111111
877,133,0.0123054522330573,0.129032258064516,6,0.0108015469198196,17614.4360902255
1141,134,0.0201582779021402,0.25,0,0.0206060624839986,19267.2611940298
354,294,0.0288534121235473,0.512526096033402,102,0.0282303581239698,340.493197278911
2457,448,0.0195832074605012,0.783783783783783,24,0.02672893992436,9858.14508928571
2908,314,0.013543192370816,0.909090909090909,12,0.0119002278002543,443.175159235668
423,314,0.013543192370816,0.909090909090909,12,0.0119002278002543,443.175159235668
3441,395,0.0238166391844853,0.529411764705882,0,0.0257381082217977,14215.4379746835
778,395,0.0238166391844853,0.529411764705882,0,0.0257381082217977,14215.4379746835
1475,1516,0.100707091882204,0.490566037735849,14,0.104108960711604,629.889841688654
2736,81,0.0190435127651596,0.4,5,0.00873653556015578,703.728395061728
2396,239,0.175759444960704,0.902494331065759,1,0.052763975458616,14993.0334728033
1612,390,0.0285698673972622,0.182149362477231,10,0.0119711308757486,18273.4487179487
1162,212,0.00755888526582435,0.0321428571428571,3,0.00790957821403004,810.457547169811
1504,476,0.008189837278966,0.2,17,0.00701032685900354,2611.69327731092
2858,2531,0.102043929091586,0.333333333333333,32,0.111668002534229,588.076254444883
2691,1503,0.0293735387801168,0.450511945392491,59,0.0288747679706145,203.231536926147
1227,18,0.041524250331586,0.168612191958495,0,0.0318382598898499,82543.9444444444
370,7,0.0476190476190476,0.333333333333333,0,0.0666666666666666,2.14285714285714
2911,335,0.0178941451781846,0.555555555555555,0,0.0525169374012412,1018.23582089552
1476,29,0.0153712278158008,0.0312797779342917,0,0.020951917551373,16441.5862068965
879,411,0.0192647183641636,0.636363636363636,24,0.0151444365681715,16852.9683698296
733,442,0.0950297964286362,0.294117647058823,2,0.107237077809986,555.710407239819
3101,74,0.0129010570464972,0.25,1,0.0067662828701429,5060.86486486486
861,67,0.0449698450488933,0.968253968253968,1,0.0305414728762189,15182.1940298507
2134,747,0.110215244545984,0.6,0,0.114241693904277,608.212851405622
254,24,0.0645459531170299,0.9,0,0.0308348581755145,14710.0833333333
3327,192,0.159496503921567,1,1,0.0283546458753854,11270.75
297,81,0.0225217026148169,0.0865042430878729,1,0.0252333131795745,16314.9012345679
3660,203,0.0567851327695377,0.157437454202868,3,0.0639432542987264,22944.9901477832
3616,135,0.0197139745544885,0.5,14,0.019111213446926,1318.98518518518
3154,222,0.0131257676469585,0.5,222,0.0106455663478228,487.873873873873
2752,376,0.0269455045355263,0.909090909090909,8,0.0248210067769907,19373.2819148936
3661,545,0.00571214058556952,0.5,6,0.0243459019910452,5123.02935779816
2192,63,0.00684833560186921,0.0205314009661835,3,0.00809423796913523,4345.63492063492
1400,225,0.0149087971770323,0.333333333333333,4,0.0150085105165358,20502.7377777777
3169,460,0.00821228901414534,0.214285714285714,2,0.00794582703426893,5370.8804347826
2722,376,0.0262141911476778,0.127618662078736,26,0.0290169724295844,17909.3643617021
2277,376,0.0262141911476778,0.127618662078736,26,0.0290169724295844,17909.3643617021
2956,218,0.0350704907899398,0.25,0,0.036176290258951,18464.7522935779
2529,96,0.0146955240587319,0.0659309564233163,2,0.0172922346259747,18371.0833333333
2915,67,0.0285864467174234,0.25,0,0.0212296628145688,21861.8358208955
3615,189,0.0242499624505174,0.0798922800718132,0,0.0247590737587066,21387.9153439153
373,431,0.039627257599959,0.348837209302325,235,0.0126754363106729,2092.39675174013
1186,75,0.00670533668746276,0.0176461791535815,0,0.00732492199718133,5175.02666666666
2155,399,0.0533907834160584,0.352941176470588,0,0.052726159765642,1146.41604010025
1154,465,0.0106682331918335,0.125,1,0.0105132945000952,20016.8473118279
1192,117,0.0233218855097051,0.0526953614709569,1,0.0256323821403651,20309.1794871794
3208,187,0.0509265931934605,0.221205427579678,0,0.0707856268452509,8614.39572192513
2573,546,0.0519862800092391,0.78,49,0.045358224537683,354.362637362637
1948,1016,0.0249213262074072,0.842592592592592,0,0.0243338840928016,5976
2931,115,0.00497470778558588,0.5,0,0.00778074844178096,2101.06086956521
1502,115,0.00497470778558588,0.5,0,0.00778074844178096,2101.06086956521
848,115,0.00497470778558588,0.5,0,0.00778074844178096,2101.06086956521
391,115,0.00497470778558588,0.5,0,0.00778074844178096,2101.06086956521
359,337,0.0248828688728571,0.0740680183126226,0,0.0261868449913545,21209.824925816
2132,251,0.0260495123286797,0.545454545454545,7,0.0251049742664964,15739.0119521912
167,379,0.0191338363912041,0.785714285714285,2,0.0162054379091772,20272.0316622691
1877,256,0.0182838691686329,0.469135802469135,0,0.0132417182380779,343.375
3462,67,0.015410326232647,0.109718437783832,0,0.0164251139299477,18966.223880597
197,98,0.0452608730137566,0.818181818181818,0,0.041280215031038,18829.7448979591
219,207,0.024629215913071,0.2,1,0.0251062659224094,20037.9178743961
3011,81,0.0477073265574056,0.5,0,0.0116096894709356,614.641975308642
2743,259,0.0277831983038655,0.413793103448275,0,0.0473568089398914,2208.48648648648
1145,42,0.0259591299182514,0.634529147982062,0,0.331042382588774,20.7857142857142
985,285,0.0159730659027357,0.333333333333333,3,0.0132816790430027,587.803508771929
3675,114,0.0459610882787798,0.466666666666666,1,0.0962271830924689,2219.71052631578
1077,74,0.0244546565492447,0.36,8,0.0133853400895098,13795.8513513513
3505,140,0.0266249066245452,0.111212397447584,2,0.0273646847554645,1018.25714285714
1857,376,0.0114422882664514,0.507692307692307,0,0.0146245660554237,4300.90957446808
780,81,0.0159368310115935,0.10204081632653,0,0.0156709577563174,6963.41975308641
1332,410,0.00877406711413134,0.333333333333333,0,0.0549859151126031,1445.07073170731
1757,75,0.0900174031581668,0.221418234442836,0,0.0317818135636271,3359.57333333333
3094,258,0.0458109429120635,0.255274261603375,0,0.0364965152772798,15783.1782945736
3219,268,0.0205034042187486,0.125,2,0.0195369377650141,22392.1417910447
3483,90,0.0275984919031878,0.763157894736842,0,0.0195543035598178,13363.3555555555
2914,262,0.00654614792121716,0.0212077641984184,9,0.00709040200876903,4640.7213740458
2792,97,0.0107120953202909,0.0423311675526678,17,0.0144416108178637,11820.0824742268
2318,117,0.0898244612532284,0.909090909090909,59,0.026780718358989,8615.07692307692
268,117,0.0898244612532284,0.909090909090909,59,0.026780718358989,8615.07692307692
3165,638,0.107195252382425,0.5,12,0.11460331656616,592.352664576802
2715,762,0.0473441686661801,0.278145695364238,10,0.020487819942826,4504.37270341207
2615,171,0.0496637486494094,0.340136054421768,33,0.0266977653674377,6065.07602339181
1755,203,0.018073946154327,0.2,3,0.0163428037785999,137.147783251231
1841,146,0.02861358526491,0.444444444444444,24,0.0417792933660381,7556.17808219178
598,50,0.0608870986987814,0.891891891891891,0,0.0543788264821082,1051.88
3621,208,0.00540529845047042,0.5,1,0.00922021732189842,1746.78846153846
303,124,0.0259126860053758,0.7,5,0.0361149097609624,10031.1532258064
2799,65,0.0100328632690543,0.0378758297540023,2,0.0127697717197461,16442.6769230769
581,458,0.0344588790641766,0.782608695652174,38,0.0207932745128959,4223.00218340611
1843,528,0.0175101829371998,0.148057593045368,7,0.0184857016813907,4795.47537878787
161,422,0.0108666463046957,0.157894736842105,3,0.0104777557198956,22635.4052132701
1954,122,0.0141729300505372,0.0377750611246943,0,0.0143813103138766,9807.81147540983
2247,116,0.0112238871063482,0.2,2,0.0103751866600298,554.206896551724
3587,135,0.016758979216808,0.178420539486512,3,0.0167418286053228,5819.53333333333
630,107,0.0136602008375335,0.0729932115613408,1,0.0155794405373817,18487.7009345794
2500,219,0.0149835769512481,0.25,5,0.0113840249858789,2198.86757990867
1637,287,0.0133443047576943,0.642857142857142,0,0.0112534994418118,21239.0766550522
2724,357,0.0288101222731347,0.6,7,0.0237706394207483,5008.2969187675
2476,357,0.0288101222731347,0.6,7,0.0237706394207483,5008.2969187675
1257,276,0.0109581296241706,0.264135369376805,1,0.0107202325804668,18227.7572463768
3178,91,0.0144663379282184,0.0392576037314158,5,0.0197747632160488,11477.0549450549
293,65,0.010160291220341,0.0333957245591567,0,0.010931959344767,18425.8615384615
2696,56,0.00586495036797164,0.0124011118238186,1,0.00736147136927221,4633.19642857142
3008,21,0.0127616948529226,0.0522819179664933,0,0.0154838759290517,12384.619047619
2077,130,0.0184201236603818,0.196013289036544,1,0.0272978130802558,596.553846153846
2694,293,0.0111297842229035,0.136904761904761,0,0.0103423903539172,22970.5085324232
1012,482,0.0246413251603622,0.375,1,0.0265312599821473,18328.8838174273
2708,499,0.0066046671334375,0.571428571428571,0,0.0164254302938521,344.058116232464
2173,240,0.0399775565455175,0.722222222222222,7,0.0265261435263211,16111.6208333333
66,216,0.0136339799031591,0.6,4,0.0123173580718577,18433.787037037
3270,355,0.00955213136439377,0.548387096774193,0,0.0088567452804835,943.340845070422
1812,770,0.0108429015032268,0.166666666666666,3,0.0149241609566347,7035.91948051948
54,446,0.014211197647979,0.0532994923857868,1,0.0145472980347197,22228.7130044843
3517,1068,0.0131448277429084,0.208852005532503,0,0.0100848756035559,23496.8239700374
974,1068,0.0131448277429084,0.208852005532503,0,0.0100848756035559,23496.8239700374
665,53,0.0263132260206157,0.25,0,0.0251252487990961,14996.5660377358
718,75,0.0251209151848364,0.2,1,0.0260756280648279,19824.3866666666
3287,131,0.065157616621608,0.75,0,0.0172199022196995,5460.12977099236
2816,173,0.00820115429224535,0.24,15,0.00749784690207204,5362.61849710982
1863,76,0.0138791965762691,0.134340890008396,0,0.0106158836719317,2916.43421052631
693,97,0.0124924640098309,0.105263157894736,2,0.0138603170099233,7847.81443298969
89,864,0.0288619845043033,0.636363636363636,385,0.0285527961680446,303.49074074074
2477,471,0.0327259181709358,0.35,164,0.0297206387423432,299.819532908704
1780,57,0.0167934552184205,0.2,3,0.0324306980597611,7326.8245614035
1728,26,0.011117355005848,0.111111111111111,2,0.00988442518989326,13494.423076923
238,328,0.0501611419930265,0.35064935064935,0,0.0513433188445873,1135.58841463414
1643,750,0.0232760485798528,0.463768115942029,17,0.0193753733631286,843.682666666666
1439,314,0.0342732611731065,0.517241379310344,2,0.041912559590267,179.70382165605
1892,73,0.0372355558683042,0.4,2,0.0272597946864546,20664.6849315068
3597,440,0.101487230088479,0.359454855195911,0,0.109544878493452,613.322727272727
1920,485,0.0170573959413341,0.714285714285714,7,0.0161041753778149,172.587628865979
2525,275,0.0234157475093272,0.571428571428571,14,0.0252061974870885,94.3490909090909
1366,275,0.0234157475093272,0.571428571428571,14,0.0252061974870885,94.3490909090909
2042,229,0.010814724772871,0.4,0,0.0200899128968811,31.0829694323144
854,285,0.36643527996646,0.928571428571428,0,0.0223673979426319,2044.17192982456
3438,97,0.0361548681089563,0.666666666666666,40,0.0287860703503475,293.670103092783
3221,209,0.0154599691493307,0.0626644024905936,0,0.0177171859131108,7094.995215311
2797,339,0.0323726567488564,0.866666666666666,0,0.0290628019323671,152.654867256637
3628,18,0.0075088511406527,0.0300699858963782,0,0.0280265622339519,8156.94444444444
2137,32,0.0598605663907054,0.13754929271734,0,0.0707767862892726,22321.9375
2619,385,0.0156267306194947,0.235294117647058,14,0.016126601769378,948.018181818181
3020,254,0.0204475608353685,0.416666666666666,1,0.0156549360901213,13060.9606299212
3392,254,0.0163731131053321,0.942528735632183,49,0.0229842090479599,1864.16929133858
1221,1308,0.271518241230336,0.979674796747967,780,0.0197263119098477,1978.91513761467
880,61,0.0262377536633181,0.307692307692307,1,0.0385900457507278,2364.91803278688
3262,345,0.0121783303057627,0.0833333333333333,8,0.0125419967714271,20086.9478260869
3182,279,0.01500029219986,0.0622317596566523,3,0.0150496879701431,16845.9892473118
2380,279,0.01500029219986,0.0622317596566523,3,0.0150496879701431,16845.9892473118
2574,640,0.021911526413673,0.166666666666666,5,0.0220221077307186,20036.9671875
1463,640,0.021911526413673,0.166666666666666,5,0.0220221077307186,20036.9671875
175,383,0.0144506030150662,0.44578313253012,60,0.00782498702330608,4823.87206266318
3229,439,0.0180587120937287,0.714285714285714,0,0.0139530939878903,2901.35763097949
2445,726,0.0205504595009934,0.789473684210526,6,0.0426628881906399,764.078512396694
3293,14,0.0451772630554411,0.285714285714285,0,0.0237678068103908,4688.21428571428
3495,561,0.0102553561452918,0.705882352941176,2,0.0156096336607682,781.203208556149
349,379,0.0265407948253794,0.38953488372093,7,0.0277686361993773,17822.8258575197
294,14,0.0241584537178653,0.0417832866853258,0,0.0250061023568658,10534.5714285714
3581,50,0.00476911764831476,0.01161995898838,0,0.00718968069359272,1891.6
585,416,0.0255567558870529,0.114438502673796,19,0.0330202817559835,12567.3052884615
2271,348,0.0101458374471473,0.333333333333333,0,0.0213636513202602,2008.5948275862
1536,87,0.0429415176896732,0.6,14,0.0300903057035913,4956.3448275862
2039,233,0.00767448278461854,0.0321357285429141,6,0.00780082057969058,5977.14163090128
2654,161,0.0213211989274914,0.0566238055916008,15,0.0249469604913133,18912.4223602484
2058,144,0.0169314853725768,0.0608745481794939,15,0.0192992110490687,17010.9861111111
3388,60,0.0117342213807649,0.130434782608695,0,0.0119754732858612,13547.1333333333
2082,232,0.01102290212538,0.142857142857142,6,0.011052995687309,19520.375
201,677,0.0104734101061995,0.478260869565217,6,0.0136827488983048,3344.51698670605
2961,64,0.0109325500087861,0.333333333333333,0,0.00817221993692582,569.765625
1394,242,0.048132492206443,0.225462459194776,3,0.0531707211282039,11241.7396694214
3670,67,0.014996144478148,0.60655737704918,4,0.00745253382616408,4223.74626865671
2909,499,0.0270475613961063,0.3125,2,0.0273663192973098,20619.5270541082
1346,37,0.0369042225115652,0.666666666666666,1,0.0157527282586592,1993.64864864864
3183,245,0.000278706239946508,0.03125,2,0.00675216344828853,444.302040816326
2421,615,0.0193087249742643,0.533333333333333,8,0.0152274367956395,15388.4617886178
1353,355,0.0416857352956333,0.5,0,0.0193700769114647,18193.5915492957
2018,1150,0.0425752587718345,0.842105263157894,56,0.0468515319453459,13062.3913043478
2081,803,0.0130335455933882,0.454545454545454,3,0.0118001253309169,18098.0410958904
2025,803,0.0130335455933882,0.454545454545454,3,0.0118001253309169,18098.0410958904
479,114,0.0320872405208374,0.861111111111111,0,0.0259841609880233,18827.596491228
3260,204,0.0159915108974784,0.142857142857142,0,0.0389615208598745,9115.32843137254
2263,190,0.0133369313305691,0.26578073089701,148,0.0126176205333289,22252.0894736842
168,322,0.00976477257498333,0.65,43,0.00755352427166464,4689.9254658385
905,53,0.0355455631516192,0.384615384615384,0,0.0430275626533262,784.490566037735
1794,480,0.00770115022179136,0.4,16,0.00804000926645135,152.88125
114,312,0.0852951486843838,0.333333333333333,0,0.0630140132564994,1088.48397435897
3503,874,0.102761638509002,0.395294117647058,9,0.102959470165538,658.553775743707
2389,874,0.102761638509002,0.395294117647058,9,0.102959470165538,658.553775743707
1931,638,0.0250639429840544,0.5,44,0.0453905541877462,243.826018808777
3123,328,0.168986788776588,1,118,0.0239420935412026,142.365853658536
838,252,0.0301140099080223,0.768115942028985,3,0.0261304145551149,19430.4682539682
3225,135,0.0112018719490892,0.0365818252201683,2,0.0109994866181315,22479.837037037
3662,807,0.0406163509984112,0.473684210526315,48,0.0380592751787736,17086.501858736
3525,807,0.0406163509984112,0.473684210526315,48,0.0380592751787736,17086.501858736
3445,304,0.0184270678152807,0.363636363636363,1,0.0191746521196478,12724.6184210526
1580,465,0.00790119787903494,0.25,10,0.0265715613241651,3961.95268817204
270,214,0.100580573605492,0.334170854271356,3,0.109610874564539,615.68691588785
2451,412,0.00987247662664356,0.333333333333333,32,0.0252094441997544,2072.05825242718
2872,247,0.0143603170022003,0.8,8,0.0252520824199912,46.1740890688259
3478,298,0.10867442616945,0.55,3,0.116956288321889,593.808724832214
2436,372,0.00669084546176187,0.373319544984488,9,0.0103966554674475,635.284946236559
3421,178,0.0700352581155571,0.5,0,0.0653496122900138,1001.26966292134
1802,379,0.107509535822673,0.5625,1,0.113342978686648,610.936675461741
1096,379,0.107509535822673,0.5625,1,0.113342978686648,610.936675461741
172,580,0.0128320168086398,0.882246376811594,7,0.0138512000421529,523.544827586206
3640,174,0.0171651921211232,0.793159609120521,13,0.0122696489151968,19105.6436781609
241,174,0.0171651921211232,0.793159609120521,13,0.0122696489151968,19105.6436781609
2386,99,0.0298422976075364,0.0716505037190471,5,0.028478975287635,10810.0303030303
2947,126,0.0121049597899172,0.0388964710469877,1,0.0120085289844884,19645.4285714285
1869,100,0.0169917667751436,0.0652173913043478,7,0.0233904551602687,11629.53
727,87,0.010983169798437,0.0345194546059195,0,0.0116337419541261,19332.3908045977
234,41,0.033852689708283,0.2,0,0.0178491344515203,271.926829268292
1181,138,0.171512677334036,0.836158192090395,0,0.0648040411298337,16055.2028985507
3623,40,0.0385968511632356,0.376923076923076,4,0.0226196666575439,12788.65
3125,315,0.105077434869582,0.402542372881355,0,0.100372862247826,613.869841269841
1258,296,0.0273561668057346,0.120959140892206,0,0.0270801519849888,20559.4628378378
2771,200,0.000572586846897939,0.0526315789473684,125,0.00731213439328033,666.7
2600,169,0.0139026755844529,0.0529095448434799,1,0.0131804765010916,19866.2130177514
750,3,0.0811965811965812,0.166666666666666,0,0.074074074074074,9
1090,43,0.0148667539709182,0.0332911237286058,0,0.0207614139154956,16740.5813953488
2036,130,0.02460648028285,0.082903726057253,3,0.0260491339412372,20323.723076923
299,528,0.0264802313847132,0.772727272727272,7,0.0252256422829349,18655.7102272727
1163,121,0.0240993290614834,0.666666666666666,0,0.02472964226896,12731.0661157024
3073,394,0.0369376295033476,0.368421052631578,84,0.0489568039786921,15848.8934010152
1618,876,0.0249088458519475,0.467924528301886,21,0.0277993575072962,108.737442922374
1842,279,0.0199246646793099,0.5,15,0.0211074623485448,158.261648745519
430,464,0.108969575695092,0.308186195826645,0,0.114772074197085,611.256465517241
3366,440,0.0167201598324377,0.38095238095238,70,0.0142500079631331,15055.175
1907,875,0.0891256638124748,0.325842696629213,1,0.10077473881911,584.16
2056,582,0.0140469062003915,0.0743003384793197,0,0.0139324071519664,22253.3659793814
707,125,0.0283670767772766,0.124490233955784,0,0.0282065318120886,18560.24
2094,92,0.0170899424793612,0.5,2,0.00710090748059499,30104.8478260869
3145,114,0.0180708359322863,0.327287716405605,1,0.0217047577979013,610.263157894736
1742,114,0.0180708359322863,0.327287716405605,1,0.0217047577979013,610.263157894736
530,38,0.0424973112620795,0.688818565400843,0,0.0130234897011905,20200.3421052631
1714,290,0.0577815954151273,0.959259259259259,56,0.0663434135916456,12675.7379310344
730,302,0.0783618901303486,0.857142857142857,7,0.030622366757338,14193.8410596026
1993,231,0.0216236259878893,0.5,8,0.0191699937519472,12880.2034632034
881,582,0.0100005262600193,0.620689655172413,8,0.00723591915379203,4437.34192439862
3369,374,0.0236713542886839,0.666666666666666,3,0.0217106407654392,691.644385026738
1189,374,0.0236713542886839,0.666666666666666,3,0.0217106407654392,691.644385026738
2840,85,0.017172926360236,0.333333333333333,0,0.017552147268245,17433.094117647
622,246,0.0471141374838358,0.2,7,0.0605683610925515,18781.5731707317
3242,295,0.0280867035023113,0.865671641791044,1,0.0257464565166043,35031.8406779661
2687,470,0.0244610993855915,0.8,10,0.0338155763865377,11953.0085106382
2465,77,0.00946184197494552,0.0490463215258855,1,0.0103371786132373,15298.4545454545
1563,215,0.0153412227868555,0.5,0,0.0145965436279129,4659.27441860465
1730,295,0.0229422743972629,0.757009345794392,2,0.0162468537093309,16166.4677966101
2808,62,0.0122260406777442,0.035721334122755,1,0.0129750598112035,16752.9838709677
1642,167,0.0140873671274501,0.309037900874635,1,0.0145442924361519,880.646706586826
2198,102,0.0124810071715343,0.103838892385147,3,0.0107147654750493,17223.8039215686
2124,104,0.00732900997310512,0.0275229357798165,1,0.00770523775345084,5211.24038461538
455,312,0.0124431359240265,0.5,0,0.00752858455734902,5594.0641025641
3036,66,0.00940182376745564,0.0973280272882319,1,0.0198525550531606,2221.68181818181
3196,1070,0.0208523722905291,0.6,1,0.0237280525717862,7830.78785046729
3624,224,0.00503096209681144,0.0737704918032786,8,0.00702593047415023,3457.21875
2448,401,0.0091076819252792,0.108477666362807,7,0.00927243350133841,1240.90773067331
131,228,0.0223603804694807,1,3,0.0130801375292612,18833.6315789473
728,623,0.0252890915912464,0.4,76,0.0268678867614037,20458.2873194221
3440,40,0.0270847372106802,0.4,0,0.013574957624407,15235.775
3161,554,0.0163228089032993,0.84375,32,0.0104893755639578,16839.6281588447
2347,40,0.0213564196311073,0.0770212272358195,0,0.0251474214400409,16394.325
3061,161,0.0170216148403052,0.5,16,0.0126932107736602,17633.5279503105
3610,188,0.129063652135211,0.847826086956521,0,0.0603887488233307,15703.1329787234
1983,120,0.0243345630925531,0.1,0,0.0264793484455969,19680.1166666666
734,120,0.0243345630925531,0.1,0,0.0264793484455969,19680.1166666666
1568,234,0.0151535056403975,0.0562978974258204,3,0.0146912322739119,17952.7393162393
73,304,0.0448518578447365,0.684210526315789,0,0.0366799864622921,15346.9967105263
2988,359,0.00531173895631213,0.142857142857142,9,0.0238492617905826,2213.06406685236
2523,162,0.0279229713758177,0.5,0,0.026643901695948,19450.8641975308
1191,264,0.0143354079343903,0.75,1,0.0119141440534405,19259.0037878787
913,193,0.0305982598423902,0.333333333333333,0,0.0355780874235641,13756.5025906735
2759,1107,0.0220079233180141,0.151061173533083,0,0.0245550340032179,31744.9629629629
1319,38,0.0244336951886607,0.333333333333333,1,0.0151356449571643,16406.0263157894
2463,671,0.0221918484271223,0.6,69,0.0149829608390139,15705.4709388971
166,3,0.0999999999999999,0.3,0,0.04,25
1689,123,0.00205920977602366,0.087,1,0.00800669700120168,1806.41463414634
1385,123,0.00205920977602366,0.087,1,0.00800669700120168,1806.41463414634
2880,343,0.0242874600410393,0.25,25,0.0289859564589777,15143.6559766763
981,135,0.0157044919333609,0.0254299304793267,1,0.0187912816688652,17413.1185185185
2399,209,0.00988600728806518,0.25,35,0.0523406667684189,877.760765550239
668,213,0.0219403003609111,0.17391304347826,0,0.0199679884507351,17352.8920187793
3368,26,0.0570373472047826,0.4,8,0.0465775111444402,923.192307692307
16,107,0.0227662756609016,0.8125,0,0.0100162406404087,18495.1962616822
612,1072,0.0934735361508289,0.571428571428571,49,0.0725234131910914,243.436567164179
3413,57,0.0177113599603509,0.0833333333333333,0,0.0189069346790924,7390.77192982456
2513,293,0.239700390635139,0.92079207920792,1,0.0512154720643559,13693.4675767918
3676,68,0.0223469345077206,0.0642265193370165,6,0.0240117637412865,19191.5735294117
208,440,0.0114394718459998,0.0736207695873898,6,0.0109869074791616,23294.875
2734,471,0.0304681122975663,0.717391304347826,40,0.0228613855109564,18956.2080679405
606,59,0.0239493252110492,0.0440824149496885,0,0.0222808714550174,14841.3389830508
416,88,0.00801859136456131,0.342245989304812,1,0.0190347183453138,7877.35227272727
285,197,0.00925219536098759,0.0342431261959915,5,0.00939237659599257,20869.6091370558
360,226,0.0306398095310122,0.5,9,0.034092116653621,13657.5575221238
875,415,0.0318921438204751,0.285714285714285,8,0.031468641828287,16413.9686746987
437,184,0.0143583395096687,0.2,14,0.0123952936619377,224.489130434782
2990,108,0.0362541551483381,0.1875,1,0.0305860187685361,20080.8888888888
3501,419,0.0140469693368272,0.0377512665468213,0,0.0144129027052833,22540.7947494033
1245,439,0.0137847379789673,0.181818181818181,8,0.0127290838312773,20782.4965831435
1062,15,0.0149465800712663,0.04,0,0.0132235539007063,16526.0666666666
1422,652,0.18941193983326,0.926751592356687,1,0.0501572132443832,13953.7331288343
3164,136,0.0257891966933216,0.0737066992217305,5,0.0251505111202673,21968.0367647058
2870,526,0.0705200901250791,0.5,353,0.0188703181277833,2143.00380228136
1796,163,0.0192044604671533,0.666666666666666,94,0.0123208913686497,25538.4478527607
3465,276,0.0575483747811063,0.157437454202868,2,0.062553289752745,22798.0108695652
1781,4,0.158795858352811,0.602996254681648,0,0.0130000979555281,17865.25
3171,169,0.025853676536486,0.642857142857142,10,0.0275234634640875,15945.7278106508
507,195,0.0172745117993124,0.111111111111111,10,0.0198602769119001,12141.2307692307
3590,385,0.0195758468317895,0.666666666666666,8,0.0132551898438258,18576.9922077922
2149,385,0.0195758468317895,0.666666666666666,8,0.0132551898438258,18576.9922077922
1178,79,0.0165162633457543,0.4,0,0.0129572749453204,17634.3924050632
550,1106,0.0701156554100109,0.353305785123966,0,0.092716836710916,485.017179023508
667,342,0.0258912746678923,0.25,19,0.0256886277891656,19509.6228070175
353,342,0.0258912746678923,0.25,19,0.0256886277891656,19509.6228070175
3174,153,0.00968392482268614,0.281045751633986,15,0.00731978684780699,3125.20261437908
2015,153,0.00968392482268614,0.281045751633986,15,0.00731978684780699,3125.20261437908
3121,94,0.0269765564212539,0.333333333333333,3,0.0246378503020271,12032.1702127659
3479,338,0.168201301251931,1,41,0.0465100109928311,9446.71597633136
2410,931,0.0303283345241551,0.736842105263157,8,0.0281019122825849,16800.8259935553
2497,81,0.0118300587449828,0.0349698705917218,1,0.0115343620010687,21277.2716049382
2505,87,0.0293988928920138,0.651685393258427,18,0.0085289502280063,20721.8505747126
2964,186,0.0387398035193384,0.114438502673796,2,0.0422737404871344,18463.252688172
1813,937,0.0099153410411953,0.5,26,0.0114216427584251,8064.22732123799
1312,249,0.00810851275815903,0.0347036044086982,0,0.00843466886942877,29997.6305220883
3398,94,0.0374979468597751,0.5,7,0.0459833836101804,11475.4680851063
2032,218,0.00500760163312299,0.25,0,0.00812046672973825,58.1834862385321
35,1135,0.0897332900423022,0.705882352941176,542,0.0533700068061362,9452.47048458149
832,73,0.0170367519559454,0.27561196736174,1,0.014699295777464,13702.0821917808
1255,131,0.0134831613416485,0.178571428571428,6,0.00766446074712234,2465.03053435114
3300,845,0.0119828892299942,0.0412371134020618,3,0.0123508271994438,34024.1207100591
1399,103,0.0387320076377274,0.833333333333333,1,0.0250265505206677,14690.8058252427
2405,100,0.0465133435725309,0.714285714285714,1,0.0241175949752744,14343.47
1677,100,0.0465133435725309,0.714285714285714,1,0.0241175949752744,14343.47
1478,328,0.0227019866828996,0.56,2,0.0206151366184097,12388.1859756097
1180,745,0.00772749668874808,0.5,79,0.0180240293802327,6730.91006711409
1932,426,0.0146521793049625,0.504672897196261,1,0.0183292781140466,10997.4389671361
263,426,0.0146521793049625,0.504672897196261,1,0.0183292781140466,10997.4389671361
338,1187,0.0112919073583205,0.15,44,0.010362088790992,4087.46503791069
18,33,0.00203816050990726,0.0555555555555555,0,0.00405405405405405,44.8484848484848
202,242,0.0115021112855394,0.880503144654088,0,0.00796127389300379,35214.888429752
2559,82,0.0126837139878876,0.0524255387844055,1,0.0126665138078128,20157.8170731707
1665,200,0.01116470346027,0.0835740240380136,0,0.0111974760092951,20675.195
1465,298,0.0412038647461679,0.529411764705882,19,0.018959621950492,13388.3959731543
2853,93,0.027739861789231,0.8,1,0.0106314460430853,16411.0430107526
1334,315,0.0126849910303177,0.133287467863996,3,0.0134259815020965,19543.0126984127
1270,99,0.000678345656795062,0.0285714285714285,6,0.00803733471610059,545.434343434343
3109,67,0.0133750647840462,0.333333333333333,0,0.0238799661876584,3672.59701492537
155,431,0.0878785971713823,0.368171021377672,294,0.0586727081163709,761.944315545243
1261,243,0.0399310863280244,0.666666666666666,10,0.0377330744065365,16342.6502057613
1248,41,0.0285344644841205,0.111111111111111,0,0.0290763686031204,20214.2195121951
2522,137,0.0185413492578792,0.0883750530335171,0,0.0233594845786623,13926.102189781
2951,594,0.0246191455105425,0.333333333333333,5,0.0258419515162057,18910.3417508417
344,352,0.0511089324311563,0.579439252336448,20,0.0274639264484778,14048.59375
3168,7,0.0894608858351806,0.4,0,0.0210084033613445,1292
1324,30,0.0216110696015571,0.2,0,0.0616151866151866,621.6
609,724,0.102520864793337,0.325757575757575,2,0.112025382816453,605.969613259668
289,149,0.0185174503856987,0.615384615384615,7,0.0164580689690138,14031.5906040268
2364,274,0.242522050741783,0.903225806451612,3,0.0549877157113037,13136.1788321167
1737,475,0.015216820348166,0.5,0,0.0619061662890685,3098.06736842105
2371,990,0.0239930478566784,0.470588235294117,339,0.0217049534749679,450.392929292929
2111,488,0.0115855372672903,0.333333333333333,25,0.0115443404835368,16873.1106557377
945,208,0.0095927258275914,0.0769230769230769,1,0.0106441540115355,19065.6298076923
3521,924,0.00828158761017467,0.5,3,0.00722424940438369,999.819264069264
964,924,0.00828158761017467,0.5,3,0.00722424940438369,999.819264069264
587,379,0.0629715091655736,0.848484848484848,5,0.0135444110333818,19384.8759894459
111,311,0.0226794573112797,0.666666666666666,10,0.0191274914234152,8851.5884244373
2301,627,0.0289367525068159,0.5,2,0.0309586149287111,17616.9744816586
680,345,0.0970633624057,0.5,0,0.11229650048187,559.414492753623
661,165,0.0128734133104482,0.166666666666666,0,0.011536037126923,21171.6
101,305,0.0167226071882879,0.5,52,0.0157027471705638,13152.1311475409
3683,239,0.00136071652265969,0.0769230769230769,2,0.00819641305074547,4005.22175732217
2761,239,0.00136071652265969,0.0769230769230769,2,0.00819641305074547,4005.22175732217
1916,239,0.00136071652265969,0.0769230769230769,2,0.00819641305074547,4005.22175732217
1290,239,0.00136071652265969,0.0769230769230769,2,0.00819641305074547,4005.22175732217
191,239,0.00136071652265969,0.0769230769230769,2,0.00819641305074547,4005.22175732217
2844,31,0.0810937610785786,0.162303664921465,24,0.0260211822057967,4486.4193548387
3396,284,0.0075424500272049,0.0363408521303258,1,0.00760891365119462,37974.8274647887
2148,284,0.0075424500272049,0.0363408521303258,1,0.00760891365119462,37974.8274647887
1713,112,0.047767665833518,0.983333333333333,0,0.0202263799734475,22832.1875
2216,23,0.00950355573183317,0.0381194409148665,0,0.0112646946047303,18596
467,30,0.0510107753458403,0.5,0,0.0489361702127659,31.3333333333333
1336,161,0.00407412998295388,0.25,6,0.00469907825772636,446.763975155279
3622,749,0.0158995567714994,0.5,6,0.0119014114552889,10545.6969292389
2741,749,0.0158995567714994,0.5,6,0.0119014114552889,10545.6969292389
1674,887,0.0411478342210859,0.82258064516129,9,0.042947434430558,409.903043968432
922,322,0.0282774855079981,0.902777777777777,17,0.0220276985948891,615.543478260869
1514,1009,0.0284699613943934,0.392996108949416,0,0.0812922442433268,43.2556987115956
2048,184,0.0216703431127468,0.0574989526602429,1,0.0217795431986545,20800.8315217391
2787,106,0.00993931448128381,0.2,4,0.00693740528001549,4774.5
2275,62,0.00912920102684611,0.025695931477516,0,0.0104429093864282,396.935483870967
1421,245,0.0113691700524364,0.25,12,0.0115212441961291,19111.1020408163
651,358,0.00901529803673536,0.125,0,0.00780182184114875,20777.9860335195
1235,291,0.0191083428879219,0.665318503538928,6,0.0137734081680792,16622.4982817869
2978,379,0.0105484155863646,0.0545023696682464,0,0.0107417690460956,449.506596306068
1454,20,0.000241455215603296,0.00482910431206593,3,0.00481579171275419,2938.25
52,20,0.000241455215603296,0.00482910431206593,3,0.00481579171275419,2938.25
917,315,0.0207654401129033,0.120967741935483,5,0.0248803153829003,16859.1238095238
2335,15,0.00534731020034171,0.0223868035684228,0,0.0161585446702437,7541.93333333333
2927,116,0.0245818259989149,0.6,0,0.0258336142479914,4910.06896551724
2786,116,0.0245818259989149,0.6,0,0.0258336142479914,4910.06896551724
933,173,0.0191346738440029,0.0512083993660855,0,0.0169222713033453,18070.0404624277
3456,195,0.00808953179500436,0.333333333333333,18,0.00737628272753428,4277.74358974359
1599,671,0.0172235956848504,0.433823529411764,1,0.0191189658192027,6790.48882265275
2738,24,0.0228216137051457,0.110165329841217,1,0.0286148626518216,18446.125
3093,174,0.0242216009472622,0.0725957797409255,0,0.0259270684896616,20939.816091954
1302,165,0.0113800486897596,0.333333333333333,0,0.0100433091332133,22979.2666666666
837,165,0.0113800486897596,0.333333333333333,0,0.0100433091332133,22979.2666666666
634,113,0.028640597804147,0.333333333333333,50,0.0273840869167178,11309.7787610619
1033,371,0.00637920447243286,0.0266628440366972,3,0.00706795642649795,3269.37735849056
2783,227,0.0264307620527973,0.285714285714285,1,0.0261870907918597,17777.7004405286
1793,954,0.0112866863330573,0.5,253,0.0128166046357838,4305.12997903564
3048,93,0.0194281898017677,0.0648954848113426,0,0.0205435256333381,18380.5913978494
3006,93,0.0194281898017677,0.0648954848113426,0,0.0205435256333381,18380.5913978494
1352,93,0.0194281898017677,0.0648954848113426,0,0.0205435256333381,18380.5913978494
1091,93,0.0194281898017677,0.0648954848113426,0,0.0205435256333381,18380.5913978494
485,93,0.0194281898017677,0.0648954848113426,0,0.0205435256333381,18380.5913978494
2548,64,0.0176313045501048,0.333333333333333,1,0.0119833103433372,17353.5625
561,548,0.0140094862447428,0.652173913043478,22,0.016629284303766,11974.302919708
1041,189,0.00776699426193756,0.826771653543307,3,0.00957600367465739,4688.19576719576
763,288,0.0132757836042346,0.0918147854636024,5,0.0141925155146766,5174.87152777777
2290,114,0.00768664006789542,0.311497326203208,8,0.00923711086921656,5141.35087719298
3596,102,0.0277737771989496,0.900826446280991,0,0.0104167409870218,20611.6176470588
32,541,0.0281989492979894,0.25,23,0.0408197576495716,12830.4454713493
1286,201,0.020545314546381,0.0689884562707884,10,0.025330714064602,16907.4825870646
2913,21,0.00564409713448242,0.0166666666666666,0,0.00693448110951697,597.428571428571
336,243,0.0154705749307944,0.4,2,0.02333256449642,3354.25514403292
3263,135,0.0156104934654194,0.853503184713375,0,0.0243437503904388,4150.12592592592
3595,666,0.019747500449803,0.596491228070175,20,0.0183716211533023,9791.75375375375
2778,615,0.0415938033451396,0.157323258109534,1,0.0442062845225956,21071.9772357723
931,59,0.0255518911547254,0.110165329841217,2,0.0288373847953049,18956.6779661016
1525,184,0.0142833867701276,0.25,7,0.0185113005819461,2007.8804347826
1679,300,0.0133062368211812,0.411764705882352,6,0.0118256395515274,19783.0033333333
1401,300,0.0133062368211812,0.411764705882352,6,0.0118256395515274,19783.0033333333
2370,278,0.0142483963638286,0.140271493212669,0,0.0141154265750179,537.449640287769
961,152,0.0171277286468584,0.555555555555555,3,0.0153439582668319,14921.8684210526
1624,308,0.0109078664955957,0.2,0,0.0105355992929507,18145.6525974025
3126,325,0.0120312793935101,0.125,1,0.0115351581754207,20918.2553846153
1217,5,0.0699999999999999,0.35,0,0.166666666666666,16.8
1460,789,0.0293793447570503,0.165198237885462,0,0.0317181087611423,2252.9340937896
3140,703,0.03073735850323,0.5,28,0.0354555166625602,14312.2460881934
142,25,0.0890258403594329,0.458333333333333,23,0.0750789549239161,557.28
3449,408,0.0779969713245996,1,5,0.0506629448709002,13732.9166666666
3641,128,0.0138095517115115,0.0404545009305514,0,0.013277142010174,19713.15625
1537,271,0.0656051870982253,0.75,6,0.0588648664091477,9945.41328413284
1086,122,0.0177949529849793,0.3,9,0.0213267446569383,3602.80327868852
3352,128,0.0130550413980222,0.106455750320649,8,0.0292309951877802,4521.3671875
2742,449,0.0201426717788575,0.5,1,0.0201828585895956,19317.8106904231
866,429,0.00810166787012953,0.166666666666666,2,0.0076172169723745,5900.93706293706
2249,311,0.0180588303314288,0.25,10,0.0209597708835139,14979.3922829581
2183,155,0.0135695324560375,0.166666666666666,0,0.0115956434096104,18278.2774193548
2526,206,0.0124709967828852,0.0598611914401388,0,0.0121402553270723,20856.5533980582
1357,126,0.0162456461061241,0.200450028126757,0,0.0157897840699347,6325.16666666666
1698,78,0.0253952815702091,0.0561083020714402,0,0.0244698704168116,17616.641025641
21,495,0.0210434013883163,0.0928069842474852,0,0.0237047371208281,17738.6868686868
932,63,0.0166430536547066,0.0689907920656008,0,0.0256578312334134,13319.9841269841
1987,18,0.0080427449058718,0.0123456790123456,0,0.00945856627019916,17062.7222222222
2555,402,0.00848555567448536,0.0637636080870917,11,0.0071148106536879,32410.1442786069
1800,103,0.0233449704918691,0.0666666666666666,7,0.0264315136334037,19457.13592233
2482,97,0.0360031819091538,0.6,12,0.0300259251196598,7293.01030927835
2618,459,0.0158905568194466,0.294685990338164,11,0.0148287251848213,21576.505446623
1267,50,0.0342942479973472,0.333333333333333,1,0.024821389211156,15153.06
3001,236,0.0264514092729845,0.545454545454545,0,0.0245770375363772,19328.7076271186
2710,21,0.00855678117303924,0.0187793427230046,1,0.0135707741639945,1663.23809523809
107,161,0.0286781484537776,0.5,6,0.0273640853182414,17006.6956521739
1117,600,0.14981423035597,0.887283236994219,2,0.0528258454087418,14513.8866666666
1205,463,0.0227643619850328,0.25,5,0.0413439767886174,9980.95248380129
520,156,0.00955171073942996,0.117117117117117,0,0.0100982656341982,141.557692307692
3272,609,0.0235875868251379,0.727272727272727,20,0.0182231996793453,5030.75862068965
1640,178,0.0191165546802429,0.285714285714285,0,0.0182389159984494,22551.4831460674
2231,484,0.0120607324028135,0.6875,7,0.0111707336357432,20016.8863636363
273,401,0.0279945255274526,0.9,33,0.0176557598659124,9751.32668329177
3604,75,0.0194440275243242,0.0790509024538633,2,0.024623267374056,17435
825,462,0.126352423685438,1,56,0.0250344257555764,18590.4177489177
3353,320,0.0239919545039138,0.857142857142857,0,0.0194647082982926,7030.5125
1404,18,0.104354348318383,0.8,0,0.0383418081530638,16115.2777777777
134,18,0.104354348318383,0.8,0,0.0383418081530638,16115.2777777777
1172,42,0.00890587477303344,0.2,1,0.00930232558139534,10.2380952380952
1203,373,0.0926257139407016,0.545112781954887,14,0.108683453742021,152.890080428954
1234,318,0.00753019973667659,0.02803738317757,3,0.00755714096974501,833.066037735849
1848,61,0.0245210955706073,0.104187996684705,0,0.0258755559920863,18693.5081967213
2865,193,0.187573169829995,0.901639344262295,0,0.055387974821078,14663.9637305699
2868,228,0.0143258558626593,0.0301594495488443,0,0.0152693026491286,22130.745614035
562,361,0.0288196629373801,0.138297872340425,8,0.0277283299399148,32860.5789473684
1849,318,0.0077819775643336,0.0430656934306569,3,0.00806134324539224,1142.96540880503
1174,190,0.0152123545287698,0.441860465116279,8,0.0116898428811532,1258.85263157894
3151,352,0.138276022573158,0.333333333333333,0,0.128737543377478,6379.8096590909
963,166,0.0319300746257567,0.0705677028451001,0,0.0337405565001125,31527.0722891566
765,107,0.014914605090771,0.25,1,0.0137299058728297,9005.51401869158
1367,91,0.157049756350905,0.851752021563342,25,0.0300274940901206,11802.7362637362
1657,662,0.0186126095944285,0.5,0,0.0250306896761103,20847.5196374622
60,55,0.246656102788435,0.913390859699584,0,0.0577584970111016,13306.8181818181
618,173,0.0158351930898415,0.285714285714285,0,0.015243760747316,248.751445086705
84,72,0.0138388089692941,0.333333333333333,1,0.00794354120046735,5610.77777777777
1839,260,0.0355478549989644,0.506535947712418,107,0.0494938255443557,352.56923076923
1711,239,0.0319116842732524,1,0,0.0162740727920494,17768.8493723849
1225,184,0.0157518208721633,0.470588235294117,160,0.00849139780383503,3458.10326086956
472,168,0.0263093137626714,0.103386809269162,2,0.0271684030712107,22081.4107142857
2197,219,0.0295380699899342,0.5625,0,0.0260167874602691,20557.8538812785
3309,1216,0.0257880518508509,0.69964664310954,599,0.0267827609689658,338.125
808,399,0.0280731772590918,0.5,2,0.0281317964995884,34911.0401002506
1388,286,0.025524437689004,0.642857142857142,199,0.015468055027989,3010.03846153846
2343,200,0.0206790288252212,0.538461538461538,0,0.013920240393514,14506.215
1424,57,0.0133384005822053,0.285714285714285,9,0.010916617372085,14740.1228070175
1969,142,0.0478502268409382,0.2,4,0.0535128329537542,19347.4718309859
2983,460,0.0156495030172638,0.285714285714285,0,0.0159680906383213,1459.02391304347
1520,824,0.0261906237948559,0.55,50,0.0376520989310302,886.662621359223
958,399,0.0565090823932644,0.804878048780487,23,0.0510641060504724,2046.03007518797
1712,451,0.0178961167667518,0.5,5,0.0157962196207211,19297.3281596452
566,451,0.0178961167667518,0.5,5,0.0157962196207211,19297.3281596452
491,112,0.00706541249158367,0.428571428571428,3,0.00926441576010371,3960.04464285714
699,602,0.0322752877732124,0.804123711340206,253,0.0237865646864162,1212.75083056478
389,121,0.0121457034091422,0.04,0,0.0189649030877415,30045.4958677685
1693,428,0.0172694006217532,0.416666666666666,8,0.0161325552413033,20345.3177570093
3264,271,0.00715546004355418,0.0211674150096215,0,0.00746997858157335,5645.72324723247
3608,440,0.0119691059922212,0.0512083993660855,3,0.011655641888858,21107.4136363636
2558,69,0.00695879900208105,0.0411522633744856,0,0.00708440816708101,4960.88405797101
1247,310,0.0118124038331134,0.0651198319488207,1,0.0119110510973185,20229.5193548387
3102,236,0.0247908159176961,0.666666666666666,32,0.0122808358335092,18130.0805084745
1128,85,0.0323041953806062,0.833333333333333,2,0.0101751709483204,863.694117647058
2121,96,0.024356309060653,0.714285714285714,3,0.0882980809226523,5684.69791666666
3418,147,0.196562155644591,0.891304347826086,1,0.062952935213766,15462.2585034013
3110,76,0.0180451334934976,0.2,4,0.0177746323321501,15821.6315789473
117,143,0.0186790908415568,0.0518638573743922,0,0.01987729818095,8465.57342657342
3695,631,0.0217647170767295,0.652173913043478,0,0.019031790195275,4440.56418383518
277,119,0.0201237170791353,0.444444444444444,9,0.0235949557825477,13875.2773109243
2095,143,0.0151799402513627,0.0545383968428543,2,0.015801300791309,18550.3006993007
1845,75,0.402732148929714,0.484848484848484,74,0.410718310070764,1774.90666666666
229,177,0.0270994310260237,0.813953488372093,0,0.0117124290447692,659.881355932203
2502,34,0.0130228365848905,0.142857142857142,0,0.00932439407158221,22452.1764705882
1057,268,0.0112571525385397,0.538461538461538,2,0.0103961582710494,6055.26492537313
298,193,0.0114635917596593,0.0676532769556025,0,0.0115118605315804,453.238341968911
1468,19,0.0193309360481393,0.0983739837398374,0,0.0239735380693715,1734.36842105263
1331,351,0.00711250208235969,0.0167899260443733,2,0.00736078455463902,5101.33903133903
3457,149,0.0227906740311503,0.206484641638225,7,0.0238996205622343,16918.3557046979
2017,179,0.024403900989286,0.6,8,0.0139435680821128,14322.2960893854
1602,71,0.0126230879673203,0.634529147982062,0,0.192592592592592,22.8169014084507
641,140,0.0076051560192661,0.0165068973579611,0,0.00763281358580717,34228.1571428571
3194,167,0.00712885460306349,0.0260869565217391,0,0.00706185536956382,5135.11976047904
1803,95,0.0105940353859673,0.0409202153695545,0,0.0103237198798856,19409.5684210526
2309,408,0.0319563033402017,0.5,17,0.0353359411374245,13776.5220588235
2186,98,0.00668021974663893,0.142857142857142,26,0.0122714343762698,11802.7551020408
3086,195,0.0121535493730506,0.0393754243041412,8,0.011939287375392,20937.9846153846
1291,519,0.0131563626637822,0.142857142857142,27,0.0122615593846232,17877.9826589595
3082,113,0.0141824833259434,0.428571428571428,0,0.0106408047279698,19716.221238938
1611,43,0.0209994613490307,0.2,0,0.0237877046242294,13170.7674418604
2187,361,0.0106618383218315,0.333333333333333,54,0.0109949045293633,2742.64542936288
748,224,0.0253506941156721,0.076939055294753,0,0.0262407083448045,21696.4553571428
3214,84,0.0148942730545026,0.3,0,0.0119011548006873,17091.1785714285
3023,89,0.0145809712617664,0.333333333333333,0,0.0103375429792886,17966.5842696629
737,325,0.0173601391753003,0.510791366906474,3,0.0146379423385675,4444.29846153846
1664,215,0.0296557410201846,0.114438502673796,0,0.0310958153700943,19986.9860465116
2854,76,0.0107556119565652,0.0310155077538769,1,0.011284166128472,20190.1447368421
614,788,0.363773436865716,0.97945205479452,5,0.0474656395596914,9558.82487309644
3204,243,0.0368666529903235,0.75,2,0.0257854814403803,11747.9259259259
2791,359,0.0205797731128179,0.333333333333333,6,0.0235943157293951,12494.0389972144
2612,351,0.0257100080376935,0.708333333333333,2,0.0277093426316478,16639.5584045584
1327,276,0.0268910625003532,0.785714285714285,2,0.0256737462151156,20922.518115942
2446,197,0.0189820676113154,0.636363636363636,1,0.0118356616421441,20723.7411167512
1368,58,0.0128921212645958,0.0334750484996078,1,0.0134347556548635,20802.9655172413
1146,321,0.0137896712092817,0.529411764705882,0,0.0188033161119788,881.563862928349
2226,2495,0.0475418192706349,0.518518518518518,0,0.0104057997614298,10661.0424849699
1595,8,0.179318976764698,1,0,0.0397891227268496,14771.625
2431,337,0.015360789387525,0.126070991432068,2,0.0158971122186098,15143
509,200,0.0228982468221269,0.240761478163493,2,0.0273653842999631,16461.49
309,200,0.0228982468221269,0.240761478163493,2,0.0273653842999631,16461.49
1199,48,0.0325403026811637,0.333333333333333,0,0.0236602499028712,13298.5
638,48,0.0325403026811637,0.333333333333333,0,0.0236602499028712,13298.5
3667,440,0.0178899901875925,0.666666666666666,93,0.0159695873092788,13676.7068181818
25,42,0.0260520724481848,0.097946634457011,1,0.0267694517842025,14849.9047619047
1529,134,0.0728557875947561,0.88,6,0.0282241089313441,15244.9850746268
3409,302,0.0356219914733674,0.796296296296296,0,0.0513517969007583,80.3443708609271
947,302,0.0356219914733674,0.796296296296296,0,0.0513517969007583,80.3443708609271
2334,479,0.00879620993244887,0.5,2,0.0202344875145906,4589.40709812108
1834,57,0.01022181197213,0.0202309702436146,0,0.0111727277352373,21034.9298245614
3201,131,0.0224506667880611,0.100487480611566,0,0.0250207758679905,19225.5496183206
1396,453,0.017199522012192,0.611111111111111,4,0.0315681715846562,6363.53642384105
119,57,0.0361906303728952,0.413793103448275,0,0.015892342937602,6080.38596491228
807,107,0.0188100590460067,0.0524802300503235,2,0.0244583436279935,15849.1869158878
2883,1371,0.0985128986204036,0.5,0,0.104163092463417,174.311451495258
2955,109,0.0396676770046388,0.769230769230769,2,0.0181300352410309,20274.5321100917
1296,287,0.0170542018288451,0.0456099228440277,6,0.015586355866011,17901.8362369338
831,633,0.0752797913480235,0.924731182795698,99,0.0262943319960054,14207.4360189573
2442,50,0.00757284832329878,0.0258261014686248,3,0.0103369364814444,15110.86
265,470,0.0111199931550651,0.416666666666666,38,0.0200614017969782,774.112765957446
2029,57,0.0208117960689011,0.333333333333333,16,0.0110518064348624,14055.0175438596
3679,258,0.312248486789967,0.478260869565217,3,0.331331714665259,2439.24031007751
3007,182,0.026203138710366,0.454545454545454,0,0.0219370249411175,17293.2582417582
2185,182,0.026203138710366,0.454545454545454,0,0.0219370249411175,17293.2582417582
3112,627,0.0146380112432962,0.444444444444444,15,0.0208134050202856,435.172248803827
1264,556,0.00459744331607,0.5,3,0.0100548708985109,3251.58273381294
2540,41,0.0392513095385656,0.581081081081081,8,0.0145294962727999,12410.4146341463
1054,361,0.00361059339159616,0.0321385079684439,0,0.0112364480978516,12057.3684210526
2747,172,0.00852336653845939,0.84375,2,0.0104397164677267,4238.06395348837
2453,172,0.00852336653845939,0.84375,2,0.0104397164677267,4238.06395348837
811,560,0.0257628199831466,0.6,7,0.0259178102443106,18070.3785714285
1497,438,0.0152568619299615,0.0764212488350419,3,0.0150798247920443,17323.1849315068
2782,174,0.0242504038701342,0.571428571428571,1,0.0258550405253458,18109.1436781609
1866,98,0.0417198329037271,0.75,0,0.0159065681977324,16335.8265306122
563,63,0.0165853514121149,0.25,2,0.0140638467458566,25450.8253968253
3296,523,0.0113261971307909,0.631578947368421,31,0.0106169229988681,10891.3747609942
2035,523,0.0113261971307909,0.631578947368421,31,0.0106169229988681,10891.3747609942
1555,814,0.0168038124855764,0.333333333333333,14,0.034297743777711,6614.14127764127
2991,174,0.0159362485799912,0.166666666666666,0,0.0151638698693846,16527.8678160919
1509,282,0.0362347698605367,0.445221445221445,1,0.0444231000120062,443.031914893617
37,97,0.0396856208116628,0.131919658478549,1,0.0507318558658041,14489.3608247422
1419,236,0.0235357364566802,0.333333333333333,0,0.0230542522607473,20158.4194915254
1335,117,0.0160879941453186,0.692307692307692,0,0.0100175178132015,4991.25641025641
51,409,0.0169631672698408,0.848484848484848,0,0.0175154331320219,182.584352078239
2084,18,0.0312108031434389,0.3929203539823,15,0.0271748419073662,3250.55555555555
187,98,0.0246511783283035,0.0752495233823034,1,0.0283591739056798,19460.6428571428
3367,321,0.0204579055164122,0.2,0,0.0211352061633721,11185.3644859813
1552,353,0.0110555329421173,0.0363128491620111,8,0.0111305753425357,22187.0538243626
1029,34,0.0112891573807926,0.0309210526315789,0,0.011699643758819,18592.8235294117
3405,589,0.0232267576302079,0.529411764705882,14,0.0188787689826974,1078.18675721561
1723,58,0.0137309632992468,0.0752182672934855,4,0.0155161646731037,1076.74137931034
926,107,0.011051156427354,0.333333333333333,0,0.00793535275122776,1733.63551401869
766,107,0.011051156427354,0.333333333333333,0,0.00793535275122776,1733.63551401869
2572,272,0.019421868298027,0.5,8,0.0111699601159026,18893.9007352941
2333,88,0.0115118252415904,0.0612244897959183,1,0.0109912408484662,17528.4204545454
3425,217,0.0138526149020326,0.0649144379547084,0,0.0154701437150355,17000.4884792626
3609,314,0.0129000359277834,0.647058823529411,18,0.0263375243174931,1280.17197452229
1304,157,0.0254979895422649,0.583333333333333,0,0.0128547965741118,14446.0191082802
1621,476,0.0858817655343121,1,51,0.0179599367168715,17909.3760504201
1252,54,0.0186591987364312,0.375,0,0.0106643633189601,16272.6111111111
1009,381,0.0130493959857826,0.153846153846153,0,0.0115204505722964,21026.6272965879
3685,460,0.00902415614802728,0.5,0,0.00837178700078997,3951.67826086956
2892,460,0.00902415614802728,0.5,0,0.00837178700078997,3951.67826086956
2677,460,0.00902415614802728,0.5,0,0.00837178700078997,3951.67826086956
1256,460,0.00902415614802728,0.5,0,0.00837178700078997,3951.67826086956
805,460,0.00902415614802728,0.5,0,0.00837178700078997,3951.67826086956
518,460,0.00902415614802728,0.5,0,0.00837178700078997,3951.67826086956
203,416,0.0109337820286856,0.5,8,0.0225252786486094,1905.44471153846
1279,185,0.0331253661547758,0.863636363636363,0,0.0195267281418931,20536.5081081081
2067,140,0.0509896684427186,0.6,1,0.0534199220956342,19032.4928571428
3286,383,0.00644322336068642,0.0154073612948408,0,0.00710517161876139,29228.5169712793
800,65,0.0258485197665115,0.25,2,0.0188831538893003,15743.7846153846
1447,386,0.00916132998787552,0.25,26,0.00774983580429182,5139.67098445595
2638,40,0.01015411022202,0.030283379806757,0,0.0111631308859337,19004.525
1661,40,0.01015411022202,0.030283379806757,0,0.0111631308859337,19004.525
899,231,0.0788821913640443,0.324324324324324,0,0.0237115656540896,7858.87878787878
1414,211,0.0225617691142066,0.0664884342671161,0,0.0258510786009113,17271.3649289099
3216,237,0.0389087285696517,1,2,0.0106597799570526,22011.0464135021
3644,471,0.0187448278432645,0.100025031289111,38,0.0234829254062941,14410.9766454352
3275,45,0.0220475079522749,0.0561995082543027,0,0.0265981420963374,18489.1777777777
2019,271,0.0140672038285306,0.5,1,0.0223387619772204,1314.38007380073
2489,220,0.00881892685865295,0.203296703296703,12,0.00742800129244381,3840.50454545454
2532,108,0.0436966014521032,0.666666666666666,0,0.0466155352948617,7099.84259259259
1097,78,0.00706433164841581,0.0116269481322668,1,0.00770311443717545,28390.1153846153
1428,129,0.0269086299125277,0.363636363636363,1,0.026503460325827,15883.2558139534
2589,92,0.0449635904892237,0.201995012468827,0,0.00912441580820813,14987.2608695652
584,472,0.101476392488595,0.36231884057971,4,0.0996691159838952,655.665254237288
1498,320,0.0169713357166084,0.227272727272727,7,0.0176450321688034,20752.83125
436,133,0.0310996374129253,0.313829787234042,76,0.0294132757912042,292.691729323308
2184,358,0.113361790934383,0.6,0,0.116407792417099,554.614525139664
576,328,0.0249611094221021,0.222222222222222,9,0.0251931545442452,19526.5731707317
3434,360,0.0303743662578581,0.894736842105263,38,0.0115412325739934,17203.2944444444
1564,360,0.0303743662578581,0.894736842105263,38,0.0115412325739934,17203.2944444444
3333,1045,0.0119580794742601,0.461538461538461,0,0.0110924093607249,500.881339712918
1707,611,0.0201722603790258,0.0714285714285714,1,0.0203462299743645,22994.5646481178
496,239,0.0199506299350774,0.0369785267099643,0,0.0245234589726405,29973.0083682008
1223,85,0.0325471629990318,0.891891891891891,2,0.0216288837739366,13100.1294117647
1006,85,0.0325471629990318,0.891891891891891,2,0.0216288837739366,13100.1294117647
2005,82,0.0238513202456089,0.225754838709677,2,0.0330412480375068,5639.29268292682
1748,512,0.0896901213642893,0.603395061728395,17,0.100215908439536,204.44140625
757,512,0.0896901213642893,0.603395061728395,17,0.100215908439536,204.44140625
2272,585,0.0066182845418777,0.5,1,0.0113599335898709,2644.02051282051
1944,64,0.00703377419399019,0.0263157894736842,3,0.00786646672730401,4449.265625
1299,589,0.0146268260923295,0.5,561,0.0131900152883639,17809.2988115449
3239,30,0.00608756912917586,0.0357142857142857,0,0.00560483212711541,612.566666666666
1528,288,0.0257631425049741,0.0828062104657849,1,0.0263323417680477,21579.0034722222
1680,35,0.0217697422126691,0.0686549707602339,1,0.0249318641988101,17370.7714285714
3509,62,0.0227976060720153,0.272727272727272,1,0.0200507783386151,13308.9516129032
3508,1406,0.00786573049097955,0.0375965893951505,0,0.00812847353884884,31768.4516358463
644,216,0.0315067807482016,0.5,166,0.0131552812975393,4102.35185185185
755,365,0.0235942116057136,0.421052631578947,43,0.0123010553349237,17757.9150684931
1462,492,0.015135864617034,0.164556962025316,28,0.0116238469760241,20752.4735772357
2554,645,0.0277292046103938,0.5,0,0.026687995014969,21695.96124031
1441,362,0.0145591738563851,0.389830508474576,1,0.0101045424402961,20641.1187845303
814,533,0.00766877984529884,0.0348583877995642,5,0.00794180054561988,18073.3208255159
1099,52,0.00821973108956203,0.0526315789473684,2,0.00721837690119391,3434.07692307692
14,234,0.0497591330097554,0.451197053406998,0,0.0416124593445083,683.247863247863
1132,83,0.00963323937328101,0.111111111111111,1,0.0099601420320728,19388.1204819277
2367,561,0.016799971511067,0.352941176470588,7,0.0151942613675249,5599.84848484848
3231,438,0.0238720412718371,0.208450704225352,90,0.0224163566860629,443.760273972602
1951,966,0.0122401943859654,0.5,8,0.0463791475996224,1312.74637681159
3654,335,0.00807087021027153,0.2,1,0.00798668047524524,3320.45373134328
1672,67,0.0105082145522024,0.026929502171734,0,0.010879253336872,20245.2985074626
1197,224,0.0180871808670756,0.142857142857142,2,0.0184872118517056,19176.8660714285
1695,1982,0.0995706742659226,0.5,21,0.0760959820955875,1810.71442986881
1958,30,0.00408162796368519,0.0833333333333333,3,0.00757668951788769,5961.26666666666
2113,293,0.0183338470185242,0.25,2,0.0181118844700778,16121.8225255972
3227,76,0.00940283281542215,0.0267578514042892,6,0.0111875574178053,17158.3947368421
3427,134,0.025391885650411,0.0362308211341567,0,0.0273908428400642,34519.9253731343
1213,134,0.025391885650411,0.0362308211341567,0,0.0273908428400642,34519.9253731343
2179,1380,0.0253234535859781,0.615384615384615,2,0.0225039670454727,180.83768115942
1896,1000,0.108431198588711,0.330073349633251,0,0.105035006681121,668.301
3131,644,0.0260094044360048,0.461538461538461,314,0.0263802299225125,324.035714285714
870,113,0.0246499535985872,0.455882352941176,18,0.0232565215833151,13087.5840707964
738,76,0.0232586091442786,0.274261603375527,10,0.0240646491614917,13247.2105263157
2807,107,0.0327823826776196,0.892857142857142,1,0.0283761487391564,16619.1962616822
251,500,0.0120063206576402,0.333333333333333,0,0.0114132478837815,2414.212
2713,191,0.0207793863411384,0.733333333333333,8,0.0175267896881098,15292.670157068
3630,96,0.0206949994370417,0.369747899159663,1,0.0157447690076652,351.96875
2260,71,0.0226725476529723,0.4,0,0.0135650352099664,17532.6478873239
2903,328,0.0601263602515331,1,13,0.0398534539691296,16291.3932926829
1938,229,0.055878710912198,0.941176470588235,11,0.0282859366627015,10194.3973799126