id,country_id,item_count,positive_feedback_count,neutral_feedback_count,negative_feedback_count,feedback_rating,created_on,updated_on
2715,16,35,377,1,3,4.96,2020-08-28 18:51:59,2024-10-10 6:32:15
2661,13,23,712,2,5,4.96,2021-02-14 12:38:16,2024-10-10 6:25:58
2319,13,296,895,2,4,4.97,2021-01-09 5:50:18,2024-10-09 22:33:31
1822,10,545,1580,7,14,4.94,2019-09-23 17:01:36,2024-10-10 8:05:56
2760,16,131,3450,15,32,4.95,2017-10-06 9:48:15,2024-10-10 7:27:29
1898,16,131,3450,15,32,4.95,2017-10-06 9:48:15,2024-10-10 7:27:29
2359,13,0,199,0,0,5,2024-04-08 12:36:26,2024-10-10 6:36:14
1890,13,3,24,0,0,5,2024-08-11 16:33:37,2024-10-10 6:40:54
1299,16,794,480,1,4,4.96,2019-08-10 22:15:39,2024-10-10 6:43:00
1938,13,54,296,0,1,4.98,2023-10-21 12:21:08,2024-10-10 6:19:48
749,13,0,490,1,5,4.94,2022-06-28 16:52:51,2024-10-09 22:58:08
3372,13,24,127,1,0,4.98,2022-04-21 20:23:42,2024-10-09 22:56:45
320,16,5,12,0,2,4.5,2023-11-24 21:20:33,2024-10-10 9:07:25
3306,13,110,706,3,5,4.96,2023-07-12 19:21:07,2024-10-10 9:08:41
3030,13,124,2635,2,2,4.99,2021-01-02 12:14:23,2024-10-10 8:53:35
1812,13,734,508,1,7,4.93,2022-11-07 12:52:05,2024-10-10 8:15:41
1391,13,2086,897,1,8,4.96,2023-11-03 13:12:06,2024-10-10 8:47:34
1681,24,74,78,0,0,5,2023-06-12 16:28:23,2024-10-10 6:21:45
1482,13,6,47,0,3,4.76,2023-10-05 13:57:18,2024-10-10 6:20:45
3537,16,66,1254,3,56,4.81,2018-11-17 21:17:59,2024-10-10 7:08:23
3475,13,64,678,5,38,4.77,2022-01-20 21:37:48,2024-10-10 6:14:01
2076,13,64,678,5,38,4.77,2022-01-20 21:37:48,2024-10-10 6:14:01
3476,13,82,52,0,0,5,2021-10-18 21:13:50,2024-10-10 6:25:06
396,13,106,369,2,6,4.9,2024-07-16 13:45:58,2024-10-10 6:49:46
149,19,136,1127,2,13,4.94,2019-08-30 4:39:45,2024-10-10 1:12:55
2881,13,22,518,0,5,4.96,2023-02-17 15:12:51,2024-10-09 20:25:02
3452,13,84,61,0,11,4.38,2021-05-08 17:33:14,2024-10-09 15:36:04
1731,13,0,1685,4,35,4.91,2020-09-15 15:26:46,2024-10-09 20:28:49
2853,13,22,149,1,7,4.8,2021-05-04 16:18:17,2024-10-09 23:47:39
2621,16,0,122,0,3,4.87,2020-08-28 17:38:43,2024-10-10 7:56:24
1269,16,104,621,2,12,4.9,2022-04-28 9:05:25,2024-10-09 23:17:06
2424,13,17,76,2,9,4.53,2021-11-10 11:01:39,2024-10-09 22:14:04
2022,13,17,76,2,9,4.53,2021-11-10 11:01:39,2024-10-09 22:14:04
3108,13,81,127,1,3,4.88,2022-09-17 9:09:05,2024-10-09 22:46:33
1143,13,47,86,0,8,4.66,2022-09-15 13:53:25,2024-10-09 22:14:14
2200,15,0,61,0,6,4.63,2024-06-14 12:25:09,2024-10-10 4:40:46
2726,13,13,701,2,43,4.76,2022-06-24 23:16:35,2024-10-09 22:32:06
3150,13,2,158,1,1,4.96,2024-06-13 16:49:09,2024-10-09 22:43:13
1085,10,145,1354,9,4,4.96,2019-06-17 14:47:13,2024-10-10 7:55:17
1624,13,0,105,0,0,5,2024-03-02 16:27:37,2024-10-10 5:30:57
1485,13,7,33,0,0,5,2021-11-23 22:07:31,2024-10-09 22:58:07
1210,13,7,33,0,0,5,2021-11-23 22:07:31,2024-10-09 22:58:07
1342,13,7,5,0,1,4.33,2024-06-20 14:38:23,2024-10-09 22:12:57
3376,13,40,446,0,3,4.98,2022-04-22 11:23:51,2024-10-09 22:30:57
797,16,227,392,2,62,4.45,2022-10-09 20:32:43,2024-10-10 3:17:39
3058,7,1,227,0,0,4.99,2021-07-06 4:44:29,2024-10-10 8:30:25
3467,13,0,37,0,0,5,2024-01-04 1:47:45,2024-10-10 8:51:23
217,13,0,161,0,13,4.7,2024-04-21 15:09:21,2024-10-10 9:03:00
1316,18,10,40,0,0,4.98,2024-07-12 11:51:41,2024-10-10 9:08:26
2574,13,18,1331,4,59,4.82,2022-01-25 20:54:12,2024-10-10 9:04:59
1463,13,18,1331,4,59,4.82,2022-01-25 20:54:12,2024-10-10 9:04:59
2399,13,154,953,1,2,4.98,2021-05-14 15:47:02,2024-10-10 8:32:04
458,16,0,279,0,1,4.99,2023-10-19 20:14:42,2024-10-09 19:53:27
2339,13,800,470,0,24,4.79,2021-05-17 16:35:21,2024-10-10 5:44:32
1364,13,188,730,0,6,4.96,2022-10-15 20:44:19,2024-10-10 5:42:29
3196,16,48,235,8,89,3.87,2024-04-05 15:52:19,2024-10-09 17:48:31
7,13,24,101,0,0,4.97,2023-04-23 19:26:10,2024-10-10 8:03:13
1106,7,166,957,13,30,4.83,2023-03-20 17:48:35,2024-10-10 7:46:56
3644,13,18,1324,1,2,4.99,2022-07-13 16:16:25,2024-10-10 7:45:08
23,13,4,33,0,1,4.88,2024-06-01 16:57:10,2024-10-10 5:04:44
2231,13,328,2040,1,5,4.98,2023-03-02 15:31:54,2024-10-09 22:20:15
2040,3,237,1040,5,29,4.87,2020-11-27 17:46:06,2024-10-09 22:16:33
1620,3,237,1040,5,29,4.87,2020-11-27 17:46:06,2024-10-09 22:16:33
2547,13,36,25,0,2,4.74,2023-08-27 18:23:53,2024-10-09 22:16:28
1180,16,15,79,0,1,4.93,2021-06-15 18:04:05,2024-10-09 22:22:32
427,16,45,1399,1,3,4.99,2020-01-08 20:48:53,2024-10-09 22:56:18
3515,16,13,274,1,5,4.93,2023-02-18 16:53:00,2024-10-09 22:20:36
3585,16,88,410,0,1,4.98,2020-04-09 10:44:39,2024-10-09 22:17:14
1784,16,108,1621,2,2,4.99,2023-03-10 13:23:38,2024-10-09 21:15:17
754,13,178,2301,7,236,4.61,2021-06-05 21:11:03,2024-10-09 21:42:09
1425,13,0,6,0,0,5,2024-04-24 11:59:45,2024-10-09 21:53:32
3608,13,191,507,3,1,4.96,2023-07-20 15:15:07,2024-10-09 22:01:52
533,16,1331,272,2,2,4.96,2023-06-13 12:00:36,2024-10-09 22:10:37
3179,13,139,151,3,9,4.73,2022-05-19 16:40:06,2024-10-08 9:54:16
412,13,12,140,0,2,4.95,2022-03-11 13:20:07,2024-10-09 21:56:15
3481,13,12,68,0,1,4.93,2021-12-14 16:44:20,2024-10-09 19:24:09
2208,13,12,68,0,1,4.93,2021-12-14 16:44:20,2024-10-09 19:24:09
1864,13,46,100,1,6,4.75,2020-10-10 21:00:40,2024-10-09 20:05:01
1146,16,1,33,0,0,4.88,2024-04-04 1:55:07,2024-10-09 19:47:07
802,13,34,1028,2,10,4.95,2021-04-14 15:11:07,2024-10-10 6:55:41
146,13,14,71,0,13,4.38,2024-08-11 19:59:04,2024-10-10 5:49:09
634,13,18,55,0,0,5,2024-08-27 12:41:10,2024-10-10 6:28:27
32,13,0,103,1,3,4.86,2023-05-03 19:20:49,2024-10-10 6:52:46
1791,13,135,606,1,4,4.96,2022-09-26 16:42:53,2024-10-10 7:03:08
493,13,349,206,1,4,4.91,2024-01-26 2:26:28,2024-10-10 6:11:08
3579,13,0,837,0,0,5,2022-02-06 22:16:50,2024-10-10 6:37:18
2550,13,0,837,0,0,5,2022-02-06 22:16:50,2024-10-10 6:37:18
1795,13,33,98,0,3,4.86,2021-12-28 17:38:53,2024-10-10 1:55:59
929,13,33,98,0,3,4.86,2021-12-28 17:38:53,2024-10-10 1:55:59
641,16,1224,252,2,4,4.9,2019-09-29 16:11:36,2024-10-09 21:34:44
1740,13,25,940,4,3,4.97,2021-11-14 9:53:46,2024-10-09 22:05:30
541,13,3,55,0,0,5,2023-03-08 12:44:58,2024-10-09 21:13:04
3445,13,75,1829,5,62,4.85,2021-03-22 8:15:48,2024-10-10 6:42:36
1310,13,228,258,1,5,4.92,2023-06-22 16:55:32,2024-10-10 6:16:07
732,13,16,39,0,0,5,2022-10-10 8:41:02,2024-10-10 4:54:35
1207,13,41,110,0,0,4.99,2023-12-17 8:14:49,2024-10-09 18:18:10
701,13,44,137,0,21,4.47,2024-05-29 18:45:59,2024-10-09 21:41:39
3414,13,143,420,0,1,4.99,2023-04-02 15:17:28,2024-10-09 21:46:16
3552,16,0,1096,3,17,4.92,2019-06-21 9:12:40,2024-10-09 22:45:12
648,16,57,19,0,0,5,2022-11-23 15:01:55,2024-10-09 22:35:00
1500,16,165,369,1,7,4.89,2016-08-11 7:03:49,2024-10-10 5:35:49
516,21,227,365,1,1,4.97,2021-07-23 22:04:51,2024-10-10 8:04:51
45,13,3,424,0,7,4.93,2022-12-15 9:45:55,2024-10-10 7:57:22
3540,13,55,286,2,10,4.84,2021-02-18 9:49:09,2024-10-10 3:49:41
1403,13,98,711,2,12,4.93,2021-05-14 6:27:27,2024-10-10 8:00:52
1697,13,10,44,0,4,4.67,2023-01-17 10:44:44,2024-10-10 7:26:02
1690,13,72,908,1,9,4.96,2022-06-19 20:50:44,2024-10-10 7:32:49
35,13,165,1317,9,53,4.83,2021-10-16 22:55:50,2024-10-09 22:31:59
524,16,22,176,1,0,4.97,2024-02-24 16:53:08,2024-10-10 7:42:18
654,13,0,9,0,0,5,2024-08-15 12:26:08,2024-10-09 15:48:46
2521,16,9,6,0,1,4.43,2024-06-24 11:32:43,2024-10-10 8:06:05
2952,16,1,19,2,8,3.76,2020-12-27 22:58:47,2024-10-10 0:29:31
102,16,39,144,1,2,4.93,2016-01-06 13:03:04,2024-10-09 17:52:50
2211,13,55,259,1,3,4.94,2022-06-09 18:27:06,2024-10-09 21:13:13
2444,13,26,102,0,0,4.99,2022-09-01 11:55:14,2024-10-09 19:58:04
627,16,11,28,0,1,4.86,2018-05-09 18:34:08,2024-10-09 19:32:30
2429,19,99,231,2,9,4.83,2019-02-21 16:32:24,2024-10-09 20:49:03
305,13,68,456,3,32,4.73,2023-05-16 21:24:08,2024-10-09 21:01:42
3434,13,95,250,1,15,4.75,2021-12-27 23:26:08,2024-10-09 21:19:44
1564,13,95,250,1,15,4.75,2021-12-27 23:26:08,2024-10-09 21:19:44
1520,16,7,217,3,6,4.87,2020-07-20 16:43:58,2024-10-09 21:46:17
2313,13,22,58,0,0,5,2022-09-27 11:28:16,2024-10-09 21:38:44
1732,13,25,117,1,0,4.97,2023-11-03 14:27:15,2024-10-09 22:25:48
22,18,4,27,0,3,4.57,2021-09-19 13:49:51,2024-10-09 22:51:27
2091,13,20,173,0,0,4.98,2023-09-17 17:48:22,2024-10-09 22:29:48
1360,16,16,641,0,4,4.97,2017-12-11 20:37:32,2024-10-09 20:40:26
786,16,16,641,0,4,4.97,2017-12-11 20:37:32,2024-10-09 20:40:26
1335,13,49,183,2,15,4.68,2023-03-01 20:06:24,2024-10-09 20:41:24
2836,13,99,461,2,11,4.89,2021-11-18 14:46:48,2024-10-09 22:50:00
2327,13,99,461,2,11,4.89,2021-11-18 14:46:48,2024-10-09 22:50:00
2162,13,34,264,0,3,4.96,2023-03-21 15:45:44,2024-10-10 5:12:32
995,16,86,121,0,1,4.94,2017-02-11 8:37:18,2024-10-10 5:12:03
818,13,165,586,3,11,4.9,2023-09-09 19:15:41,2024-10-10 5:42:06
2079,13,45,482,0,1,4.99,2018-02-20 20:52:43,2024-10-09 21:35:31
2799,13,11,10,0,0,5,2022-04-03 15:39:08,2024-10-09 21:25:37
553,13,117,1508,7,14,4.94,2021-03-26 22:55:38,2024-10-09 22:50:43
3575,16,68,622,3,8,4.94,2015-03-09 20:38:38,2024-10-09 17:22:12
2928,16,68,622,3,8,4.94,2015-03-09 20:38:38,2024-10-09 17:22:12
2305,16,68,622,3,8,4.94,2015-03-09 20:38:38,2024-10-09 17:22:12
2112,16,68,622,3,8,4.94,2015-03-09 20:38:38,2024-10-09 17:22:12
88,16,68,622,3,8,4.94,2015-03-09 20:38:38,2024-10-09 17:22:12
3207,13,99,438,0,3,4.97,2023-06-15 11:18:02,2024-10-10 1:01:03
1802,16,41,152,0,14,4.65,2021-09-23 18:32:26,2024-10-09 19:55:29
1096,16,41,152,0,14,4.65,2021-09-23 18:32:26,2024-10-09 19:55:29
893,13,369,302,1,12,4.83,2021-01-17 18:36:47,2024-10-09 20:40:15
3142,18,49,46,0,7,4.43,2021-10-31 13:37:13,2024-10-09 20:11:30
327,13,0,1,0,1,3,2023-06-02 13:02:50,2024-10-10 7:24:29
3243,13,30,100,0,0,4.98,2023-04-01 14:31:18,2024-10-10 7:22:06
1733,24,48,245,0,0,4.98,2022-11-19 15:34:21,2024-10-10 7:31:12
2597,13,91,679,4,28,4.81,2021-03-04 18:18:17,2024-10-10 7:17:01
2860,13,35,283,0,0,5,2023-01-30 22:08:33,2024-10-10 9:09:01
1188,13,83,78,0,1,4.95,2022-03-09 20:41:55,2024-10-10 2:05:07
2002,19,158,815,4,5,4.95,2019-12-20 16:10:23,2024-10-09 19:09:32
302,13,24,51,0,5,4.63,2021-07-03 11:01:16,2024-10-09 19:41:54
3002,15,63,66,0,1,4.93,2023-02-11 17:48:12,2024-10-09 19:58:17
1531,13,0,10,0,0,5,2023-05-26 19:52:41,2024-10-09 19:20:49
2956,13,136,55,0,0,4.98,2023-12-04 11:28:22,2024-10-09 19:35:52
507,13,175,205,2,2,4.93,2022-09-10 15:53:16,2024-10-10 4:13:45
163,13,57,252,1,15,4.76,2021-05-16 12:14:09,2024-10-09 21:04:54
2890,21,13,30,0,4,4.53,2023-06-23 21:11:04,2024-10-09 21:25:47
1216,16,11,36,0,4,4.58,2021-01-23 8:11:22,2024-10-09 20:38:05
2463,13,35,272,1,9,4.86,2022-07-08 10:48:14,2024-10-09 20:26:24
2042,16,15,129,1,4,4.87,2022-08-14 12:21:44,2024-10-09 20:26:51
2086,13,36,135,0,0,5,2022-03-19 22:47:30,2024-10-09 20:23:13
811,13,108,237,2,30,4.52,2020-12-18 15:37:43,2024-10-09 20:21:56
2732,13,6,322,0,8,4.9,2020-11-22 14:11:41,2024-10-09 20:46:20
523,13,0,16,0,1,4.76,2022-03-26 21:25:26,2024-10-09 22:12:14
666,16,508,567,4,1,4.96,2018-07-09 17:44:51,2024-10-09 19:14:22
418,13,50,148,1,0,4.99,2022-09-15 7:41:20,2024-10-09 20:05:27
2324,13,7,55,0,0,5,2022-11-06 18:55:31,2024-10-09 21:50:36
2426,13,47,80,0,0,4.99,2024-06-07 20:55:57,2024-10-09 21:53:41
2805,16,11,35,0,4,4.54,2013-06-16 17:00:14,2024-10-09 21:50:32
1819,16,11,35,0,4,4.54,2013-06-16 17:00:14,2024-10-09 21:50:32
1809,16,11,35,0,4,4.54,2013-06-16 17:00:14,2024-10-09 21:50:32
1158,16,11,35,0,4,4.54,2013-06-16 17:00:14,2024-10-09 21:50:32
894,16,11,35,0,4,4.54,2013-06-16 17:00:14,2024-10-09 21:50:32
787,16,11,35,0,4,4.54,2013-06-16 17:00:14,2024-10-09 21:50:32
315,16,11,35,0,4,4.54,2013-06-16 17:00:14,2024-10-09 21:50:32
3400,16,610,2788,5,13,4.96,2017-01-15 0:03:03,2024-10-10 5:57:44
3364,16,610,2788,5,13,4.96,2017-01-15 0:03:03,2024-10-10 5:57:44
372,13,10,549,2,30,4.78,2021-10-17 16:16:39,2024-10-10 5:25:11
3035,13,1,66,0,1,4.94,2021-12-25 10:22:06,2024-10-09 22:46:49
1043,13,1,66,0,1,4.94,2021-12-25 10:22:06,2024-10-09 22:46:49
721,13,11,36,2,0,4.89,2023-08-30 17:34:28,2024-10-10 3:09:28
2057,16,40,538,0,3,4.97,2022-01-15 14:41:52,2024-10-10 4:51:09
543,16,40,538,0,3,4.97,2022-01-15 14:41:52,2024-10-10 4:51:09
3698,16,718,1209,2,10,4.95,2015-03-09 23:08:14,2024-10-10 4:26:50
3163,16,718,1209,2,10,4.95,2015-03-09 23:08:14,2024-10-10 4:26:50
2425,16,718,1209,2,10,4.95,2015-03-09 23:08:14,2024-10-10 4:26:50
1820,16,718,1209,2,10,4.95,2015-03-09 23:08:14,2024-10-10 4:26:50
147,16,718,1209,2,10,4.95,2015-03-09 23:08:14,2024-10-10 4:26:50
2388,13,9,231,0,0,5,2021-07-02 20:51:38,2024-10-09 22:38:54
1373,16,48,57,0,0,5,2024-05-08 21:53:03,2024-10-09 22:20:19
3101,10,11,38,0,1,4.87,2019-09-06 7:26:25,2024-10-10 6:05:43
1298,16,36,413,6,20,4.77,2018-03-29 11:56:12,2024-10-09 21:12:06
1065,13,208,171,0,0,4.99,2024-06-16 20:35:21,2024-10-09 22:42:03
3335,13,16,299,0,3,4.96,2020-10-02 20:37:43,2024-10-09 23:00:55
691,13,4,32,0,0,5,2022-10-21 16:01:15,2024-10-09 19:02:20
3380,13,28,66,0,0,4.98,2023-08-15 8:02:53,2024-10-09 19:00:00
2120,13,56,194,2,6,4.86,2022-11-02 17:46:49,2024-10-09 18:31:02
1959,16,4,288,4,16,4.75,2017-11-20 17:16:05,2024-10-09 18:18:15
736,16,4,288,4,16,4.75,2017-11-20 17:16:05,2024-10-09 18:18:15
1439,18,331,776,2,14,4.91,2021-01-03 22:10:00,2024-10-09 22:37:18
3437,13,165,1075,3,12,4.95,2023-03-24 14:54:43,2024-10-09 22:51:38
3210,7,45,143,0,6,4.83,2018-07-27 21:47:23,2024-10-09 21:06:59
277,13,2,29,0,0,5,2020-11-15 22:23:57,2024-10-09 20:37:29
1089,18,4820,1568,4,14,4.96,2021-01-14 19:14:20,2024-10-10 5:25:04
2885,16,222,134,0,7,4.77,2018-07-08 9:41:06,2024-10-10 8:25:47
2132,13,68,326,0,1,4.98,2024-01-15 15:58:04,2024-10-10 9:06:26
2155,7,89,419,2,1,4.96,2019-07-23 16:39:44,2024-10-10 8:26:36
138,16,22,196,1,30,4.46,2022-08-13 11:11:57,2024-10-10 8:58:27
2735,16,82,175,0,1,4.97,2024-03-04 13:27:24,2024-10-10 8:50:14
2330,13,16,1070,0,6,4.97,2022-06-25 15:16:02,2024-10-10 8:39:00
2651,18,6,495,2,1,4.96,2024-04-07 19:40:32,2024-10-10 0:19:52
168,10,37,177,0,3,4.93,2017-02-13 8:26:13,2024-10-10 8:59:58
767,13,52,86,0,0,5,2024-02-15 20:18:18,2024-10-10 8:31:36
2018,13,246,569,1,11,4.91,2015-04-03 13:21:42,2024-10-10 8:28:03
730,13,0,1336,3,4,4.98,2023-09-21 21:05:34,2024-10-10 9:00:16
2883,18,14,177,0,0,4.99,2021-01-08 21:21:55,2024-10-09 21:25:51
446,15,37,228,0,6,4.9,2017-11-13 16:55:37,2024-10-09 21:27:42
2897,13,211,275,1,2,4.94,2024-01-03 13:26:11,2024-10-09 21:45:31
2394,13,5,203,1,6,4.82,2023-11-03 9:55:49,2024-10-09 20:55:47
3102,13,0,68,1,2,4.86,2022-11-11 15:01:14,2024-10-10 1:41:16
2187,15,23,622,3,17,4.87,2019-10-28 7:50:48,2024-10-10 4:56:47
1125,13,57,140,1,13,4.66,2023-11-15 12:52:39,2024-10-10 0:08:22
1737,16,2,173,1,8,4.8,2018-06-10 21:01:58,2024-10-09 19:29:50
2368,7,49,452,1,5,4.94,2021-05-25 15:20:48,2024-10-09 19:43:14
3352,13,1,25,0,0,5,2024-01-09 16:31:34,2024-10-09 19:33:14
1652,13,104,120,1,10,4.68,2023-06-03 23:11:15,2024-10-09 17:29:28
54,13,9,74,0,2,4.89,2023-02-18 17:13:56,2024-10-09 19:37:57
2470,13,5,223,0,7,4.87,2022-10-31 19:35:02,2024-10-09 19:34:21
1753,13,38,298,0,0,5,2022-09-13 7:06:22,2024-10-09 21:45:05
3286,16,31,22,0,0,5,2017-08-26 7:10:32,2024-10-09 22:32:08
2483,13,44,271,0,5,4.93,2022-01-04 11:54:24,2024-10-09 17:30:14
1114,13,44,271,0,5,4.93,2022-01-04 11:54:24,2024-10-09 17:30:14
2924,13,196,680,3,0,4.99,2022-12-28 18:32:04,2024-10-09 19:57:37
635,13,44,42,0,0,5,2022-05-31 22:00:22,2024-10-09 20:04:09
913,13,7,24,0,1,4.84,2024-03-24 0:23:33,2024-10-09 21:32:26
1871,16,30,98,0,3,4.87,2015-12-28 13:39:51,2024-10-09 21:17:34
288,16,30,98,0,3,4.87,2015-12-28 13:39:51,2024-10-09 21:17:34
677,13,26,62,0,5,4.7,2023-01-21 19:44:52,2024-10-10 0:20:39
3141,13,15,40,0,0,5,2023-02-12 18:24:09,2024-10-09 18:31:04
3571,13,31,343,0,5,4.93,2023-09-13 13:33:58,2024-10-09 18:16:32
3393,16,0,180,1,8,4.81,2013-07-07 18:26:01,2024-10-09 23:17:47
2975,16,0,180,1,8,4.81,2013-07-07 18:26:01,2024-10-09 23:17:47
2684,16,0,180,1,8,4.81,2013-07-07 18:26:01,2024-10-09 23:17:47
2041,16,0,180,1,8,4.81,2013-07-07 18:26:01,2024-10-09 23:17:47
1708,16,0,180,1,8,4.81,2013-07-07 18:26:01,2024-10-09 23:17:47
1239,16,0,180,1,8,4.81,2013-07-07 18:26:01,2024-10-09 23:17:47
819,16,0,180,1,8,4.81,2013-07-07 18:26:01,2024-10-09 23:17:47
362,16,0,180,1,8,4.81,2013-07-07 18:26:01,2024-10-09 23:17:47
211,16,0,180,1,8,4.81,2013-07-07 18:26:01,2024-10-09 23:17:47
233,16,273,185,0,5,4.9,2017-02-09 17:12:43,2024-10-09 22:02:47
2755,13,25,540,1,5,4.95,2023-01-11 8:54:29,2024-10-10 8:16:50
125,18,122,14,0,0,4.93,2024-08-15 11:19:38,2024-10-10 9:06:53
2673,16,151,501,2,2,4.96,2023-03-31 14:05:03,2024-10-10 9:08:55
1976,16,7,896,1,1,4.98,2018-05-19 20:44:26,2024-10-10 6:02:33
3300,16,2,224,0,0,5,2018-04-22 5:22:18,2024-10-10 7:34:30
341,18,77,617,0,12,4.92,2023-03-02 4:17:57,2024-10-10 8:01:22
2930,16,0,505,0,7,4.93,2017-11-18 14:17:51,2024-10-10 8:10:16
2630,16,0,505,0,7,4.93,2017-11-18 14:17:51,2024-10-10 8:10:16
1277,16,3,96,0,5,4.8,2018-11-07 6:33:35,2024-10-10 7:27:38
3096,13,8,296,0,9,4.88,2022-02-09 20:00:07,2024-10-10 7:57:34
2441,13,8,296,0,9,4.88,2022-02-09 20:00:07,2024-10-10 7:57:34
3468,16,89,3899,2,6,4.99,2021-10-10 14:05:50,2024-10-10 7:16:24
451,13,66,504,0,3,4.97,2021-07-22 10:49:30,2024-10-10 6:47:59
318,25,39,13,0,1,4.71,2023-11-26 18:18:07,2024-10-10 6:51:16
1725,18,6,130,0,5,4.85,2021-01-13 18:56:25,2024-10-10 6:45:45
495,13,232,1110,1,2,4.98,2021-10-28 17:15:12,2024-10-10 6:20:16
2318,13,0,57,0,0,5,2022-02-13 21:59:17,2024-10-10 6:51:33
268,13,0,57,0,0,5,2022-02-13 21:59:17,2024-10-10 6:51:33
2720,13,71,559,0,2,4.98,2021-10-23 11:45:35,2024-10-10 0:38:23
214,13,49,397,1,3,4.97,2018-05-28 15:28:55,2024-10-10 6:52:53
113,13,39,2800,4,7,4.98,2021-10-12 8:28:16,2024-10-10 6:46:49
3136,13,70,133,0,1,4.96,2023-12-08 16:45:58,2024-10-10 6:44:51
3635,7,63,75,0,2,4.87,2021-10-18 8:32:41,2024-10-10 7:57:51
1552,13,152,92,1,0,4.95,2021-09-25 21:03:42,2024-10-10 3:23:48
1126,13,40,164,1,5,4.87,2022-08-07 20:17:21,2024-10-09 19:37:29
2697,13,6,174,0,1,4.98,2021-02-26 19:13:18,2024-10-09 20:02:49
1689,16,0,677,8,14,4.88,2021-11-14 13:25:12,2024-10-09 19:59:27
1385,16,0,677,8,14,4.88,2021-11-14 13:25:12,2024-10-09 19:59:27
63,25,60,40,0,2,4.81,2024-03-17 19:16:25,2024-10-10 5:11:58
425,13,0,234,2,18,4.69,2021-08-09 22:12:43,2024-10-10 0:35:40
1947,13,17,134,0,3,4.91,2024-02-03 18:49:59,2024-10-10 5:33:05
3600,16,0,274,5,24,4.59,2020-03-05 20:38:21,2024-10-09 23:16:50
1764,7,105,175,2,0,4.95,2020-11-23 7:36:49,2024-10-10 8:19:13
1309,16,40,175,2,15,4.67,2019-01-09 23:17:04,2024-10-10 8:22:54
3045,16,110,127,1,32,4.17,2017-10-02 19:39:47,2024-10-10 8:51:41
3331,13,23,36,0,1,4.92,2024-07-05 6:34:46,2024-10-10 9:07:55
86,13,152,178,0,1,4.97,2023-06-05 21:44:54,2024-10-10 8:16:31
1824,13,43,133,0,1,4.93,2024-03-11 19:51:12,2024-10-10 9:01:08
695,10,5,80,0,0,4.98,2019-10-31 19:45:59,2024-10-10 8:56:35
2034,10,76,607,4,9,4.92,2024-03-21 16:58:10,2024-10-10 8:29:01
1067,13,47,186,0,21,4.6,2023-10-17 20:22:28,2024-10-10 8:37:20
3338,13,16,23,0,0,5,2023-12-28 9:30:57,2024-10-10 6:06:39
3622,13,264,6238,12,86,4.94,2022-01-05 20:00:23,2024-10-10 8:02:10
2741,13,264,6238,12,86,4.94,2022-01-05 20:00:23,2024-10-10 8:02:10
167,13,134,576,3,0,4.99,2024-04-05 15:49:49,2024-10-10 7:25:54
2706,10,155,151,0,0,4.99,2021-01-25 17:50:03,2024-10-09 18:42:01
3099,24,26,239,0,0,5,2023-01-26 12:10:56,2024-10-09 18:52:58
3105,16,222,77,1,4,4.77,2021-01-16 15:31:27,2024-10-09 22:55:09
660,16,38,239,3,91,3.88,2018-04-29 20:17:31,2024-10-10 7:21:32
1937,13,2,38,0,11,4.1,2023-09-03 18:52:18,2024-10-10 7:47:56
352,13,10,167,1,5,4.87,2022-04-10 8:43:33,2024-10-10 7:27:32
1033,10,103,603,2,4,4.94,2019-07-04 21:39:57,2024-10-10 7:52:47
222,13,109,283,1,0,4.99,2022-09-06 11:15:44,2024-10-10 8:39:49
1628,16,193,1009,1,17,4.92,2018-11-20 11:45:23,2024-10-10 8:49:48
1433,16,318,2628,27,24,4.92,2018-09-22 11:38:57,2024-10-10 9:00:31
2356,18,0,671,2,2,4.96,2021-08-10 6:17:19,2024-10-10 6:34:15
100,13,0,200,1,3,4.92,2024-03-28 17:27:06,2024-10-10 7:56:18
2963,16,71,140,2,10,4.69,2020-06-14 17:11:58,2024-10-10 7:28:04
655,16,415,273,3,8,4.85,2023-01-01 16:21:31,2024-10-10 8:10:41
2628,13,1,910,1,5,4.97,2021-04-13 22:18:54,2024-10-09 20:04:06
1137,13,18,454,2,29,4.75,2023-08-23 3:08:54,2024-10-09 19:35:18
723,13,51,263,0,1,4.98,2021-09-23 17:16:41,2024-10-09 19:53:11
3070,16,6,226,0,4,4.93,2022-01-04 6:38:18,2024-10-10 8:50:50
1630,16,6,226,0,4,4.93,2022-01-04 6:38:18,2024-10-10 8:50:50
73,13,79,331,1,1,4.97,2021-04-18 17:25:43,2024-10-10 9:04:49
2828,16,58,197,2,3,4.92,2024-02-04 11:20:25,2024-10-10 8:42:54
1430,13,145,401,0,12,4.88,2023-07-20 7:14:16,2024-10-10 8:48:17
1489,13,284,1227,3,4,4.97,2021-03-08 20:05:12,2024-10-09 22:31:03
3017,13,110,635,0,1,4.99,2021-10-19 18:18:34,2024-10-10 0:00:09
1965,13,7,205,1,1,4.95,2023-12-23 14:58:40,2024-10-09 22:35:14
2580,18,40,245,1,6,4.87,2024-05-15 10:18:09,2024-10-10 7:01:43
505,10,104,240,2,2,4.95,2023-10-18 20:24:14,2024-10-09 19:56:36
1264,16,6,389,0,3,4.97,2018-08-03 13:30:34,2024-10-10 6:40:37
1465,13,27,454,1,11,4.89,2023-07-22 23:58:07,2024-10-10 8:02:28
3229,16,9,36,0,1,4.84,2024-03-07 8:13:08,2024-10-10 7:46:22
1686,13,63,202,0,8,4.84,2023-06-03 18:32:56,2024-10-10 7:24:24
474,16,39,3249,5,5,4.98,2015-11-01 17:21:53,2024-10-10 7:36:21
232,16,39,3249,5,5,4.98,2015-11-01 17:21:53,2024-10-10 7:36:21
2569,13,3,593,3,2,4.97,2022-12-29 12:42:05,2024-10-10 7:57:19
1632,16,0,59,0,3,4.81,2018-03-09 12:20:50,2024-10-10 8:56:29
1135,15,108,541,0,5,4.96,2017-07-03 21:04:59,2024-10-10 8:15:10
792,13,19,825,1,12,4.94,2021-06-01 6:51:28,2024-10-09 20:32:51
2081,13,100,672,4,59,4.65,2022-02-16 17:04:39,2024-10-10 8:53:03
2025,13,100,672,4,59,4.65,2022-02-16 17:04:39,2024-10-10 8:53:03
998,15,123,1847,19,69,4.83,2021-12-10 13:56:46,2024-10-10 8:56:54
2153,18,462,71,0,3,4.81,2023-10-02 15:37:22,2024-10-10 5:52:32
2873,13,0,14,0,7,3.67,2022-11-08 19:50:38,2024-10-09 17:26:12
883,13,35,289,0,2,4.97,2022-05-01 13:23:09,2024-10-09 17:54:21
2613,13,58,394,0,7,4.92,2021-12-12 18:46:59,2024-10-09 21:42:20
1249,13,58,394,0,7,4.92,2021-12-12 18:46:59,2024-10-09 21:42:20
1244,13,4,97,0,0,5,2021-09-22 8:48:50,2024-10-09 21:28:42
403,13,6,788,0,3,4.98,2020-01-23 16:59:36,2024-10-10 6:37:11
1712,13,34,273,0,3,4.95,2021-11-22 20:54:34,2024-10-10 6:16:19
566,13,34,273,0,3,4.95,2021-11-22 20:54:34,2024-10-10 6:16:19
2903,13,0,3,0,0,5,2023-11-13 11:14:14,2024-10-09 21:19:41
1934,10,235,346,3,5,4.9,2023-03-29 6:15:54,2024-10-09 21:54:35
556,13,45,100,0,0,4.98,2020-08-27 19:05:06,2024-10-09 20:23:10
2334,16,75,326,0,4,4.95,2023-06-15 12:16:52,2024-10-09 20:10:26
1529,13,49,86,0,1,4.95,2023-10-01 20:17:29,2024-10-09 20:31:04
2190,16,16,360,3,2,4.95,2019-02-03 12:00:32,2024-10-10 6:22:38
160,13,0,196,0,0,5,2022-07-11 15:50:39,2024-10-10 1:27:07
2841,16,18,1388,0,22,4.94,2020-11-28 23:10:42,2024-10-10 7:04:18
2740,16,69,871,12,21,4.83,2018-08-18 17:35:01,2024-10-10 5:04:27
561,16,135,393,0,3,4.97,2018-08-15 9:20:09,2024-10-10 5:26:24
1142,13,0,201,1,1,4.97,2022-02-16 21:31:51,2024-10-09 19:37:50
678,13,0,201,1,1,4.97,2022-02-16 21:31:51,2024-10-09 19:37:50
3236,15,372,684,14,34,4.77,2023-09-04 14:38:00,2024-10-09 23:00:14
488,13,33,178,0,2,4.96,2022-06-26 8:29:51,2024-10-10 8:08:23
2636,13,14,45,0,0,5,2024-07-03 18:01:09,2024-10-09 18:55:36
2615,13,0,42,0,0,5,2023-03-11 18:54:00,2024-10-09 18:33:46
3153,18,14,1190,2,5,4.97,2019-08-08 11:54:48,2024-10-09 22:30:53
2250,16,10,544,1,3,4.97,2020-11-15 15:32:40,2024-10-09 20:22:11
2570,13,7,471,0,3,4.97,2018-02-26 18:58:08,2024-10-10 6:25:52
2687,13,105,1229,15,364,4.07,2019-12-05 4:43:26,2024-10-10 6:28:12
1509,18,112,132,0,3,4.9,2021-01-31 7:03:43,2024-10-09 19:19:13
409,10,19,41,0,1,4.9,2020-12-20 17:14:46,2024-10-09 17:13:12
1554,16,29,8,0,0,5,2024-07-28 11:40:32,2024-10-09 17:55:19
2721,13,33,133,0,0,4.99,2024-01-07 21:59:26,2024-10-09 21:31:06
793,13,5,16,0,0,5,2021-08-30 6:35:25,2024-10-10 5:16:14
2477,18,12,174,0,3,4.93,2023-06-14 19:40:10,2024-10-10 1:29:08
602,13,42,307,0,10,4.87,2021-04-10 21:14:43,2024-10-09 19:04:05
76,18,26,80,1,6,4.68,2022-07-29 12:15:40,2024-10-10 6:54:45
513,21,26,31,1,2,4.65,2023-04-13 5:05:35,2024-10-10 6:21:27
2617,13,6,76,0,0,5,2024-08-07 13:12:58,2024-10-08 22:42:26
663,13,73,196,0,5,4.9,2023-08-17 19:53:35,2024-10-10 7:00:31
1643,18,42,112,1,0,4.98,2021-09-01 11:08:24,2024-10-10 6:54:45
1265,16,0,38,0,0,4.95,2024-04-14 19:44:25,2024-10-09 20:00:24
1273,13,0,2970,4,41,4.94,2023-06-03 14:07:28,2024-10-10 8:07:09
99,10,10,859,1,9,4.95,2020-06-05 7:07:19,2024-10-10 8:10:36
689,16,0,217,0,1,4.99,2024-05-22 9:09:44,2024-10-10 7:26:48
1013,24,52,42,0,1,4.91,2023-11-04 11:01:53,2024-10-10 7:49:04
2439,10,160,269,6,2,4.87,2020-11-26 19:46:41,2024-10-10 0:05:50
807,13,23,87,0,6,4.75,2021-04-28 18:52:16,2024-10-09 22:33:46
719,13,96,250,0,0,5,2023-02-18 11:06:42,2024-10-10 6:59:16
2857,16,0,101,0,0,5,2019-08-07 12:18:24,2024-10-09 22:57:33
864,13,32,947,6,19,4.9,2022-02-26 0:23:30,2024-10-10 7:31:15
1012,13,75,353,0,1,4.98,2022-04-19 8:34:44,2024-10-10 7:33:21
259,13,53,1844,8,11,4.96,2021-10-18 15:53:22,2024-10-10 8:03:42
1061,13,9,248,0,9,4.85,2022-11-08 11:38:31,2024-10-10 7:19:51
1009,13,525,1291,2,17,4.94,2024-04-08 19:24:02,2024-10-10 8:54:36
1234,24,32,49,0,0,4.98,2023-01-15 15:15:59,2024-10-09 22:04:15
97,13,418,5333,43,766,4.47,2020-01-07 23:25:53,2024-10-09 21:24:44
2920,13,198,434,6,43,4.6,2023-09-18 8:55:25,2024-10-10 8:56:25
2433,16,51,736,9,41,4.76,2022-01-09 11:10:35,2024-10-10 8:44:31
827,16,51,736,9,41,4.76,2022-01-09 11:10:35,2024-10-10 8:44:31
3012,10,140,1039,10,10,4.92,2021-11-12 14:45:08,2024-10-10 8:57:21
1214,10,140,1039,10,10,4.92,2021-11-12 14:45:08,2024-10-10 8:57:21
3560,13,0,1277,5,14,4.95,2021-05-10 17:08:39,2024-10-10 8:42:45
590,18,0,7,0,0,5,2023-12-16 23:12:17,2024-10-10 9:01:22
2490,13,0,899,1,12,4.94,2022-09-18 17:27:14,2024-10-10 9:09:10
332,16,53,502,2,7,4.93,2020-11-08 15:27:31,2024-10-10 8:46:01
2367,15,118,892,1,2,4.98,2019-11-17 11:09:33,2024-10-10 8:08:10
1919,13,57,237,0,1,4.97,2023-08-22 11:49:06,2024-10-10 8:39:45
2718,13,99,403,0,0,5,2022-09-19 18:24:53,2024-10-09 20:44:18
2360,13,5,32,0,0,5,2023-08-24 6:50:55,2024-10-10 7:48:01
2037,13,69,81,0,0,5,2023-03-17 20:50:01,2024-10-10 7:49:22
2427,13,22,145,0,19,4.52,2020-11-27 22:33:14,2024-10-10 8:53:52
158,16,95,325,5,44,4.49,2017-03-17 19:53:08,2024-10-10 7:56:40
2216,13,0,6,0,0,5,2024-02-18 22:43:21,2024-10-09 19:57:54
3604,13,19,101,0,1,4.95,2022-06-27 9:15:50,2024-10-09 19:11:40
2620,13,28,383,0,2,4.98,2021-10-18 15:46:44,2024-10-10 7:06:29
2827,13,13,1056,1,7,4.97,2021-02-09 20:19:49,2024-10-09 19:23:56
699,15,86,167,0,2,4.95,2017-08-16 10:58:39,2024-10-10 6:01:25
2036,13,71,111,0,1,4.96,2021-08-21 13:27:13,2024-10-09 21:39:56
3457,13,11,30,0,0,4.97,2024-06-29 19:15:11,2024-10-09 21:15:04
909,13,35,31,0,0,5,2023-02-08 22:39:03,2024-10-10 1:21:30
1991,16,209,827,7,33,4.81,2017-02-16 10:38:11,2024-10-09 18:15:04
3577,13,47,96,0,0,4.99,2022-12-04 15:54:13,2024-10-10 6:20:53
2272,16,69,160,0,39,4.16,2017-01-22 11:25:56,2024-10-09 19:43:49
1666,13,177,375,0,2,4.98,2022-09-25 13:24:28,2024-10-09 19:45:52
2681,16,27,804,2,18,4.9,2019-05-31 11:29:42,2024-10-10 7:57:19
2944,13,41,953,5,30,4.85,2021-12-13 18:08:16,2024-10-10 6:54:47
2116,13,41,953,5,30,4.85,2021-12-13 18:08:16,2024-10-10 6:54:47
3602,13,95,198,0,6,4.88,2021-01-13 9:15:47,2024-10-10 6:49:03
1798,13,3,171,1,6,4.85,2022-05-17 9:08:53,2024-10-10 6:25:00
2698,13,25,74,0,0,4.97,2024-03-19 17:58:46,2024-10-09 20:16:21
190,13,0,101,0,2,4.92,2022-10-02 13:47:48,2024-10-09 20:26:22
529,13,0,176,0,1,4.97,2023-04-23 10:30:25,2024-10-09 20:55:20
2579,16,138,1065,3,7,4.96,2020-08-14 11:45:45,2024-10-09 19:27:07
2986,16,11,189,0,6,4.87,2019-10-13 8:02:07,2024-10-09 17:55:07
1942,16,6,27,0,0,4.96,2019-08-29 20:12:52,2024-10-09 17:28:22
3447,18,16,257,1,1,4.96,2024-01-08 9:35:50,2024-10-09 17:52:00
1618,4,34,81,1,2,4.88,2019-05-25 10:53:28,2024-10-10 7:49:35
644,13,0,106,0,4,4.85,2022-04-22 22:55:32,2024-10-01 18:46:09
935,13,105,578,1,19,4.87,2021-12-29 17:03:48,2024-10-10 8:39:18
282,13,105,578,1,19,4.87,2021-12-29 17:03:48,2024-10-10 8:39:18
2218,13,25,145,0,12,4.67,2022-03-20 14:34:52,2024-10-10 9:00:10
1771,13,0,1827,3,28,4.93,2022-08-15 16:28:20,2024-10-09 20:58:33
645,13,1460,612,2,10,4.92,2022-05-23 16:53:20,2024-10-10 8:56:48
979,13,83,188,2,1,4.94,2017-08-23 23:17:24,2024-10-09 19:28:42
1879,13,73,203,0,14,4.74,2021-04-06 20:50:16,2024-10-09 19:57:04
1670,13,73,203,0,14,4.74,2021-04-06 20:50:16,2024-10-09 19:57:04
2603,13,61,109,0,11,4.63,2023-01-16 23:23:37,2024-10-09 19:44:47
3456,10,22,32,1,2,4.69,2019-08-12 10:57:43,2024-10-09 19:51:49
1619,13,1,2,0,0,5,2022-11-07 9:29:07,2024-10-10 7:29:02
1193,13,11,446,1,4,4.96,2024-03-28 17:55:46,2024-10-10 7:42:06
3018,10,3,972,2,5,4.97,2024-06-18 10:41:29,2024-10-10 8:48:38
2316,13,12,104,1,4,4.83,2023-05-01 18:25:32,2024-10-09 17:39:29
1694,13,0,10,0,0,5,2023-02-03 15:12:41,2024-10-09 21:59:28
208,13,36,69,0,0,5,2023-03-28 7:30:41,2024-10-09 17:30:20
87,13,5,55,0,0,4.96,2022-11-24 19:00:59,2024-10-07 10:32:11
1978,16,1,127,2,15,4.53,2022-02-28 19:22:22,2024-10-09 17:44:04
2363,18,78,185,2,40,4.27,2021-01-20 19:54:26,2024-10-09 19:15:41
1539,13,101,180,0,3,4.91,2021-07-02 13:32:33,2024-10-10 7:10:01
728,13,66,1624,8,3,4.97,2023-05-26 17:09:34,2024-10-10 6:53:32
2329,16,7,836,5,87,4.61,2020-02-09 15:26:46,2024-10-09 17:29:24
2107,13,5,57,0,0,4.98,2021-09-12 17:39:19,2024-10-09 17:32:52
1667,13,10,259,0,3,4.95,2021-07-03 12:34:04,2024-10-09 17:59:09
3269,19,22,252,0,3,4.95,2019-09-08 19:19:32,2024-10-09 17:15:16
346,21,7,327,3,7,4.89,2024-04-12 14:27:59,2024-10-10 0:49:02
839,15,15,151,1,0,4.98,2022-07-01 11:34:13,2024-10-09 18:15:20
2663,13,412,1480,1,4,4.98,2023-02-28 13:22:01,2024-10-09 18:33:37
1084,13,1015,951,1,5,4.97,2023-05-28 14:21:59,2024-10-09 19:02:27
1729,18,5,67,0,13,4.29,2021-03-15 13:20:41,2024-10-09 23:26:09
963,16,185,339,4,17,4.78,2021-04-28 5:58:33,2024-10-10 8:57:31
2874,16,456,1137,2,3,4.98,2021-06-28 12:51:06,2024-10-10 8:54:06
1233,13,75,345,0,16,4.81,2017-04-13 14:38:20,2024-10-09 20:48:31
2642,16,196,1082,5,16,4.92,2019-08-29 21:39:20,2024-10-09 21:09:34
2982,13,40,70,0,0,5,2024-05-22 22:53:49,2024-10-10 3:53:58
2383,16,369,969,3,24,4.87,2018-11-03 15:23:09,2024-10-09 19:08:27
2722,13,0,428,0,3,4.97,2022-02-05 18:42:03,2024-10-10 4:49:31
2277,13,0,428,0,3,4.97,2022-02-05 18:42:03,2024-10-10 4:49:31
2114,13,33,87,0,0,5,2021-01-12 5:26:59,2024-10-09 19:24:14
165,18,224,514,3,8,4.91,2021-01-16 7:41:35,2024-10-09 19:53:38
1659,13,7,83,0,1,4.95,2022-06-08 21:30:29,2024-10-09 17:57:40
3550,16,25,140,1,3,4.9,2020-11-25 18:16:22,2024-10-10 4:37:46
1808,13,74,654,2,6,4.95,2021-09-23 12:54:29,2024-10-09 19:54:47
784,7,0,49,0,1,4.92,2022-05-02 17:11:54,2024-10-09 17:41:12
3013,13,23,86,0,4,4.81,2023-08-14 6:42:02,2024-10-09 17:49:30
733,16,27,87,1,2,4.86,2018-12-01 21:46:11,2024-10-09 18:35:04
2563,13,37,300,0,1,4.98,2022-11-03 13:21:31,2024-10-10 9:05:39
740,13,36,2520,3,28,4.95,2017-11-24 22:19:44,2024-10-10 9:02:23
450,13,36,2520,3,28,4.95,2017-11-24 22:19:44,2024-10-10 9:02:23
1674,18,18,221,5,39,4.32,2022-10-01 10:39:19,2024-10-10 8:37:36
3329,10,112,698,1,2,4.97,2019-10-13 11:38:35,2024-10-10 8:45:32
2590,13,51,1239,2,38,4.87,2017-04-19 15:25:22,2024-10-10 8:32:42
3587,15,41,26,0,1,4.85,2024-05-20 9:28:56,2024-10-09 19:45:57
133,13,5,173,0,1,4.98,2023-10-23 8:38:11,2024-10-09 19:31:17
2021,16,182,225,3,2,4.91,2018-05-10 18:12:08,2024-10-09 20:02:51
3421,15,43,39,0,3,4.69,2024-03-21 15:18:32,2024-10-09 19:17:30
3478,16,34,124,0,0,4.99,2022-10-10 17:03:36,2024-10-09 19:41:30
3663,16,2,19,0,0,5,2024-06-02 3:58:37,2024-10-08 17:31:53
612,18,11,25,0,2,4.59,2022-11-01 8:16:00,2024-10-09 17:45:56
3020,13,39,499,4,12,4.89,2021-08-01 15:18:17,2024-10-09 18:09:51
585,13,1,794,3,15,4.91,2021-05-04 19:56:11,2024-10-09 18:16:33
3454,13,417,1113,0,2,4.99,2022-01-21 19:23:05,2024-10-09 18:28:28
2662,13,417,1113,0,2,4.99,2022-01-21 19:23:05,2024-10-09 18:28:28
2239,19,254,604,1,3,4.96,2021-07-16 18:38:27,2024-10-10 8:53:55
221,18,126,335,1,0,4.99,2021-01-16 6:50:14,2024-10-10 8:41:10
3582,13,40,617,0,11,4.92,2023-06-12 8:00:57,2024-10-10 8:20:05
2263,10,0,122,0,0,5,2024-02-13 14:27:56,2024-10-10 9:04:57
2227,13,34,68,0,5,4.71,2021-04-28 21:57:55,2024-10-10 8:13:03
2795,13,11,432,0,10,4.91,2023-05-16 8:15:44,2024-10-10 9:00:11
2026,18,0,147,0,4,4.87,2023-03-03 13:21:08,2024-10-10 9:11:14
375,16,175,1070,6,2,4.97,2018-02-01 13:09:42,2024-10-10 8:16:57
2893,13,43,557,0,5,4.96,2021-11-04 7:31:22,2024-10-09 19:42:43
2048,13,0,57,0,0,4.98,2021-10-30 9:34:16,2024-10-09 18:16:41
622,13,43,145,2,2,4.92,2023-02-04 13:28:50,2024-10-09 21:39:59
3267,7,939,260,0,9,4.85,2023-09-22 16:33:16,2024-10-09 19:46:52
528,16,0,17,0,1,4.78,2020-01-16 9:35:54,2024-10-09 19:24:39
3313,7,30,219,3,13,4.74,2021-01-15 20:47:45,2024-10-10 0:01:55
2481,10,136,150,1,3,4.89,2022-01-24 17:26:09,2024-10-09 16:49:23
2004,10,136,150,1,3,4.89,2022-01-24 17:26:09,2024-10-09 16:49:23
3561,16,15,100,1,3,4.88,2022-09-06 7:28:23,2024-10-09 23:00:05
2566,16,89,756,4,7,4.93,2019-09-02 16:07:42,2024-10-10 8:27:41
3686,16,80,368,4,0,4.97,2016-11-01 6:47:51,2024-10-10 8:13:54
3590,13,0,176,1,0,4.99,2022-01-28 14:46:34,2024-10-10 8:21:30
2149,13,0,176,1,0,4.99,2022-01-28 14:46:34,2024-10-10 8:21:30
1488,10,542,128,1,0,4.96,2024-05-07 14:53:18,2024-10-10 9:03:43
248,13,24,14,0,0,5,2024-06-05 21:53:58,2024-10-10 8:39:45
2686,13,25,45,0,10,4.2,2021-05-08 10:22:59,2024-10-10 8:23:35
1258,13,523,641,4,19,4.87,2024-03-05 17:33:53,2024-10-09 21:00:00
2307,16,39,250,1,4,4.93,2022-08-09 16:54:42,2024-10-10 8:55:43
3127,24,27,241,0,35,4.49,2023-04-05 7:48:03,2024-10-10 8:42:56
3535,16,32,3,0,0,5,2024-08-20 6:04:57,2024-10-09 18:20:23
3353,16,55,329,1,1,4.97,2020-09-12 9:56:22,2024-10-09 21:34:36
3469,13,27,55,0,1,4.95,2021-04-29 9:45:48,2024-10-09 22:08:31
1495,16,0,428,2,1,4.98,2018-06-23 6:26:27,2024-10-09 19:19:44
1245,13,0,231,0,0,5,2022-04-19 21:48:18,2024-10-09 19:56:18
724,13,40,44,0,4,4.65,2022-12-27 18:09:00,2024-10-09 22:13:29
283,13,15,25,0,0,5,2022-06-10 17:54:29,2024-10-09 22:40:26
2252,15,270,743,0,11,4.94,2021-09-02 9:29:38,2024-10-09 21:11:32
291,13,0,111,0,0,5,2024-01-26 20:01:57,2024-10-09 17:24:33
2287,13,0,121,0,1,4.97,2023-09-08 22:07:02,2024-10-10 6:06:17
2657,18,48,18,0,0,4.94,2024-02-19 18:09:07,2024-10-09 18:21:15
1394,13,0,151,0,1,4.97,2022-09-15 3:46:45,2024-10-10 8:08:49
1400,13,45,33,0,9,4.12,2023-08-06 22:48:20,2024-10-10 6:38:39
1228,12,48,36,1,6,4.37,2023-08-29 16:05:39,2024-10-10 6:51:42
629,13,53,357,0,0,4.99,2024-04-10 19:08:54,2024-10-10 8:44:59
1154,13,354,890,5,135,4.46,2021-06-28 21:21:54,2024-10-10 8:33:10
394,24,10,46,1,1,4.88,2023-03-05 15:52:14,2024-10-09 19:42:45
1880,10,26,149,1,0,4.98,2019-11-14 8:38:18,2024-10-09 18:15:00
3288,13,23,434,0,1,4.99,2023-10-09 18:45:18,2024-10-10 5:54:28
2451,13,64,256,2,1,4.95,2018-11-13 20:17:06,2024-10-09 23:37:25
3426,15,29,652,0,14,4.91,2019-06-16 11:28:57,2024-10-09 20:28:26
838,13,0,53,0,0,5,2022-09-30 19:50:40,2024-10-09 20:54:14
2514,13,9,416,3,138,3.99,2021-05-22 23:02:10,2024-10-09 21:06:34
2931,16,59,716,5,13,4.9,2014-06-04 5:54:23,2024-10-09 19:06:12
1502,16,59,716,5,13,4.9,2014-06-04 5:54:23,2024-10-09 19:06:12
848,16,59,716,5,13,4.9,2014-06-04 5:54:23,2024-10-09 19:06:12
391,16,59,716,5,13,4.9,2014-06-04 5:54:23,2024-10-09 19:06:12
720,13,50,203,0,2,4.96,2023-10-23 13:33:16,2024-10-09 21:15:17
870,13,18,34,0,0,5,2024-04-05 21:16:40,2024-10-09 21:31:20
2935,13,8,40,0,0,5,2024-01-29 10:40:13,2024-10-10 8:18:25
1696,13,0,475,0,7,4.94,2021-12-19 20:42:21,2024-10-10 6:35:07
944,13,0,475,0,7,4.94,2021-12-19 20:42:21,2024-10-10 6:35:07
1271,16,91,2063,3,4,4.98,2020-11-25 13:32:44,2024-10-10 8:13:08
3356,13,48,1138,3,3,4.98,2022-04-04 18:31:09,2024-10-10 8:30:03
3215,19,202,741,1,13,4.91,2019-03-05 20:31:21,2024-10-10 8:22:54
2875,19,202,741,1,13,4.91,2019-03-05 20:31:21,2024-10-10 8:22:54
3052,18,20,17,0,0,5,2024-01-11 20:41:02,2024-10-09 21:08:59
40,16,99,757,4,4,4.94,2017-07-24 18:57:37,2024-10-09 20:52:48
3656,13,17,186,1,0,4.99,2022-10-31 22:29:53,2024-10-09 23:20:18
3279,13,1,12,0,0,5,2022-11-27 10:31:00,2024-10-10 4:37:26
2099,10,172,458,1,3,4.97,2019-10-04 14:13:11,2024-10-10 8:45:24
817,13,0,319,0,1,4.98,2022-08-13 8:58:28,2024-10-10 8:15:36
2243,18,135,397,1,0,4.98,2023-01-27 23:13:37,2024-10-10 8:51:17
3292,13,120,201,0,0,5,2022-03-06 22:28:18,2024-10-10 8:22:32
1015,7,93,515,11,52,4.58,2022-07-17 13:35:35,2024-10-10 8:30:16
2448,10,62,497,0,1,4.98,2021-05-16 14:27:37,2024-10-10 7:45:28
801,16,278,1210,5,14,4.92,2018-04-15 18:52:14,2024-10-10 7:56:35
3308,13,121,295,0,0,5,2023-11-25 15:40:01,2024-10-10 7:27:37
433,13,0,435,1,102,4.23,2023-02-27 12:34:52,2024-10-10 7:31:13
2972,13,10,1523,6,10,4.96,2021-02-14 23:23:07,2024-10-09 20:29:25
1,13,3,301,0,1,4.99,2023-05-17 13:05:30,2024-10-09 21:05:50
266,18,16,28,2,1,4.71,2021-01-31 10:14:51,2024-10-09 20:43:43
2145,13,12,5,0,0,5,2024-07-22 15:33:04,2024-10-09 17:11:17
737,15,35,262,1,2,4.96,2017-04-18 8:04:38,2024-10-09 18:07:05
3508,16,310,1429,2,7,4.97,2020-12-11 8:23:29,2024-10-10 6:12:47
2092,13,23,30,0,1,4.87,2022-11-13 19:01:06,2024-10-10 6:08:10
2685,13,53,21,0,0,4.95,2023-08-30 12:37:09,2024-10-09 21:09:03
2315,16,0,623,1,1,4.99,2014-04-28 11:39:20,2024-10-09 18:18:41
1736,16,0,623,1,1,4.99,2014-04-28 11:39:20,2024-10-09 18:18:41
565,16,0,623,1,1,4.99,2014-04-28 11:39:20,2024-10-09 18:18:41
2898,13,51,158,1,2,4.92,2024-01-18 13:29:47,2024-10-09 22:24:40
900,13,29,282,0,1,4.99,2023-01-01 22:21:16,2024-10-10 6:26:52
1257,13,82,136,0,2,4.92,2022-03-09 9:04:35,2024-10-10 6:40:18
3576,16,20,282,0,1,4.97,2019-12-23 21:43:07,2024-10-09 17:18:26
2578,13,73,632,0,7,4.96,2022-02-04 15:56:40,2024-10-09 18:02:51
2701,18,51,125,3,1,4.91,2022-10-14 18:08:57,2024-10-09 18:06:11
1671,13,43,443,2,8,4.92,2021-04-15 20:26:52,2024-10-09 21:31:56
1168,13,45,102,0,1,4.95,2021-07-15 8:51:11,2024-10-10 6:37:31
1372,13,59,612,2,20,4.87,2023-04-15 17:39:13,2024-10-10 7:04:05
2736,24,18,23,0,2,4.64,2024-04-30 20:58:53,2024-10-09 20:52:22
531,13,0,146,1,4,4.87,2022-06-08 21:13:39,2024-10-09 20:37:09
1346,15,1,0,0,0,0,2024-04-26 19:22:54,2024-10-09 20:22:38
662,10,69,72,5,33,3.61,2021-12-26 15:53:31,2024-10-09 19:59:36
400,10,69,72,5,33,3.61,2021-12-26 15:53:31,2024-10-09 19:59:36
2376,16,340,307,2,10,4.84,2019-06-29 13:22:41,2024-10-10 8:17:47
1054,16,102,2123,2,2,4.99,2023-02-04 11:43:33,2024-10-10 8:32:16
1295,13,53,499,1,1,4.99,2022-09-07 12:52:16,2024-10-09 21:16:54
1323,13,47,41,1,1,4.84,2023-06-09 17:27:35,2024-10-09 18:31:22
464,16,55,98,2,1,4.9,2018-09-09 12:12:07,2024-10-09 18:39:33
3034,3,0,433,0,0,5,2020-08-28 19:28:17,2024-10-09 19:03:54
328,3,0,433,0,0,5,2020-08-28 19:28:17,2024-10-09 19:03:54
1262,13,0,291,0,0,5,2024-04-20 17:29:14,2024-10-09 14:56:48
2014,13,3,3,0,0,5,2022-08-12 2:10:57,2024-10-08 14:49:39
2237,13,4,241,0,1,4.98,2022-09-06 9:51:52,2024-10-10 8:15:43
3661,16,57,282,3,4,4.9,2021-05-19 21:09:17,2024-10-10 8:20:11
3220,16,563,756,4,10,4.91,2022-06-25 13:03:24,2024-10-10 9:09:07
2418,16,134,694,1,41,4.77,2024-05-03 16:50:28,2024-10-10 8:14:57
3450,13,95,133,0,0,5,2024-01-25 10:50:45,2024-10-10 9:05:37
3519,7,66,279,2,3,4.92,2021-01-24 13:13:19,2024-10-10 9:08:05
3680,13,58,142,2,0,4.96,2021-09-18 13:55:23,2024-10-10 8:40:47
2564,13,488,2940,3,11,4.98,2022-09-20 10:32:35,2024-10-10 8:20:13
2390,16,41,54,1,7,4.52,2016-02-09 20:33:00,2024-10-09 18:32:44
925,16,41,54,1,7,4.52,2016-02-09 20:33:00,2024-10-09 18:32:44
2645,13,37,464,3,22,4.79,2024-01-03 17:00:24,2024-10-09 19:33:23
2527,13,14,638,0,8,4.94,2022-12-26 18:14:22,2024-10-09 19:48:44
3388,13,25,38,0,0,5,2022-04-12 10:51:46,2024-10-09 19:30:35
1011,13,7,212,0,5,4.91,2021-02-25 16:15:23,2024-10-09 19:33:51
270,16,9,45,1,4,4.64,2020-06-15 12:07:26,2024-10-09 23:11:26
1811,13,46,138,0,1,4.96,2023-10-25 21:50:47,2024-10-10 7:36:04
2290,16,0,281,0,13,4.81,2019-10-11 8:53:01,2024-10-10 8:02:16
2729,15,39,313,0,3,4.96,2020-05-02 17:47:17,2024-10-10 7:45:30
575,13,283,606,1,5,4.96,2022-08-30 19:56:06,2024-10-10 8:09:19
1549,16,2,228,1,7,4.87,2021-07-10 10:23:11,2024-10-09 22:00:14
3645,13,921,3466,7,25,4.96,2021-04-10 15:11:45,2024-10-10 8:05:32
3167,13,0,72,0,0,5,2022-02-01 22:40:26,2024-10-10 0:53:19
605,13,0,72,0,0,5,2022-02-01 22:40:26,2024-10-10 0:53:19
1533,16,167,95,0,7,4.73,2019-03-04 18:17:16,2024-10-10 8:01:46
3613,18,65,92,0,2,4.93,2023-12-30 10:06:34,2024-10-10 7:19:05
2596,13,0,309,1,11,4.85,2022-05-29 19:46:13,2024-10-09 19:35:36
2950,13,4,12,0,0,5,2021-11-17 7:38:31,2024-10-08 15:43:55
1645,13,4,12,0,0,5,2021-11-17 7:38:31,2024-10-08 15:43:55
1657,16,1770,3084,17,25,4.94,2019-08-07 22:56:20,2024-10-09 19:44:25
2168,13,38,196,1,3,4.94,2021-12-21 17:58:11,2024-10-09 20:07:58
804,13,38,196,1,3,4.94,2021-12-21 17:58:11,2024-10-09 20:07:58
1447,10,0,2680,16,76,4.86,2019-11-24 15:53:51,2024-10-09 22:39:58
823,16,174,445,8,18,4.77,2019-08-29 16:17:23,2024-10-09 23:02:30
916,16,32,16,1,0,4.88,2024-08-10 14:15:29,2024-10-10 4:49:32
2445,16,4,683,1,1,4.99,2019-08-03 16:43:07,2024-10-10 8:23:53
1353,13,358,644,5,44,4.72,2020-11-20 23:32:03,2024-10-10 8:42:49
568,13,205,247,2,23,4.62,2022-08-28 22:13:29,2024-10-09 17:54:37
2028,16,43,52,0,0,5,2023-07-08 15:08:39,2024-10-09 17:10:35
2554,13,82,333,1,5,4.94,2023-01-30 7:14:02,2024-10-09 17:47:39
1550,16,0,2311,13,24,4.94,2019-05-10 7:01:12,2024-10-09 23:17:19
3511,13,127,739,0,5,4.97,2022-01-10 11:58:52,2024-10-09 18:12:17
2140,13,127,739,0,5,4.97,2022-01-10 11:58:52,2024-10-09 18:12:17
867,13,72,60,0,1,4.93,2021-05-15 20:01:37,2024-10-09 21:03:09
3270,10,455,232,1,16,4.72,2021-04-18 15:30:39,2024-10-09 19:31:29
3077,16,12,81,1,1,4.92,2024-03-08 15:47:14,2024-10-09 19:28:53
1779,13,17,158,0,2,4.95,2022-07-05 18:00:50,2024-10-09 18:24:27
2371,18,346,794,6,6,4.94,2021-01-13 9:01:55,2024-10-10 8:16:51
2765,13,390,490,2,2,4.97,2022-05-12 7:57:30,2024-10-10 9:05:30
374,24,20,54,1,2,4.81,2022-11-06 20:05:44,2024-10-09 17:27:40
2349,13,21,71,0,1,4.94,2023-04-10 17:06:24,2024-10-09 18:07:24
608,13,238,2149,4,17,4.96,2021-11-09 13:10:40,2024-10-09 17:37:22
380,13,238,2149,4,17,4.96,2021-11-09 13:10:40,2024-10-09 17:37:22
3659,13,8,103,0,0,4.99,2022-02-12 13:41:59,2024-10-09 19:35:29
930,13,8,103,0,0,4.99,2022-02-12 13:41:59,2024-10-09 19:35:29
172,19,25,156,0,0,4.99,2019-01-19 14:43:32,2024-10-09 20:06:56
1842,18,3,75,1,1,4.91,2021-10-12 17:20:41,2024-10-09 20:38:36
116,18,121,176,0,4,4.91,2021-01-10 11:26:29,2024-10-09 17:30:42
2604,18,16,61,0,2,4.87,2023-09-02 15:20:34,2024-10-09 17:59:26
1865,13,8,882,0,5,4.97,2023-08-07 19:17:51,2024-10-09 19:57:40
2762,13,58,174,0,3,4.92,2021-08-26 21:20:50,2024-10-09 19:43:31
2987,10,2,44,0,1,4.87,2023-09-02 4:40:27,2024-10-10 6:19:33
889,19,131,99,1,0,4.97,2019-01-09 21:10:59,2024-10-10 6:33:19
3003,16,0,663,9,5,4.93,2019-02-14 17:43:38,2024-10-10 6:18:02
1918,15,1,68,2,9,4.48,2021-08-28 11:05:29,2024-10-09 18:33:52
2774,16,68,345,2,2,4.96,2014-09-09 9:01:14,2024-10-09 20:03:40
2136,16,68,345,2,2,4.96,2014-09-09 9:01:14,2024-10-09 20:03:40
993,16,68,345,2,2,4.96,2014-09-09 9:01:14,2024-10-09 20:03:40
898,16,68,345,2,2,4.96,2014-09-09 9:01:14,2024-10-09 20:03:40
830,16,68,345,2,2,4.96,2014-09-09 9:01:14,2024-10-09 20:03:40
292,16,68,345,2,2,4.96,2014-09-09 9:01:14,2024-10-09 20:03:40
340,13,165,204,0,12,4.78,2021-05-10 7:54:57,2024-10-09 19:35:49
3125,16,73,80,0,8,4.61,2018-07-08 19:44:06,2024-10-09 18:26:10
67,10,15,17,0,1,4.78,2023-06-14 8:24:32,2024-10-09 18:51:40
1424,13,0,0,0,0,NULL,2024-05-06 14:44:12,2024-10-09 18:59:07
1583,13,39,379,1,2,4.97,2021-01-28 10:49:38,2024-10-09 18:58:52
1608,13,412,455,2,12,4.89,2021-07-27 19:30:43,2024-10-09 18:52:01
2691,18,20,166,0,0,4.99,2024-01-04 17:15:23,2024-10-09 18:17:20
2664,18,97,307,0,3,4.95,2022-12-05 16:45:43,2024-10-09 19:00:54
1727,13,1,65,0,0,5,2023-02-22 11:58:25,2024-10-08 20:31:26
1562,10,79,542,6,8,4.88,2019-11-24 13:40:51,2024-10-09 18:37:33
3699,13,80,456,0,11,4.9,2022-03-16 7:36:28,2024-10-09 19:00:34
1275,13,2,458,0,3,4.97,2022-06-16 9:09:11,2024-10-09 19:00:41
1598,13,86,57,0,1,4.93,2023-05-01 13:17:31,2024-10-09 18:45:35
2229,16,32,122,0,3,4.9,2023-10-22 13:15:34,2024-10-09 19:24:59
2818,15,126,462,3,6,4.92,2020-09-01 21:00:54,2024-10-09 19:12:14
2612,13,242,642,0,47,4.72,2021-04-13 20:49:55,2024-10-09 19:57:39
829,16,21,587,0,2,4.98,2018-10-02 20:23:05,2024-10-09 19:21:45
2759,16,99,192,2,2,4.91,2022-06-12 17:05:56,2024-10-09 18:18:30
1279,13,10,667,3,16,4.9,2020-06-19 18:25:46,2024-10-09 19:00:34
854,13,39,755,1,5,4.97,2023-03-17 11:26:32,2024-10-09 20:12:12
1750,13,14,298,1,8,4.89,2021-01-10 20:50:48,2024-10-09 20:34:05
2102,13,93,1382,5,19,4.93,2021-08-23 10:20:04,2024-10-09 20:50:31
1283,13,12,174,1,15,4.68,2023-08-01 20:45:34,2024-10-09 23:16:46
2358,13,21,89,1,8,4.65,2023-03-13 19:13:20,2024-10-10 8:18:27
2993,16,315,554,2,0,4.99,2023-08-31 6:21:47,2024-10-09 18:25:13
2210,16,158,149,2,2,4.91,2021-10-27 17:16:01,2024-10-09 19:08:34
3315,13,71,332,1,32,4.64,2022-03-23 17:12:49,2024-10-09 19:01:01
1706,13,3,18,0,0,5,2023-08-11 22:19:22,2024-10-09 18:52:39
3504,16,191,414,2,10,4.88,2018-02-25 19:35:14,2024-10-09 18:22:55
1801,16,193,275,1,7,4.86,2018-06-30 16:43:12,2024-10-09 18:36:27
2403,13,79,598,0,10,4.91,2021-11-09 20:26:18,2024-10-10 1:11:15
859,16,28,58,4,36,3.45,2018-07-27 16:27:00,2024-10-10 7:26:18
3520,13,197,799,1,11,4.94,2021-09-30 22:11:42,2024-10-10 8:00:29
237,13,23,67,1,4,4.74,2023-08-12 15:43:21,2024-10-09 19:23:37
3326,13,62,138,0,0,4.99,2021-07-22 5:58:38,2024-10-09 18:14:57
397,13,14,33,0,1,4.88,2023-11-24 7:18:30,2024-10-09 17:40:38
180,13,0,375,0,2,4.98,2024-02-15 21:56:01,2024-10-09 18:00:07
2864,13,9,44,0,0,4.98,2022-01-04 10:11:30,2024-10-09 17:30:23
2551,13,9,44,0,0,4.98,2022-01-04 10:11:30,2024-10-09 17:30:23
1568,13,73,139,0,0,4.99,2022-05-01 7:55:03,2024-10-09 19:27:10
3422,16,0,4395,32,83,4.89,2022-06-23 17:07:35,2024-10-09 21:40:53
928,13,72,71,0,0,5,2024-06-19 7:56:06,2024-10-10 7:03:56
2858,16,292,740,6,32,4.81,2018-03-24 14:45:58,2024-10-10 3:57:46
506,13,2,12,0,0,5,2024-02-13 19:52:38,2024-10-09 17:59:52
2914,10,41,153,0,1,4.93,2019-06-19 22:10:45,2024-10-10 6:18:07
107,13,50,165,0,0,4.99,2022-03-27 15:37:03,2024-10-10 8:07:35
492,16,0,436,1,12,4.87,2022-05-14 11:34:55,2024-10-10 5:50:09
2299,13,42,1260,0,13,4.95,2022-10-23 8:08:11,2024-10-09 21:16:42
983,16,0,20,0,0,5,2019-08-23 15:59:50,2024-10-09 23:17:41
1722,13,4,30,0,0,5,2022-11-15 21:19:29,2024-10-09 21:28:26
681,18,489,476,3,0,4.97,2021-02-20 17:44:03,2024-10-10 8:27:06
2704,15,26,31,0,1,4.88,2024-04-15 10:25:36,2024-10-10 8:53:20
2410,13,0,867,4,4,4.96,2021-08-09 20:43:43,2024-10-10 8:45:21
704,10,54,311,2,20,4.74,2020-11-01 17:24:53,2024-10-09 21:58:40
2191,16,339,766,17,16,4.85,2019-09-04 20:44:49,2024-10-09 20:08:55
463,16,7,21,0,0,4.95,2024-03-16 22:57:01,2024-10-09 18:54:31
2878,13,0,160,0,1,4.98,2023-05-08 13:10:11,2024-10-09 19:08:31
2401,13,9,61,0,2,4.86,2022-07-05 13:23:14,2024-10-09 18:43:24
1025,13,27,51,0,1,4.94,2022-07-31 10:50:58,2024-10-09 21:53:54
1222,10,9,681,6,15,4.88,2020-11-09 18:47:30,2024-10-09 22:09:31
879,13,41,301,1,39,4.53,2018-01-03 20:08:48,2024-10-10 9:00:05
3664,13,23,209,1,2,4.95,2021-10-03 17:48:32,2024-10-10 9:07:43
710,13,17,919,0,10,4.95,2022-10-11 5:12:26,2024-10-10 8:14:48
3232,3,230,9029,26,47,4.97,2014-07-22 17:04:46,2024-10-10 9:03:56
2471,3,230,9029,26,47,4.97,2014-07-22 17:04:46,2024-10-10 9:03:56
1903,13,475,623,0,4,4.96,2019-10-29 22:57:55,2024-10-10 8:34:54
1308,13,475,623,0,4,4.96,2019-10-29 22:57:55,2024-10-10 8:34:54
2059,13,5,34,0,0,5,2023-05-09 13:18:57,2024-10-10 8:33:26
1047,16,3,38,0,0,5,2021-03-30 17:41:01,2024-10-10 8:44:03
2262,13,322,930,3,7,4.95,2021-11-14 19:49:22,2024-10-10 8:37:09
1964,13,322,930,3,7,4.95,2021-11-14 19:49:22,2024-10-10 8:37:09
3042,13,0,281,0,4,4.93,2020-12-12 18:47:13,2024-10-09 18:31:41
1116,16,135,186,0,2,4.95,2023-06-15 6:29:06,2024-10-09 17:22:22
3595,16,183,818,4,42,4.78,2019-01-12 17:58:37,2024-10-09 17:47:25
3485,10,0,71,1,1,4.92,2024-05-19 20:38:02,2024-10-09 19:32:37
1997,19,27,51,0,1,4.92,2024-02-05 19:04:36,2024-10-09 18:15:28
1833,18,135,90,0,0,4.99,2023-10-01 17:37:14,2024-10-09 17:57:18
2905,16,155,503,1,42,4.67,2013-05-11 9:03:17,2024-10-09 17:41:41
2323,16,155,503,1,42,4.67,2013-05-11 9:03:17,2024-10-09 17:41:41
2024,16,155,503,1,42,4.67,2013-05-11 9:03:17,2024-10-09 17:41:41
1450,16,155,503,1,42,4.67,2013-05-11 9:03:17,2024-10-09 17:41:41
1345,16,155,503,1,42,4.67,2013-05-11 9:03:17,2024-10-09 17:41:41
1026,16,155,503,1,42,4.67,2013-05-11 9:03:17,2024-10-09 17:41:41
996,16,155,503,1,42,4.67,2013-05-11 9:03:17,2024-10-09 17:41:41
3282,15,17,242,0,8,4.86,2023-01-23 11:42:31,2024-10-09 17:32:22
661,13,24,894,2,17,4.92,2021-08-08 12:45:38,2024-10-09 17:51:27
2097,16,8,28,0,1,4.83,2018-10-01 16:25:16,2024-10-10 6:09:14
209,13,1,1153,4,21,4.92,2022-12-02 14:54:10,2024-10-10 6:06:44
1056,13,3,259,0,8,4.88,2022-11-25 0:31:27,2024-10-09 19:07:01
3212,18,53,595,3,8,4.92,2021-02-09 15:35:29,2024-10-10 8:37:07
376,13,203,997,2,19,4.92,2022-12-09 21:29:23,2024-10-10 9:08:49
2900,13,20,1083,2,6,4.97,2022-10-15 9:29:27,2024-10-10 8:25:44
910,13,20,154,1,8,4.78,2023-07-02 21:32:02,2024-10-09 19:07:11
3193,15,11,47,0,1,4.92,2022-08-16 22:48:40,2024-10-09 18:56:20
1205,13,26,186,0,0,4.99,2023-10-31 17:47:53,2024-10-09 18:54:20
1735,10,158,192,2,0,4.96,2019-11-30 23:52:45,2024-10-09 18:48:37
3484,16,1,24,0,0,5,2023-01-14 20:18:40,2024-10-09 22:06:42
2261,13,93,455,1,7,4.94,2021-11-02 23:36:17,2024-10-09 21:02:53
47,13,119,78,1,0,4.95,2022-06-10 10:36:31,2024-10-10 6:04:13
2082,13,6,46,0,0,5,2023-09-28 22:57:12,2024-10-10 6:38:57
1473,13,52,89,0,3,4.86,2021-05-01 20:57:47,2024-10-10 7:02:47
2646,16,643,2560,9,5,4.98,2017-11-26 14:20:38,2024-10-10 4:39:50
713,16,643,2560,9,5,4.98,2017-11-26 14:20:38,2024-10-10 4:39:50
1081,13,21,99,0,0,5,2023-11-29 15:16:10,2024-10-10 7:06:44
1111,16,1,961,3,71,4.71,2021-03-20 12:44:08,2024-10-10 3:43:00
2626,13,11,682,0,18,4.9,2021-05-22 12:19:01,2024-10-10 6:52:08
3041,13,3,62,0,3,4.78,2023-03-11 15:33:09,2024-10-09 17:16:07
2221,10,35,5,0,0,4.8,2024-08-24 8:07:03,2024-10-09 17:58:53
1793,16,55,1001,6,57,4.76,2017-03-01 11:49:30,2024-10-10 8:09:53
1827,13,3,22,0,0,5,2021-08-18 17:44:07,2024-10-10 7:28:15
3170,10,269,1563,5,19,4.91,2019-11-14 18:30:24,2024-10-10 8:07:57
2043,13,37,144,3,2,4.9,2021-04-17 19:51:27,2024-10-09 21:36:30
2855,13,7,62,1,3,4.79,2022-04-04 10:02:42,2024-10-09 21:53:47
1113,10,0,0,0,0,NULL,2024-05-21 11:35:32,2024-10-09 21:24:57
46,10,118,313,2,12,4.8,2020-07-07 10:14:12,2024-10-10 5:42:52
216,10,109,549,0,6,4.96,2020-10-03 9:43:57,2024-10-10 5:15:54
1647,2,24,15,1,2,4.39,2021-01-08 11:14:00,2024-10-10 6:52:39
1069,13,5,63,2,2,4.81,2020-11-28 11:19:46,2024-10-10 7:19:50
3430,13,11,33,0,0,5,2024-05-04 15:54:46,2024-10-10 7:34:16
2919,13,83,41,0,0,5,2024-06-12 10:02:21,2024-10-09 19:24:00
3205,18,119,101,0,2,4.92,2024-02-15 8:45:03,2024-10-10 8:01:33
670,16,5,715,2,6,4.95,2020-11-16 19:38:11,2024-10-10 8:08:07
299,13,7,358,0,3,4.97,2021-10-25 7:54:05,2024-10-10 7:58:28
2625,19,123,870,4,20,4.88,2022-07-06 11:10:44,2024-10-10 7:43:45
3431,16,7,83,0,5,4.75,2020-09-18 16:23:28,2024-10-09 14:02:00
1254,13,89,128,0,0,5,2023-12-08 18:35:33,2024-10-09 17:50:08
2196,13,0,19,0,0,5,2024-05-27 19:36:46,2024-10-09 19:39:19
1641,13,38,701,2,56,4.69,2021-07-01 8:14:30,2024-10-10 7:36:41
78,13,16,126,0,2,4.93,2023-09-13 9:03:48,2024-10-09 20:57:17
1406,13,2,17,0,0,5,2024-08-08 8:57:47,2024-10-09 20:08:42
204,13,0,1665,0,0,5,2022-09-07 12:49:59,2024-10-09 20:52:57
251,25,104,23,0,0,5,2023-06-07 21:04:30,2024-10-09 21:05:30
3112,18,609,332,0,10,4.86,2021-02-21 8:04:07,2024-10-09 19:58:05
1596,16,0,8376,17,39,4.97,2017-10-24 21:22:23,2024-10-10 5:52:48
370,13,18,556,2,6,4.93,2021-02-24 18:09:08,2024-10-10 3:49:24
2856,13,2,185,0,0,4.99,2021-04-26 20:24:16,2024-10-10 4:12:46
3117,13,25,129,1,2,4.91,2022-06-14 9:24:16,2024-10-10 7:59:23
1560,13,10,234,0,10,4.82,2021-10-11 12:17:05,2024-10-09 20:56:19
15,13,35,394,1,29,4.71,2022-08-22 20:47:16,2024-10-09 21:01:22
1951,13,33,714,9,16,4.88,2021-06-16 8:57:50,2024-10-09 20:57:43
3479,13,0,88,1,0,4.94,2024-01-31 15:22:15,2024-10-02 19:08:39
3674,13,24,605,3,12,4.91,2024-04-11 17:22:19,2024-10-10 8:43:08
2674,13,121,562,0,6,4.96,2023-09-07 21:22:33,2024-10-10 0:22:02
460,7,6,62,0,2,4.89,2024-05-01 13:12:02,2024-10-09 23:18:57
3626,13,61,121,0,2,4.93,2023-05-06 15:37:12,2024-10-09 23:27:29
344,13,8,84,1,3,4.81,2024-02-07 16:54:01,2024-10-09 18:18:15
2683,16,185,396,8,89,4.23,2020-08-03 21:38:54,2024-10-10 6:24:03
2539,10,179,3052,9,27,4.93,2020-05-06 19:30:56,2024-10-09 23:22:08
1929,13,0,206,2,6,4.85,2022-10-16 23:04:03,2024-10-09 23:53:12
1438,10,72,47,0,2,4.82,2024-05-27 10:32:54,2024-10-10 5:46:11
1895,7,86,126,0,1,4.95,2023-12-29 17:01:17,2024-10-10 7:56:00
1070,12,37,199,2,4,4.91,2023-11-18 19:48:15,2024-10-10 7:27:23
1580,16,5,45,0,0,4.98,2024-01-15 8:23:26,2024-10-10 7:48:18
2271,16,4,12,0,0,5,2023-02-13 18:24:45,2024-10-09 18:43:00
1782,13,22,135,2,6,4.78,2023-03-13 20:21:44,2024-10-09 21:33:50
1206,21,55,57,1,1,4.92,2023-08-12 6:52:35,2024-10-09 22:50:17
3419,16,132,235,1,7,4.86,2017-08-17 14:21:00,2024-10-09 22:52:41
2256,13,5,59,0,0,4.98,2022-11-22 19:14:19,2024-10-09 22:27:39
2929,13,0,514,1,4,4.96,2022-08-04 13:07:12,2024-10-10 6:09:39
3033,18,8,35,0,1,4.89,2023-06-11 0:26:46,2024-10-10 6:03:34
2374,16,18,1112,2,14,4.94,2017-09-04 15:04:47,2024-10-10 6:01:25
3029,16,82,1131,13,37,4.84,2013-06-25 12:53:49,2024-10-10 8:01:43
2739,16,82,1131,13,37,4.84,2013-06-25 12:53:49,2024-10-10 8:01:43
2027,16,82,1131,13,37,4.84,2013-06-25 12:53:49,2024-10-10 8:01:43
1999,16,82,1131,13,37,4.84,2013-06-25 12:53:49,2024-10-10 8:01:43
1783,16,82,1131,13,37,4.84,2013-06-25 12:53:49,2024-10-10 8:01:43
1565,16,82,1131,13,37,4.84,2013-06-25 12:53:49,2024-10-10 8:01:43
1423,16,82,1131,13,37,4.84,2013-06-25 12:53:49,2024-10-10 8:01:43
3118,13,172,631,6,63,4.61,2021-07-20 22:19:11,2024-10-09 23:23:35
2100,20,15,825,4,3,4.95,2018-10-10 14:25:09,2024-10-10 8:43:05
958,7,56,93,2,0,4.95,2019-08-28 13:17:59,2024-10-10 8:46:03
2322,13,68,1889,9,18,4.94,2021-10-06 19:07:58,2024-10-10 9:04:18
55,13,15,294,1,1,4.98,2022-10-23 19:36:36,2024-10-10 8:22:10
350,13,0,356,1,4,4.94,2023-07-08 15:57:49,2024-10-10 8:43:37
2245,13,84,131,1,1,4.95,2023-06-20 21:05:30,2024-10-09 18:02:00
1931,16,17,446,2,4,4.95,2019-05-27 20:23:15,2024-10-09 22:51:07
2370,18,0,136,0,0,5,2022-09-26 20:10:09,2024-10-10 6:41:28
5,16,61,320,2,12,4.84,2017-10-14 16:53:56,2024-10-09 21:49:46
2711,13,9,543,1,13,4.89,2021-02-05 9:02:44,2024-10-09 21:06:00
2802,13,0,19,0,1,4.8,2023-12-30 21:33:45,2024-10-09 20:24:13
175,10,10,51,1,1,4.89,2021-02-08 20:05:11,2024-10-09 21:01:43
812,13,20,24,0,0,5,2022-11-09 16:36:03,2024-10-10 6:52:36
1650,13,8,682,0,3,4.98,2023-06-12 10:40:53,2024-10-10 6:36:09
2226,16,525,1791,6,7,4.96,2022-01-22 7:12:12,2024-10-10 8:41:06
3079,16,30,432,3,3,4.93,2017-02-13 14:36:14,2024-10-10 8:19:00
2515,13,462,1874,10,4,4.97,2014-05-18 20:32:39,2024-10-10 8:15:46
2925,16,59,75,0,1,4.95,2018-10-14 9:00:08,2024-10-10 8:50:19
904,10,103,224,2,6,4.85,2019-09-18 9:42:47,2024-10-10 8:37:56
1159,16,37,385,1,9,4.88,2018-12-29 12:51:42,2024-10-10 1:40:25
3349,13,433,2585,17,37,4.93,2021-04-01 13:28:34,2024-10-10 9:01:49
1278,13,162,694,2,9,4.94,2023-11-05 10:27:51,2024-10-10 8:19:51
1599,16,74,1508,4,44,4.87,2020-01-01 18:23:30,2024-10-10 4:32:21
2143,13,39,108,0,1,4.97,2021-04-02 9:19:58,2024-10-10 9:08:28
129,13,41,1913,2,4,4.99,2021-01-30 21:27:23,2024-10-10 9:01:11
3194,10,211,1361,13,42,4.83,2019-11-23 11:37:44,2024-10-10 8:36:49
1557,10,8,41,1,0,4.95,2021-09-07 17:15:22,2024-10-10 8:41:42
3532,16,36,300,1,9,4.87,2013-06-11 15:31:47,2024-10-10 8:34:19
2965,16,36,300,1,9,4.87,2013-06-11 15:31:47,2024-10-10 8:34:19
1651,16,36,300,1,9,4.87,2013-06-11 15:31:47,2024-10-10 8:34:19
1437,16,36,300,1,9,4.87,2013-06-11 15:31:47,2024-10-10 8:34:19
1095,16,36,300,1,9,4.87,2013-06-11 15:31:47,2024-10-10 8:34:19
908,16,36,300,1,9,4.87,2013-06-11 15:31:47,2024-10-10 8:34:19
843,16,36,300,1,9,4.87,2013-06-11 15:31:47,2024-10-10 8:34:19
674,16,36,300,1,9,4.87,2013-06-11 15:31:47,2024-10-10 8:34:19
26,16,36,300,1,9,4.87,2013-06-11 15:31:47,2024-10-10 8:34:19
3259,18,221,165,5,1,4.9,2022-10-19 8:23:10,2024-10-10 9:03:10
1829,13,45,446,1,8,4.91,2019-01-31 15:39:43,2024-10-10 9:05:10
3435,13,2,46,0,1,4.91,2024-07-16 21:26:39,2024-10-10 8:19:51
872,13,97,345,0,5,4.93,2022-06-17 5:59:19,2024-10-10 8:21:35
3071,13,29,221,1,5,4.89,2022-05-23 4:06:39,2024-10-10 8:34:27
1767,13,114,79,0,1,4.93,2021-08-23 13:02:37,2024-10-10 8:34:18
1765,13,63,739,5,16,4.89,2022-03-01 20:35:23,2024-10-10 8:31:33
1990,16,64,135,1,7,4.77,2024-04-26 21:10:15,2024-10-10 9:00:38
1307,10,12,62,0,0,5,2022-05-09 22:02:23,2024-10-10 8:59:26
2619,10,38,441,1,9,4.9,2023-04-19 19:11:48,2024-10-10 9:01:47
2309,13,444,829,3,56,4.72,2021-03-02 19:53:35,2024-10-10 8:35:31
141,18,393,128,1,3,4.88,2021-02-16 13:45:44,2024-10-10 8:29:39
3689,13,2079,5404,14,24,4.97,2021-10-18 15:55:21,2024-10-10 8:00:30
582,16,160,932,5,6,4.95,2019-01-07 20:53:15,2024-10-10 8:32:10
1289,16,19,1114,3,6,4.96,2019-11-16 15:19:38,2024-10-09 18:32:49
1134,13,0,0,0,0,0,2024-04-21 14:26:33,2024-10-09 21:19:49
61,16,12,210,3,0,4.95,2017-05-29 21:03:22,2024-10-09 19:28:45
1684,15,195,453,2,11,4.9,2022-05-16 20:01:35,2024-10-09 20:00:14
1107,13,92,215,0,2,4.96,2023-07-26 19:06:44,2024-10-09 19:49:29
287,16,62,190,1,2,4.92,2018-04-14 9:37:07,2024-10-09 19:36:26
187,13,17,31,0,0,5,2023-02-27 20:36:35,2024-10-09 19:59:26
2353,7,0,212,3,7,4.82,2020-11-15 17:26:43,2024-10-10 8:20:06
2618,13,187,212,1,0,4.98,2023-04-04 21:23:32,2024-10-10 8:42:19
41,13,6,259,0,0,4.99,2020-03-15 16:07:19,2024-10-10 8:28:51
1921,16,244,351,6,16,4.77,2021-07-04 16:54:27,2024-10-10 8:15:49
381,18,180,268,3,23,4.65,2024-03-20 15:42:29,2024-10-10 8:30:13
3402,10,1,1354,10,33,4.88,2022-12-26 9:34:28,2024-10-10 5:04:05
1744,13,18,197,2,35,4.37,2021-04-03 23:25:28,2024-10-09 23:23:56
2306,13,21,86,0,0,4.99,2024-03-20 16:42:08,2024-10-10 8:20:35
2421,13,130,165,1,10,4.76,2022-03-27 15:23:40,2024-10-09 17:20:20
3625,13,12,83,1,1,4.93,2023-04-09 21:07:39,2024-10-09 17:26:55
2489,10,31,117,0,7,4.76,2020-04-18 19:56:12,2024-10-09 17:30:04
2207,13,7,56,1,1,4.9,2020-11-07 16:49:42,2024-10-08 20:31:51
1878,13,7,56,1,1,4.9,2020-11-07 16:49:42,2024-10-08 20:31:51
596,18,54,89,1,2,4.87,2023-08-30 12:11:58,2024-10-09 12:26:38
2115,13,13,12,0,0,5,2024-07-06 9:42:50,2024-10-09 12:55:21
2497,13,14,28,0,3,4.61,2024-03-02 7:43:17,2024-10-08 17:21:13
2758,13,13,32,0,0,5,2024-06-29 15:35:04,2024-10-09 16:50:26
1609,10,10,583,2,20,4.84,2021-09-07 14:17:33,2024-10-09 16:50:03
1429,13,16,203,1,1,4.96,2023-06-24 17:33:08,2024-10-09 11:00:58
135,13,14,76,0,0,5,2022-11-07 16:16:26,2024-10-09 6:58:19
3354,10,20,126,0,1,4.95,2021-04-12 4:43:34,2024-10-08 0:17:21
2534,25,9,41,0,1,4.88,2024-04-30 16:43:02,2024-10-08 17:08:01
1196,13,21,204,0,11,4.8,2023-02-08 21:22:37,2024-10-07 11:35:25
321,13,32,6,0,0,5,2024-07-30 17:50:17,2024-10-06 11:08:57
1912,18,3,16,1,3,4.25,2022-05-27 10:30:41,2024-10-06 15:12:34
262,13,22,52,0,0,4.98,2022-10-28 8:55:06,2024-10-06 12:37:55
762,7,0,4,0,0,5,2023-11-01 15:44:59,2024-10-06 14:46:11
2822,10,58,32,0,3,4.63,2022-08-09 21:48:24,2024-10-04 7:10:04
2045,13,35,72,0,12,4.4,2023-09-11 15:31:16,2024-10-09 20:11:43
3151,16,9,368,1,11,4.86,2022-09-22 12:14:01,2024-10-10 7:27:10
1474,13,0,165,0,0,4.99,2023-01-06 19:32:26,2024-10-10 4:57:12
700,13,1,51,0,1,4.92,2023-02-23 3:28:20,2024-10-09 17:52:30
539,13,43,447,2,8,4.91,2022-09-24 17:01:05,2024-10-09 18:50:36
2238,16,53,273,4,9,4.8,2017-05-14 16:16:14,2024-10-09 18:57:05
1516,13,84,457,0,5,4.95,2021-07-05 21:38:27,2024-10-09 18:16:13
354,18,14,24,1,0,4.92,2022-03-31 19:16:16,2024-10-09 18:39:24
2688,16,57,362,6,18,4.76,2022-09-23 6:57:55,2024-10-10 6:08:58
1147,16,0,83,1,5,4.73,2024-01-29 23:40:45,2024-10-09 23:16:46
152,13,7,828,6,12,4.91,2023-02-13 12:54:54,2024-10-09 21:31:29
763,15,2,31,0,1,4.88,2023-08-22 16:26:33,2024-10-09 19:09:50
2492,13,82,676,0,33,4.81,2022-02-03 12:08:22,2024-10-09 18:35:53
1627,13,82,676,0,33,4.81,2022-02-03 12:08:22,2024-10-09 18:35:53
2632,13,20,44,0,18,3.84,2023-05-03 4:26:51,2024-10-09 23:23:43
2633,13,153,331,2,22,4.74,2022-05-23 22:16:50,2024-10-09 22:43:41
2752,13,0,194,1,2,4.94,2021-06-13 17:03:17,2024-10-09 17:46:23
2730,13,17,20,0,0,5,2024-04-02 16:14:37,2024-10-09 18:37:46
3472,13,8,33,0,0,5,2021-02-06 19:25:41,2024-10-07 14:03:21
276,16,51,99,0,0,4.97,2022-07-10 19:43:20,2024-10-09 17:55:15
550,16,87,541,2,22,4.8,2018-05-04 22:46:47,2024-10-10 6:40:59
3169,10,864,2928,18,94,4.84,2020-02-17 18:58:37,2024-10-10 6:45:47
2516,13,183,394,2,31,4.69,2023-10-27 13:53:31,2024-10-10 7:38:26
1165,13,63,281,0,0,5,2023-02-17 11:59:17,2024-10-10 8:03:09
3290,13,36,76,0,0,5,2023-10-26 7:05:21,2024-10-09 18:11:07
581,16,32,186,1,4,4.89,2022-10-11 15:22:23,2024-10-10 7:03:32
2449,13,9,12,0,0,5,2022-03-21 16:33:55,2024-10-09 3:33:04
1148,13,49,979,8,52,4.77,2020-03-22 19:12:39,2024-10-09 12:28:21
3146,27,10,3,0,0,5,2024-06-09 15:50:27,2024-10-09 6:09:59
3366,13,14,20,0,0,5,2021-08-27 10:46:21,2024-10-08 8:16:43
1395,16,11,370,3,13,4.84,2020-07-02 6:50:05,2024-10-07 11:31:23
3374,13,0,9,0,0,5,2023-01-09 21:53:29,2024-10-05 20:45:05
1588,18,178,62,0,0,5,2021-03-23 16:33:56,2024-10-06 12:55:20
1721,19,2,313,3,6,4.88,2020-01-15 17:31:32,2024-10-05 19:16:08
2559,13,14,43,0,0,4.98,2021-07-28 11:10:13,2024-10-06 13:20:20
2530,16,130,279,0,7,4.88,2020-06-23 12:23:32,2024-10-06 14:30:23
783,16,100,272,0,6,4.9,2020-06-24 20:40:31,2024-10-10 6:06:45
1825,13,10,18,0,0,5,2024-05-18 18:15:26,2024-10-10 8:44:41
207,13,69,2106,2,79,4.85,2021-02-27 22:18:13,2024-10-10 8:29:11
2255,13,443,1186,5,2,4.97,2023-04-28 7:02:50,2024-10-09 20:18:21
1263,13,71,239,1,11,4.82,2022-02-09 21:00:09,2024-10-09 21:10:25
478,13,71,239,1,11,4.82,2022-02-09 21:00:09,2024-10-09 21:10:25
2623,16,45,513,11,67,4.5,2018-02-02 13:27:22,2024-10-09 20:31:33
1303,16,45,513,11,67,4.5,2018-02-02 13:27:22,2024-10-09 20:31:33
1105,13,150,97,0,0,5,2023-02-12 21:32:07,2024-10-09 20:50:54
2170,13,69,306,1,1,4.97,2021-02-11 22:19:31,2024-10-09 20:02:14
377,13,22,39,0,0,5,2021-04-17 18:35:43,2024-10-09 19:28:21
1427,13,39,332,0,5,4.93,2023-05-29 11:39:26,2024-10-10 7:54:18
1823,7,169,777,6,27,4.81,2019-02-02 20:57:22,2024-10-10 9:07:54
1287,13,0,3645,7,12,4.98,2015-04-19 22:23:05,2024-10-10 8:54:42
2837,18,302,551,4,3,4.95,2021-01-24 15:31:39,2024-10-10 8:26:03
1046,13,305,1094,7,36,4.85,2022-05-06 14:22:30,2024-10-10 9:05:04
1082,13,113,3090,3,7,4.98,2022-09-30 19:45:15,2024-10-10 8:37:47
2127,16,38,380,0,35,4.63,2016-12-28 9:20:43,2024-10-09 17:16:09
2672,16,1,58,0,6,4.61,2019-01-04 4:50:10,2024-10-09 17:29:28
1851,13,145,181,0,0,5,2023-06-04 13:25:26,2024-10-09 21:02:29
1471,13,0,1,0,0,5,2024-07-19 20:24:19,2024-10-10 8:46:39
3637,13,47,61,0,1,4.94,2024-05-26 15:29:35,2024-10-10 9:03:56
272,13,103,2106,8,66,4.86,2022-05-10 16:24:00,2024-10-10 8:33:18
1059,13,332,3621,26,180,4.79,2022-09-27 16:28:02,2024-10-10 8:40:32
2240,13,38,154,1,0,4.99,2021-08-17 21:26:05,2024-10-08 23:53:19
1804,13,9,20,0,0,5,2022-02-02 7:13:33,2024-10-09 16:48:04
694,13,9,20,0,0,5,2022-02-02 7:13:33,2024-10-09 16:48:04
2932,13,531,568,10,3,4.93,2023-10-02 18:07:14,2024-10-09 16:17:24
2834,24,10,7,0,0,5,2023-01-29 13:22:12,2024-08-25 16:12:57
2727,13,10,58,0,0,5,2023-01-17 17:58:47,2024-10-08 9:26:54
1038,13,151,315,1,15,4.81,2021-06-25 22:05:06,2024-10-08 10:28:15
256,13,1,13,0,0,5,2024-04-16 22:16:14,2024-10-08 17:02:12
1894,15,163,61,0,0,5,2020-02-06 17:23:44,2024-10-08 14:29:55
702,13,14,42,0,0,5,2021-04-07 22:13:37,2024-10-08 12:14:49
504,13,0,45,0,0,5,2021-03-31 22:02:08,2024-10-06 21:23:57
1494,10,0,93,0,0,4.96,2020-08-04 19:05:57,2024-10-07 11:37:48
3319,13,35,55,0,9,4.47,2021-11-09 9:24:24,2024-10-07 9:30:40
2209,13,35,55,0,9,4.47,2021-11-09 9:24:24,2024-10-07 9:30:40
1486,25,2,46,0,0,4.98,2023-10-17 17:04:45,2024-10-05 20:23:34
2868,13,0,23,0,0,5,2022-04-27 21:47:04,2024-10-06 15:46:23
2032,16,14,79,0,5,4.75,2019-04-20 9:42:25,2024-10-06 7:41:01
1585,13,374,717,0,0,5,2022-01-20 16:39:03,2024-10-09 21:25:37
490,13,374,717,0,0,5,2022-01-20 16:39:03,2024-10-09 21:25:37
1979,13,19,289,2,4,4.93,2022-01-25 16:28:10,2024-10-09 21:43:31
1484,13,19,289,2,4,4.93,2022-01-25 16:28:10,2024-10-09 21:43:31
2312,13,156,182,0,1,4.98,2023-07-10 15:04:18,2024-10-09 21:48:14
2104,13,8,498,1,2,4.97,2021-12-04 18:10:42,2024-10-09 21:27:55
698,13,8,498,1,2,4.97,2021-12-04 18:10:42,2024-10-09 21:27:55
3007,13,12,828,0,2,4.99,2021-09-12 14:17:00,2024-10-09 18:37:09
2185,13,12,828,0,2,4.99,2021-09-12 14:17:00,2024-10-09 18:37:09
2585,13,49,102,0,0,4.98,2022-10-06 19:10:50,2024-10-09 18:49:56
937,13,21,98,0,1,4.95,2022-08-14 11:29:00,2024-10-09 18:59:09
1363,16,9,245,0,1,4.97,2021-01-23 12:47:32,2024-10-10 6:28:25
3294,13,48,1351,3,10,4.95,2023-02-09 12:32:31,2024-10-10 6:50:11
832,13,5,21,0,0,5,2023-05-21 16:51:47,2024-10-08 20:54:36
2978,19,158,438,6,17,4.8,2018-11-16 21:36:21,2024-10-09 12:45:54
2428,13,247,232,0,0,5,2023-04-03 16:46:11,2024-10-09 6:29:04
3634,16,6,646,1,6,4.95,2015-03-28 23:09:04,2024-10-09 6:19:32
3022,16,6,646,1,6,4.95,2015-03-28 23:09:04,2024-10-09 6:19:32
2110,16,6,646,1,6,4.95,2015-03-28 23:09:04,2024-10-09 6:19:32
570,16,6,646,1,6,4.95,2015-03-28 23:09:04,2024-10-09 6:19:32
275,16,6,646,1,6,4.95,2015-03-28 23:09:04,2024-10-09 6:19:32
3174,10,10,4,0,0,5,2022-01-03 10:46:56,2024-10-08 15:17:45
2015,10,10,4,0,0,5,2022-01-03 10:46:56,2024-10-08 15:17:45
1456,13,51,171,0,0,5,2024-02-25 9:11:34,2024-10-08 14:36:42
1792,13,51,62,0,0,5,2024-02-11 8:01:26,2024-10-08 14:11:37
653,13,0,767,0,12,4.93,2021-05-04 20:45:00,2024-10-08 13:39:12
1008,13,20,193,1,16,4.68,2022-05-02 10:29:06,2024-10-07 14:24:51
2060,13,48,186,1,4,4.91,2021-09-06 9:55:20,2024-10-06 11:45:53
3086,13,9,128,0,8,4.76,2022-11-04 18:38:21,2024-10-06 15:20:59
1035,21,34,33,0,2,4.71,2021-08-03 20:39:52,2024-10-06 9:03:46
11,2,3,191,0,1,4.97,2019-12-09 19:08:41,2024-10-06 8:54:59
3246,19,177,1824,4,20,4.94,2018-09-29 7:02:09,2024-10-05 19:40:57
3336,13,0,5,0,0,5,2022-09-15 10:36:45,2024-10-03 21:07:03
3632,13,0,81,0,7,4.66,2023-05-25 20:08:55,2024-10-05 17:44:08
3157,13,43,1019,4,56,4.78,2020-07-01 6:44:13,2024-10-10 6:02:02
2581,18,84,637,8,33,4.75,2021-01-20 7:42:09,2024-10-10 5:41:03
461,13,330,558,0,12,4.91,2022-03-12 20:10:31,2024-10-10 9:09:08
1574,13,26,530,0,8,4.94,2021-09-01 10:07:27,2024-10-10 8:53:19
1475,16,138,560,2,13,4.89,2024-01-05 10:04:54,2024-10-10 8:41:38
1078,13,0,6446,11,76,4.94,2021-01-09 18:36:03,2024-10-10 8:57:43
1020,13,3,219,3,5,4.88,2022-04-11 11:23:34,2024-10-10 9:01:23
300,18,213,172,0,0,4.99,2024-04-04 17:37:21,2024-10-10 8:50:05
955,16,121,77,0,0,5,2024-04-16 0:08:41,2024-10-10 9:09:25
3401,10,304,2600,12,26,4.94,2021-10-16 14:49:59,2024-10-10 8:24:45
2595,16,12,49,0,0,5,2022-05-06 19:26:19,2024-10-10 5:24:21
2624,13,51,184,0,16,4.67,2023-12-12 17:37:14,2024-10-08 20:57:32
498,13,16,204,2,4,4.9,2021-02-19 15:20:11,2024-10-08 21:00:57
111,21,15,80,0,1,4.94,2024-02-12 21:57:00,2024-10-09 12:54:28
205,13,3,2,0,0,5,2022-11-25 18:56:30,2024-10-09 16:44:02
2819,18,117,442,2,12,4.88,2021-01-09 13:18:38,2024-10-09 16:17:39
1182,10,16,48,0,3,4.76,2019-10-23 15:51:41,2024-10-09 11:32:07
1014,10,1,309,6,11,4.79,2019-09-29 9:06:07,2024-10-08 19:58:55
2588,16,283,130,0,2,4.91,2020-08-27 16:48:07,2024-10-09 7:23:19
990,13,9,52,0,8,4.45,2023-03-16 21:09:30,2024-10-08 15:33:32
1913,13,0,26,0,0,4.96,2022-08-20 12:10:15,2024-10-07 19:29:54
200,13,147,326,1,38,4.56,2021-12-15 21:28:47,2024-10-08 10:22:21
98,13,147,326,1,38,4.56,2021-12-15 21:28:47,2024-10-08 10:22:21
3049,13,10,148,1,3,4.91,2021-10-24 17:26:43,2024-10-07 11:49:06
2219,13,2,81,0,1,4.95,2023-08-20 8:26:46,2024-10-05 23:12:29
1772,13,19,1508,3,2,4.99,2021-11-29 13:35:06,2024-10-10 4:45:21
342,10,53,535,1,46,4.66,2021-01-30 18:33:09,2024-10-09 19:01:54
3685,16,3,242,0,6,4.89,2013-09-03 11:11:16,2024-10-10 5:16:09
2892,16,3,242,0,6,4.89,2013-09-03 11:11:16,2024-10-10 5:16:09
2677,16,3,242,0,6,4.89,2013-09-03 11:11:16,2024-10-10 5:16:09
1256,16,3,242,0,6,4.89,2013-09-03 11:11:16,2024-10-10 5:16:09
805,16,3,242,0,6,4.89,2013-09-03 11:11:16,2024-10-10 5:16:09
518,16,3,242,0,6,4.89,2013-09-03 11:11:16,2024-10-10 5:16:09
619,13,28,208,0,0,5,2021-09-11 10:57:04,2024-10-09 21:34:39
408,13,131,1176,8,33,4.87,2022-09-19 11:23:11,2024-10-09 22:00:30
3256,13,38,242,0,4,4.93,2021-08-31 10:03:41,2024-10-09 21:12:19
887,13,62,330,7,58,4.36,2023-04-12 14:12:19,2024-10-09 21:23:42
2713,13,18,240,0,0,5,2021-05-07 20:11:40,2024-10-09 21:34:54
2995,13,9,28,0,0,4.93,2022-06-11 14:43:20,2024-10-08 8:11:36
3175,16,84,1000,1,8,4.96,2021-12-14 14:34:26,2024-10-09 20:17:41
1856,16,84,1000,1,8,4.96,2021-12-14 14:34:26,2024-10-09 20:17:41
1347,16,33,738,9,16,4.87,2020-07-31 10:01:44,2024-10-10 8:42:37
1498,13,0,1761,2,18,4.95,2018-07-14 13:03:43,2024-10-10 8:58:43
761,13,10,478,0,5,4.96,2021-11-20 9:42:28,2024-10-10 9:10:42
669,13,10,478,0,5,4.96,2021-11-20 9:42:28,2024-10-10 9:10:42
1261,13,46,114,0,2,4.92,2023-11-29 20:38:27,2024-10-10 7:20:14
3572,18,66,1018,8,26,4.85,2021-05-11 19:16:29,2024-10-10 8:03:33
1972,16,1,10,0,0,5,2024-05-12 14:53:23,2024-10-08 20:15:45
2420,13,115,349,3,76,4.27,2021-09-19 20:45:09,2024-10-08 20:38:49
1408,16,1,21,0,1,4.82,2024-03-01 8:53:46,2024-10-08 17:29:24
3620,13,41,104,0,0,4.98,2021-01-11 22:23:39,2024-10-08 17:16:35
2385,16,376,600,0,1,4.99,2019-05-14 8:45:27,2024-10-09 10:38:04
1088,13,25,8,0,0,5,2023-12-04 13:51:42,2024-10-09 10:10:20
2953,13,0,1345,7,45,4.84,2021-11-29 21:08:28,2024-10-09 10:14:13
1003,13,0,1345,7,45,4.84,2021-11-29 21:08:28,2024-10-09 10:14:13
3095,16,26,1129,4,8,4.95,2017-06-05 10:16:52,2024-10-09 10:27:48
931,13,5,9,0,0,5,2024-07-11 7:31:12,2024-10-09 16:21:12
1830,12,244,91,1,0,4.93,2023-09-01 11:34:12,2024-10-09 16:52:53
559,16,0,50,1,3,4.72,2021-03-24 7:10:21,2024-10-09 12:02:30
3677,13,26,130,0,2,4.94,2022-11-10 19:44:23,2024-10-09 11:30:35
1605,13,78,148,0,3,4.92,2019-04-17 21:00:27,2024-10-09 7:09:07
2206,18,20,33,0,0,4.97,2023-12-03 18:01:47,2024-10-09 6:30:00
2222,16,14,88,1,14,4.38,2018-11-08 20:25:01,2024-10-08 18:38:06
1291,13,121,924,1,22,4.9,2022-02-24 13:43:40,2024-10-09 8:07:38
21,13,0,265,0,10,4.85,2021-05-03 18:22:05,2024-10-09 9:28:52
2577,10,7,54,0,0,4.98,2019-08-30 10:10:09,2024-10-09 9:16:33
845,13,99,157,0,0,4.99,2023-11-29 12:53:51,2024-10-08 11:07:22
1517,18,20,52,0,0,5,2021-10-31 20:19:56,2024-10-07 11:35:15
1130,13,13,74,0,0,4.99,2022-10-01 19:09:28,2024-10-07 5:59:21
1312,16,0,91,0,0,5,2020-10-18 7:48:37,2024-10-09 12:38:01
2484,19,48,214,2,8,4.83,2019-02-06 19:24:11,2024-10-09 16:58:48
2859,1,13,38,0,6,4.45,2020-11-03 0:47:39,2024-10-08 21:48:11
2694,13,0,67,0,0,5,2023-07-02 8:36:42,2024-10-09 11:43:40
2775,15,0,22,0,0,4.95,2024-06-16 8:50:42,2024-10-09 5:56:44
3700,16,0,656,2,64,4.63,2017-02-09 16:50:17,2024-10-08 15:33:42
3695,21,8,17,0,1,4.78,2023-06-04 19:53:31,2024-10-08 11:54:32
183,16,0,1204,9,8,4.95,2018-09-17 13:26:30,2024-10-07 19:36:33
2473,21,0,1,0,0,5,2024-07-27 11:31:10,2024-10-07 20:53:39
3410,13,28,194,1,5,4.89,2022-01-25 20:00:58,2024-10-09 17:14:16
2560,13,28,194,1,5,4.89,2022-01-25 20:00:58,2024-10-09 17:14:16
2988,16,175,313,1,6,4.91,2023-02-25 10:40:59,2024-10-10 6:32:51
1948,13,11,120,1,61,3.63,2023-03-23 17:39:12,2024-10-09 21:55:21
3533,13,79,1791,4,18,4.95,2024-01-04 7:40:32,2024-10-10 9:08:09
3068,13,210,4607,9,31,4.96,2022-11-20 11:17:38,2024-10-10 8:27:01
456,13,311,295,0,22,4.72,2021-05-20 22:47:32,2024-10-10 8:31:00
1566,15,660,712,1,13,4.91,2023-09-02 12:17:08,2024-10-10 9:00:00
3144,13,65,324,0,2,4.97,2021-04-22 21:21:33,2024-10-09 23:14:15
2913,16,0,10,0,0,5,2024-08-10 16:59:06,2024-10-10 1:47:22
2923,13,3,31,0,0,5,2021-05-16 14:15:35,2024-10-09 16:45:55
1679,13,45,104,0,0,5,2022-01-13 22:21:07,2024-10-09 9:55:40
1401,13,45,104,0,0,5,2022-01-13 22:21:07,2024-10-09 9:55:40
2010,13,49,256,0,14,4.79,2020-10-01 15:44:34,2024-10-09 11:15:13
3570,7,34,91,3,6,4.63,2019-02-17 23:14:27,2024-10-08 15:59:23
2922,16,0,404,5,67,4.39,2022-01-02 16:37:07,2024-10-08 12:28:40
9,16,0,404,5,67,4.39,2022-01-02 16:37:07,2024-10-08 12:28:40
1826,13,119,94,0,0,5,2024-03-21 17:54:57,2024-10-08 11:19:24
3521,3,3,209,1,2,4.95,2018-05-05 19:52:22,2024-10-07 19:59:12
964,3,3,209,1,2,4.95,2018-05-05 19:52:22,2024-10-07 19:59:12
182,10,28,26,0,0,4.92,2023-01-10 19:53:10,2024-10-08 10:00:13
239,13,93,170,0,2,4.96,2023-02-16 16:10:26,2024-10-08 9:20:48
623,13,4,64,0,0,4.98,2023-02-08 22:21:44,2024-10-08 16:17:28
155,13,20,36,0,1,4.89,2022-10-03 19:21:30,2024-10-07 7:27:55
712,13,10,78,0,2,4.88,2022-11-06 10:06:53,2024-10-06 12:48:05
1479,13,2,21,0,6,4.11,2023-03-29 16:31:29,2024-10-06 12:38:07
3065,16,0,96,1,1,4.92,2019-11-27 8:12:14,2024-10-06 16:30:56
780,16,0,20,0,1,4.76,2021-03-27 22:40:19,2024-10-09 16:55:35
2285,13,71,128,0,41,4.03,2022-10-22 16:03:54,2024-10-09 16:53:43
3538,16,2,83,0,6,4.71,2019-01-24 8:44:30,2024-09-26 17:36:03
2971,13,4,22,0,0,5,2024-03-18 21:43:26,2024-10-09 8:05:35
1166,13,0,121,1,0,4.96,2023-04-24 7:32:02,2024-10-09 7:17:54
2430,13,30,119,0,0,5,2022-09-13 7:21:31,2024-10-09 9:24:10
884,13,6,133,1,0,4.99,2022-04-15 15:23:11,2024-10-08 8:25:55
705,22,34,164,0,7,4.84,2022-10-22 18:20:25,2024-10-08 2:01:23
1325,13,93,136,1,14,4.61,2023-04-11 17:09:49,2024-10-08 10:54:58
1097,16,22,84,1,0,4.95,2018-02-08 12:08:55,2024-10-08 16:22:18
1160,16,11,146,0,0,5,2018-10-22 14:20:45,2024-10-08 14:16:15
2381,16,24,783,5,10,4.91,2017-01-26 8:15:23,2024-10-08 14:58:49
462,16,30,99,0,1,4.93,2017-10-17 15:26:40,2024-10-07 19:03:22
3190,13,2,24,0,0,5,2022-07-08 10:27:09,2024-10-07 19:08:49
1893,13,23,155,0,2,4.95,2023-01-13 12:00:58,2024-10-06 17:50:13
3056,13,28,831,1,7,4.96,2021-09-04 8:06:40,2024-10-09 23:51:04
3583,13,0,59,0,0,4.98,2022-10-03 11:29:11,2024-10-09 13:04:52
2447,13,0,381,1,3,4.96,2020-07-26 13:51:01,2024-10-09 12:15:27
2846,13,0,108,0,0,4.99,2021-10-16 7:36:17,2024-10-04 13:12:07
2518,16,8,44,1,5,4.54,2022-02-12 9:12:23,2024-10-09 10:33:51
2090,16,0,11,0,1,4.67,2024-07-04 6:17:14,2024-10-09 16:30:15
3019,13,10,32,0,1,4.79,2021-04-07 22:49:29,2024-10-09 16:43:47
2118,18,81,187,0,2,4.96,2021-10-30 12:33:47,2024-10-08 18:55:45
213,10,0,54,0,0,5,2021-04-29 6:39:02,2024-10-08 9:26:27
2770,13,7,32,0,1,4.88,2024-02-08 10:46:12,2024-10-07 19:54:03
260,15,0,39,0,2,4.78,2023-01-06 8:25:55,2024-10-07 19:43:46
3273,16,3,459,0,7,4.93,2016-02-16 16:50:20,2024-10-08 14:19:29
1548,16,3,459,0,7,4.93,2016-02-16 16:50:20,2024-10-08 14:19:29
181,16,0,36,0,0,5,2020-11-14 16:31:24,2024-09-01 9:47:28
3405,18,11,33,0,0,5,2023-12-15 11:17:24,2024-10-08 13:45:42
1540,13,1,127,0,0,5,2022-08-07 21:45:40,2024-10-07 6:28:48
2745,10,0,159,1,6,4.83,2023-03-31 18:09:20,2024-10-05 21:01:42
3016,18,0,117,1,3,4.88,2020-12-30 13:38:14,2024-10-05 13:09:29
633,13,0,18,0,1,4.79,2023-08-28 23:23:56,2024-10-09 16:11:06
1296,13,0,146,0,12,4.7,2022-09-25 14:29:29,2024-10-09 1:22:35
373,10,13,56,0,0,4.96,2023-10-17 20:03:01,2024-10-07 11:26:13
1968,16,13,15,0,0,4.93,2020-10-21 10:52:13,2024-09-19 5:28:53
103,13,8,56,0,0,4.98,2022-09-14 14:18:19,2024-10-08 18:54:50
3487,13,2,52,0,1,4.92,2022-01-12 15:39:38,2024-10-08 18:23:48
821,13,2,52,0,1,4.92,2022-01-12 15:39:38,2024-10-08 18:23:48
3323,7,26,38,0,5,4.56,2023-10-15 15:43:26,2024-10-08 21:12:32
3403,18,1,61,0,0,4.98,2021-03-07 21:43:41,2024-10-08 8:59:10
3470,10,8,0,0,0,NULL,2020-12-28 19:04:40,2024-10-07 19:45:25
1874,13,14,20,0,4,4.33,2023-11-20 19:43:31,2024-10-08 17:12:17
3341,13,0,41,0,2,4.81,2023-08-31 20:22:48,2024-10-08 6:05:55
773,13,133,289,0,10,4.86,2021-06-06 22:48:30,2024-10-07 21:09:31
3255,10,83,195,1,2,4.93,2021-03-09 20:27:11,2024-10-08 14:46:23
2443,13,86,91,1,2,4.86,2023-01-31 22:29:32,2024-10-08 13:45:57
2788,16,46,302,0,1,4.97,2019-10-23 16:22:31,2024-10-08 8:07:27
311,13,20,96,0,0,4.99,2022-10-21 14:15:53,2024-10-07 10:59:51
69,13,32,164,0,6,4.85,2021-05-11 7:44:09,2024-10-09 16:21:42
3187,7,77,90,1,2,4.89,2020-02-27 22:00:59,2024-10-09 17:13:35
1542,13,0,679,2,49,4.73,2022-08-09 11:51:57,2024-10-10 5:06:39
2378,13,8,8,0,0,5,2024-06-15 18:40:24,2024-10-09 17:32:35
2917,13,3,140,0,2,4.93,2022-07-10 16:00:15,2024-10-09 17:20:52
1626,18,17,346,0,8,4.9,2021-02-28 3:01:09,2024-10-09 18:02:54
3464,13,39,20,0,0,5,2022-08-31 18:41:34,2024-10-08 20:21:17
727,13,15,43,0,0,5,2022-11-22 13:53:19,2024-10-09 13:01:25
2460,16,178,192,4,13,4.69,2019-06-08 9:20:26,2024-10-09 16:55:45
3104,13,53,31,0,0,5,2024-08-12 14:03:58,2024-10-09 11:08:33
777,25,168,67,0,5,4.71,2023-08-28 16:44:00,2024-10-08 15:15:55
1803,13,28,27,0,0,5,2023-01-22 2:29:28,2024-10-08 15:38:48
265,13,35,188,2,8,4.81,2023-02-14 3:09:47,2024-10-08 4:09:19
939,13,5,139,2,2,4.89,2022-12-03 11:17:40,2024-10-08 13:39:35
2877,13,0,62,0,0,5,2022-02-14 12:35:40,2024-10-07 19:09:00
2291,13,0,62,0,0,5,2022-02-14 12:35:40,2024-10-07 19:09:00
1073,15,111,41,1,0,4.95,2022-09-04 14:54:12,2024-10-06 21:29:53
3628,16,39,138,0,0,4.98,2018-05-22 20:16:31,2024-10-07 11:43:16
431,13,0,543,0,3,4.97,2023-10-29 9:49:10,2024-10-10 7:45:44
3318,16,11,456,3,13,4.86,2020-03-06 12:48:45,2024-10-10 7:44:46
3363,16,628,4264,5,12,4.98,2021-09-09 13:19:22,2024-10-10 8:09:22
3277,16,32,1001,13,34,4.81,2019-02-19 14:04:35,2024-10-09 22:45:53
2493,13,55,219,1,8,4.85,2023-01-12 17:15:59,2024-10-09 22:22:09
1983,13,35,150,1,16,4.61,2021-11-18 20:52:29,2024-10-10 7:45:31
734,13,35,150,1,16,4.61,2021-11-18 20:52:29,2024-10-10 7:45:31
2769,13,150,706,0,1,4.99,2023-05-20 21:14:42,2024-10-10 8:00:55
2985,13,24,154,0,6,4.85,2022-02-18 21:26:48,2024-10-10 7:15:34
1788,13,439,1785,1,4,4.98,2021-03-31 21:45:35,2024-10-09 21:15:24
3448,13,0,310,0,8,4.9,2022-01-25 15:46:13,2024-10-09 22:05:48
1055,13,0,310,0,8,4.9,2022-01-25 15:46:13,2024-10-09 22:05:48
3097,13,53,157,0,0,4.98,2022-09-10 13:52:08,2024-10-10 6:13:11
2366,16,160,460,0,5,4.93,2020-06-27 22:30:57,2024-10-10 6:37:30
2533,13,3,249,0,2,4.94,2024-02-01 20:28:36,2024-10-10 6:47:03
1875,16,8,9,0,4,3.77,2023-04-12 16:22:54,2024-10-08 20:18:03
3263,13,8,218,1,47,4.28,2021-09-17 18:12:18,2024-10-09 12:31:51
1449,13,45,384,1,13,4.86,2022-03-19 21:12:35,2024-10-09 10:54:41
2195,10,1,20,0,1,4.81,2021-03-21 12:00:07,2024-10-09 11:30:14
1924,13,180,259,2,1,4.97,2023-03-20 9:54:01,2024-10-09 11:28:40
1884,13,18,602,0,10,4.93,2021-03-28 9:15:48,2024-10-09 11:22:10
1170,13,18,602,0,10,4.93,2021-03-28 9:15:48,2024-10-09 11:22:10
1810,15,8,13,2,1,4.5,2023-09-22 15:35:13,2024-10-09 7:01:53
3072,16,26,28,0,1,4.79,2024-05-15 20:15:58,2024-10-08 18:19:04
2831,18,25,92,0,0,4.99,2022-11-30 19:30:21,2024-10-07 23:30:25
1992,16,13,147,0,1,4.97,2020-06-21 13:32:38,2024-10-08 10:33:08
489,13,0,60,0,0,4.98,2023-10-07 21:11:16,2024-10-07 20:33:40
3154,16,3,46,0,0,5,2024-02-02 13:52:44,2024-10-07 20:43:18
3639,16,2,3,0,1,4,2021-09-12 19:26:36,2024-10-08 14:44:24
3165,16,43,205,4,20,4.57,2018-04-16 17:10:16,2024-10-08 7:26:20
499,13,0,7,0,0,5,2024-04-15 18:06:18,2024-10-08 13:03:44
1448,13,0,77,0,0,5,2022-11-23 10:50:20,2024-10-05 20:09:22
3264,10,310,504,1,2,4.97,2022-10-01 19:19:06,2024-10-09 20:28:20
225,13,7,58,1,0,4.97,2023-07-16 19:19:17,2024-10-09 20:28:29
2052,13,0,17,0,0,5,2021-06-20 20:46:21,2024-10-08 20:30:05
2767,16,142,88,0,13,4.47,2018-01-17 15:13:23,2024-10-09 13:02:32
966,16,142,88,0,13,4.47,2018-01-17 15:13:23,2024-10-09 13:02:32
184,13,4,19,0,0,5,2023-01-09 21:27:47,2024-10-09 16:30:11
1910,13,53,761,1,3,4.97,2021-05-08 13:25:09,2024-10-09 16:26:26
2861,13,88,304,1,1,4.97,2022-07-31 21:13:16,2024-10-09 16:16:50
3066,7,48,54,1,0,4.91,2023-02-04 7:52:44,2024-10-08 3:36:22
3110,13,27,109,0,0,4.99,2021-05-03 9:02:00,2024-10-08 9:55:37
2456,10,1,93,0,17,4.34,2022-06-18 14:18:22,2024-10-08 6:05:12
3413,21,0,0,0,0,NULL,2023-07-12 13:47:45,2024-10-01 23:13:38
164,13,11,15,1,0,4.88,2023-11-17 13:05:57,2024-10-06 15:19:48
2990,13,4,49,0,1,4.92,2024-06-19 23:15:06,2024-10-06 6:52:04
1071,16,2,54,0,0,4.96,2018-11-23 18:08:16,2024-10-04 16:56:46
2850,16,5,102,2,3,4.81,2021-08-26 22:08:03,2024-10-04 12:18:40
2,13,56,114,0,0,4.98,2016-11-03 19:21:02,2024-10-04 12:59:56
1083,22,0,27,0,0,5,2023-09-15 18:22:53,2024-10-09 18:21:18
2738,13,7,41,0,0,4.98,2023-03-27 21:31:07,2024-10-09 18:57:43
3505,10,0,148,1,5,4.83,2021-10-25 15:24:57,2024-10-09 18:54:01
536,13,62,66,0,0,4.98,2022-10-27 11:26:03,2024-10-09 19:08:36
2749,13,17,19,0,0,5,2023-10-15 15:19:56,2024-10-09 12:35:05
1800,13,44,89,0,2,4.91,2021-07-06 13:00:23,2024-10-09 12:24:53
1561,16,111,347,2,3,4.95,2020-02-26 7:44:13,2024-10-09 12:53:47
1328,16,107,214,2,10,4.77,2019-04-14 8:33:34,2024-10-08 17:49:22
3573,13,9,32,0,0,5,2022-08-06 21:16:06,2024-10-09 16:53:36
424,10,29,148,0,4,4.89,2019-10-11 14:15:21,2024-10-09 16:44:00
3159,10,8,170,2,2,4.91,2020-05-02 18:23:45,2024-10-09 16:20:15
1110,10,7,415,3,6,4.91,2020-09-09 17:29:58,2024-10-09 16:45:21
680,16,31,75,0,10,4.48,2019-09-08 23:29:52,2024-10-07 21:19:57
875,13,3,67,1,0,4.96,2023-05-25 15:08:49,2024-10-05 22:34:08
760,16,8,33,0,0,4.97,2023-08-13 19:56:22,2024-10-08 16:11:13
943,19,26,71,0,0,5,2021-05-27 19:00:56,2024-10-08 9:31:30
2412,18,20,621,11,14,4.85,2022-02-21 12:16:50,2024-10-07 23:50:09
280,13,19,48,1,8,4.39,2022-05-16 8:25:43,2024-10-07 20:04:14
512,16,0,67,0,5,4.72,2022-04-06 19:04:09,2024-10-07 19:18:08
444,13,0,100,0,1,4.96,2022-05-02 13:59:35,2024-10-08 14:47:50
1610,13,48,130,0,10,4.7,2015-09-12 10:45:05,2024-10-08 14:44:15
639,13,0,82,0,0,5,2022-11-17 7:25:17,2024-10-07 11:14:56
2909,13,2,25,0,1,4.85,2023-09-03 13:13:50,2024-10-07 9:52:30
745,13,85,242,2,28,4.57,2022-01-16 15:10:23,2024-10-07 9:49:04
604,13,85,242,2,28,4.57,2022-01-16 15:10:23,2024-10-07 9:49:04
2422,15,0,11,0,1,4.67,2021-11-04 17:57:59,2024-10-02 12:01:04
3164,13,10,33,0,0,5,2023-03-11 0:52:15,2024-10-06 20:48:49
2354,13,0,7,0,0,5,2023-03-22 22:16:51,2024-10-01 4:45:24
2142,18,22,237,0,4,4.92,2022-09-21 12:17:11,2024-10-09 17:45:38
3266,13,4,141,0,0,5,2021-12-08 18:40:53,2024-10-09 12:57:18
1623,13,4,141,0,0,5,2021-12-08 18:40:53,2024-10-09 12:57:18
3115,13,27,34,0,4,4.58,2023-02-22 21:40:24,2024-10-09 16:41:00
3428,10,29,77,0,9,4.56,2021-02-09 16:03:19,2024-10-08 15:47:01
1440,13,6,66,0,2,4.9,2024-05-05 7:02:20,2024-10-08 9:26:03
2532,13,3,16,0,0,5,2024-05-01 21:24:07,2024-10-08 14:13:50
2703,13,23,25,0,0,5,2022-01-23 18:56:13,2024-10-06 11:38:04
1004,13,23,25,0,0,5,2022-01-23 18:56:13,2024-10-06 11:38:04
3362,13,1,8,0,0,5,2024-07-07 7:56:25,2024-10-06 12:07:31
1382,16,8,17,0,0,4.94,2022-10-09 10:51:34,2024-10-06 15:23:25
1734,16,0,648,7,75,4.56,2018-05-20 18:54:22,2024-10-06 12:53:29
267,16,17,182,4,14,4.62,2021-03-05 16:37:57,2024-10-09 12:50:58
1943,18,65,447,2,1,4.96,2022-02-05 4:51:01,2024-10-09 17:02:14
1322,18,65,447,2,1,4.96,2022-02-05 4:51:01,2024-10-09 17:02:14
3684,18,41,17,0,0,5,2023-04-07 1:07:12,2024-10-09 16:47:04
1415,16,1,1,0,0,5,2024-01-14 20:45:33,2024-10-09 10:59:07
3416,13,0,49,0,0,5,2022-11-07 1:02:09,2024-10-09 11:39:23
3474,13,103,103,0,1,4.96,2021-12-05 18:43:49,2024-10-08 18:51:52
247,13,103,103,0,1,4.96,2021-12-05 18:43:49,2024-10-08 18:51:52
2778,13,0,22,0,1,4.83,2023-08-30 20:44:33,2024-09-30 9:36:29
286,13,9,122,0,0,4.99,2021-10-02 18:49:00,2024-10-08 19:21:29
1604,10,29,56,0,2,4.86,2021-02-02 20:38:54,2024-10-08 19:18:03
3432,13,9,35,0,0,5,2022-10-18 19:03:53,2024-10-09 7:38:57
3224,13,25,111,0,1,4.96,2023-03-05 11:40:53,2024-10-09 7:42:01
3260,13,11,36,0,3,4.69,2023-04-05 11:09:36,2024-10-06 21:19:34
3135,16,129,256,2,16,4.74,2019-09-30 8:37:59,2024-10-07 11:30:35
2467,13,1,43,0,4,4.64,2023-04-23 14:05:08,2024-10-04 16:17:43
1616,13,21,69,0,0,5,2021-07-03 10:46:23,2024-10-09 16:19:19
3690,16,50,195,0,11,4.78,2013-07-09 8:05:43,2024-10-09 16:25:41
3053,16,50,195,0,11,4.78,2013-07-09 8:05:43,2024-10-09 16:25:41
3051,16,50,195,0,11,4.78,2013-07-09 8:05:43,2024-10-09 16:25:41
2177,16,50,195,0,11,4.78,2013-07-09 8:05:43,2024-10-09 16:25:41
952,16,50,195,0,11,4.78,2013-07-09 8:05:43,2024-10-09 16:25:41
715,16,50,195,0,11,4.78,2013-07-09 8:05:43,2024-10-09 16:25:41
650,16,50,195,0,11,4.78,2013-07-09 8:05:43,2024-10-09 16:25:41
2906,13,55,721,1,30,4.83,2021-09-08 6:23:30,2024-10-09 16:58:17
3654,13,9,19,0,0,5,2023-10-02 12:07:16,2024-10-09 12:06:53
2147,13,134,73,1,4,4.76,2021-09-14 14:42:14,2024-10-08 15:49:02
457,13,32,20,0,0,5,2021-09-11 9:04:26,2024-10-08 10:02:52
1773,10,1,148,1,2,4.93,2021-02-22 19:03:31,2024-10-08 10:41:19
2384,13,9,23,0,0,5,2022-02-20 11:44:37,2024-10-08 14:08:21
1635,13,9,23,0,0,5,2022-02-20 11:44:37,2024-10-08 14:08:21
1333,13,8,30,0,0,5,2023-08-11 14:05:39,2024-10-08 13:33:51
2517,16,85,646,0,3,4.98,2020-10-22 17:06:17,2024-10-07 18:19:55
3395,16,0,877,1,2,4.98,2022-01-14 23:05:26,2024-10-07 18:44:40
31,16,0,877,1,2,4.98,2022-01-14 23:05:26,2024-10-07 18:44:40
443,13,5,224,0,11,4.8,2022-11-16 15:22:08,2024-10-07 8:09:17
3230,18,1,79,0,5,4.71,2021-03-19 0:42:07,2024-10-07 7:26:01
382,10,2,4,0,0,5,2023-01-09 18:06:39,2024-09-11 7:44:52
1240,13,48,92,2,1,4.91,2023-03-03 18:40:06,2024-10-09 17:18:09
2350,13,25,55,0,3,4.79,2023-08-20 17:52:42,2024-10-08 17:39:22
358,16,8,289,0,1,4.96,2019-08-02 16:48:13,2024-10-09 10:41:28
273,13,426,62,0,8,4.53,2023-11-02 21:48:48,2024-10-09 10:35:13
3272,13,11,150,1,1,4.94,2016-02-25 14:11:37,2024-10-09 10:37:00
3647,13,31,155,0,0,4.99,2023-11-11 1:25:01,2024-10-09 17:06:50
3679,7,39,10,1,2,4.23,2020-09-21 16:20:36,2024-10-09 16:36:38
3149,7,123,18,0,0,4.89,2022-09-20 19:50:37,2024-10-09 11:31:45
2328,13,0,5,0,0,5,2024-09-04 20:06:36,2024-10-09 6:54:02
2365,13,6,36,0,0,5,2024-06-08 19:26:24,2024-10-09 13:59:10
3660,13,4,83,0,0,4.99,2024-02-19 9:03:53,2024-10-08 14:39:06
2214,13,47,248,0,0,5,2021-04-05 15:53:40,2024-10-08 7:50:59
1093,13,1,20,0,0,5,2022-10-11 21:34:16,2024-10-07 9:46:17
1534,15,10,179,3,9,4.75,2022-10-25 14:31:44,2024-10-10 6:38:03
2776,13,26,10,0,0,5,2024-01-12 21:03:35,2024-10-10 6:33:05
1611,16,0,0,0,0,NULL,2024-06-23 3:12:33,2024-10-08 23:20:44
1259,13,8,36,0,3,4.69,2023-03-26 21:20:29,2024-10-06 17:36:39
2251,13,128,329,0,14,4.84,2022-10-27 20:42:35,2024-10-09 12:53:27
2452,13,25,185,0,0,5,2021-10-02 9:12:55,2024-10-09 10:36:07
1505,13,0,213,0,21,4.63,2022-08-03 9:29:46,2024-10-09 16:15:22
572,13,97,218,0,1,4.98,2023-05-09 4:53:51,2024-10-09 16:45:58
3516,13,0,139,2,5,4.83,2022-08-24 11:53:10,2024-10-09 11:19:58
2728,13,7,3,0,0,5,2023-05-25 11:08:38,2024-10-07 22:23:45
1199,13,0,95,0,16,4.42,2022-02-15 23:22:32,2024-10-08 13:54:19
638,13,0,95,0,16,4.42,2022-02-15 23:22:32,2024-10-08 13:54:19
2295,13,4,108,1,2,4.9,2022-03-01 5:24:43,2024-10-08 14:01:38
603,21,25,68,0,1,4.94,2021-10-23 18:25:25,2024-10-03 20:05:10
2197,13,13,194,0,6,4.87,2023-10-27 23:00:23,2024-10-05 23:07:51
1704,13,43,158,0,1,4.97,2023-01-23 19:38:07,2024-10-05 18:07:04
2561,16,641,1917,9,26,4.92,2018-02-27 18:40:49,2024-10-09 17:54:08
2462,16,641,1917,9,26,4.92,2018-02-27 18:40:49,2024-10-09 17:54:08
430,16,2,13,0,1,4.79,2023-10-04 16:09:34,2024-10-09 17:54:41
331,10,87,67,1,4,4.75,2019-09-06 7:26:17,2024-10-09 18:26:49
936,15,77,113,0,1,4.97,2024-02-06 20:34:43,2024-10-10 8:20:10
1638,13,50,1166,1,4,4.98,2023-11-10 10:17:44,2024-10-10 9:01:31
2320,16,25,919,5,34,4.83,2022-08-28 7:30:39,2024-10-10 8:57:04
62,16,75,218,1,74,3.98,2017-10-09 7:31:49,2024-10-09 12:47:09
3191,10,4,3,0,1,4,2019-11-02 13:13:13,2024-10-08 17:34:56
514,16,15,326,1,0,4.99,2019-12-29 18:46:35,2024-10-08 14:06:54
2151,10,0,73,0,5,4.72,2024-08-24 7:39:51,2024-10-09 16:50:44
2627,13,0,156,0,2,4.94,2022-03-27 17:26:03,2024-10-08 8:23:25
1904,13,128,186,0,4,4.89,2022-04-29 9:20:20,2024-10-08 16:36:50
2546,15,45,64,0,6,4.64,2023-01-05 5:54:12,2024-10-07 17:36:20
410,13,25,604,4,9,4.93,2024-03-17 7:52:12,2024-10-07 10:50:08
992,13,0,122,0,0,5,2024-05-13 11:59:17,2024-10-07 20:17:02
1446,13,4,76,0,0,5,2021-02-17 14:40:16,2024-10-08 13:40:32
319,13,0,141,1,9,4.75,2024-05-07 14:28:45,2024-10-08 14:09:49
1637,13,34,345,0,1,4.99,2022-07-03 8:31:24,2024-10-08 14:07:39
1311,13,2,14,0,0,5,2022-05-16 1:20:38,2024-10-07 9:31:19
1649,15,29,115,0,0,5,2020-12-13 9:48:46,2024-10-07 9:33:46
3298,13,144,222,0,1,4.97,2024-03-17 16:13:51,2024-10-10 8:14:25
3517,16,1112,1719,27,23,4.89,2017-10-26 22:20:44,2024-10-10 9:06:50
974,16,1112,1719,27,23,4.89,2017-10-26 22:20:44,2024-10-10 9:06:50
1221,16,220,2600,25,45,4.89,2022-08-25 11:35:50,2024-10-10 8:40:46
899,16,51,7,0,0,5,2021-03-07 14:34:37,2024-10-10 8:50:19
1350,16,113,80,0,0,5,2024-06-20 6:19:57,2024-10-09 11:03:26
231,13,51,82,0,4,4.78,2024-03-17 17:24:42,2024-10-09 11:16:27
682,13,0,99,0,6,4.76,2024-06-30 12:24:48,2024-10-09 11:30:57
3222,13,12,95,0,1,4.95,2023-03-09 14:16:43,2024-10-09 5:56:21
711,13,5,37,0,0,4.97,2022-07-21 18:27:14,2024-10-07 22:46:53
2017,13,2,20,0,3,4.43,2023-10-04 14:56:52,2024-10-07 22:16:02
3379,16,6,21,0,9,3.77,2018-08-06 21:51:06,2024-10-08 16:58:35
2480,13,2,3,0,0,4.67,2023-12-01 19:17:12,2024-10-01 10:23:43
2940,18,6,29,0,3,4.63,2021-12-11 7:09:07,2024-09-30 5:16:15
2896,18,6,29,0,3,4.63,2021-12-11 7:09:07,2024-09-30 5:16:15
776,16,5,22,0,0,4.95,2019-04-08 6:56:42,2024-10-08 20:18:03
2372,13,75,335,1,7,4.9,2022-06-04 14:24:50,2024-10-09 16:27:03
520,18,19,3,0,0,5,2024-07-17 4:18:29,2024-10-09 11:46:08
640,7,43,12,0,8,3.35,2020-06-24 23:21:18,2024-10-09 11:54:02
2264,15,177,31,1,7,4.28,2023-05-21 4:18:09,2024-10-09 11:30:16
2817,13,14,58,0,1,4.93,2022-09-19 12:16:46,2024-10-08 18:45:45
3284,13,26,163,1,0,4.98,2021-11-27 19:10:21,2024-10-08 21:15:27
1553,13,26,163,1,0,4.98,2021-11-27 19:10:21,2024-10-08 21:15:27
2377,10,4,319,6,3,4.9,2020-05-18 20:44:34,2024-10-08 19:48:46
2298,13,51,157,0,3,4.93,2022-11-28 22:16:12,2024-10-08 16:12:22
1246,16,82,93,1,2,4.9,2017-04-18 23:35:18,2024-10-08 15:18:44
1577,13,445,349,0,13,4.86,2023-11-02 13:30:40,2024-10-08 15:52:34
664,16,27,175,0,3,4.92,2022-07-10 12:48:31,2024-10-08 9:57:30
826,2,29,120,0,6,4.8,2023-03-31 10:14:03,2024-10-08 15:12:21
51,18,150,99,1,3,4.84,2021-04-20 10:59:24,2024-10-06 16:22:34
3238,13,1,0,0,0,NULL,2024-09-07 20:15:31,2024-10-06 16:35:55
1292,13,33,137,0,0,5,2023-02-05 8:21:14,2024-10-05 14:13:42
1005,13,12,36,0,0,4.97,2022-09-25 16:21:25,2024-10-04 17:35:09
1136,13,3,561,1,23,4.84,2021-02-08 14:28:48,2024-10-09 19:01:15
1946,12,155,85,0,0,4.98,2024-06-09 18:43:43,2024-10-09 18:29:11
68,13,11,23,0,0,5,2023-05-23 13:23:05,2024-10-08 20:48:03
532,13,92,25,0,0,5,2024-05-10 19:14:16,2024-10-09 3:51:07
2895,13,24,366,0,2,4.98,2022-06-10 15:01:38,2024-10-09 16:54:17
2174,16,6,233,1,4,4.92,2021-12-11 7:56:01,2024-10-09 16:25:55
1909,16,6,233,1,4,4.92,2021-12-11 7:56:01,2024-10-09 16:25:55
1121,16,61,236,0,0,5,2018-10-19 11:44:04,2024-10-09 11:36:36
1754,13,8,40,0,0,5,2023-05-01 18:32:25,2024-10-09 6:20:54
3643,16,10,64,0,7,4.58,2022-01-04 12:30:10,2024-10-08 19:02:10
3607,16,10,64,0,7,4.58,2022-01-04 12:30:10,2024-10-08 19:02:10
2997,12,1,19,0,6,4.04,2023-04-05 12:48:10,2024-10-06 21:40:58
3668,16,0,24,1,1,4.65,2019-02-03 12:01:12,2024-10-08 9:09:57
1524,13,114,339,0,10,4.87,2023-02-21 9:38:38,2024-10-06 20:41:47
2605,16,35,168,1,1,4.95,2018-01-16 9:21:02,2024-10-06 19:39:27
2106,16,35,168,1,1,4.95,2018-01-16 9:21:02,2024-10-06 19:39:27
1755,18,19,122,1,0,4.97,2021-03-12 20:00:30,2024-10-06 11:23:30
2172,13,0,34,0,0,5,2023-07-27 16:31:46,2024-10-06 16:29:30
948,18,30,101,0,6,4.75,2021-10-03 17:07:19,2024-10-09 17:21:20
3130,13,2,74,0,1,4.95,2022-05-18 23:26:34,2024-10-09 17:38:49
851,13,0,178,0,1,4.98,2021-04-24 6:48:54,2024-10-08 21:04:58
3200,13,33,249,0,11,4.82,2021-04-12 17:29:13,2024-10-09 11:37:22
1622,16,0,29,0,1,4.87,2020-10-15 11:22:51,2024-10-08 16:56:08
395,18,40,373,1,4,4.95,2022-10-08 21:28:27,2024-10-08 16:55:37
2555,16,53,26,0,0,5,2020-07-04 12:41:01,2024-10-08 14:37:15
3251,13,73,37,0,1,4.87,2021-06-09 15:03:28,2024-10-05 21:38:22
1762,10,0,65,0,1,4.92,2019-10-18 16:59:29,2024-09-27 16:55:58
343,13,0,1,0,0,5,2024-03-05 16:03:45,2024-10-02 15:24:31
2006,13,156,395,0,1,4.99,2022-02-04 19:30:25,2024-10-09 20:44:01
1905,13,156,395,0,1,4.99,2022-02-04 19:30:25,2024-10-09 20:44:01
2791,13,6,167,2,4,4.86,2023-06-06 10:42:13,2024-10-09 20:13:59
1636,13,9,45,0,0,5,2023-11-03 21:26:56,2024-10-09 20:17:50
1504,13,605,924,3,4,4.97,2023-05-18 1:54:33,2024-10-09 20:20:28
1396,13,0,29,0,1,4.87,2022-03-11 16:25:52,2024-10-09 18:35:08
404,13,4,90,0,0,4.98,2022-11-21 19:34:58,2024-10-09 3:35:47
877,13,113,42,0,0,5,2024-05-26 4:30:45,2024-10-08 20:21:33
18,24,0,1,0,0,5,2024-01-30 7:07:07,2024-10-04 14:12:51
3055,13,0,14,0,1,4.73,2021-11-11 22:43:13,2024-10-08 9:55:45
2121,16,35,1118,9,19,4.9,2019-06-29 19:06:52,2024-10-08 8:14:07
117,21,35,136,0,5,4.86,2021-10-31 21:29:04,2024-10-08 11:04:30
2573,7,2,49,0,3,4.77,2024-02-14 8:04:55,2024-10-07 11:04:08
2391,13,3,63,1,7,4.56,2021-05-19 19:28:29,2024-10-03 5:49:37
3420,13,24,69,1,0,4.97,2021-12-29 12:36:33,2024-10-04 10:44:06
71,13,24,69,1,0,4.97,2021-12-29 12:36:33,2024-10-04 10:44:06
2927,13,6,205,0,6,4.88,2022-02-10 8:27:53,2024-10-04 12:21:50
2786,13,6,205,0,6,4.88,2022-02-10 8:27:53,2024-10-04 12:21:50
3311,13,3,14,0,0,4.93,2023-11-27 16:58:18,2024-09-30 17:46:58
1000,13,6,40,0,0,5,2020-09-22 13:07:58,2024-09-30 16:27:25
1660,13,18,36,0,0,5,2022-09-08 1:29:57,2024-09-30 16:20:01
3063,13,4,41,0,11,4.15,2021-11-28 14:40:13,2024-09-30 8:40:00
115,13,4,41,0,11,4.15,2021-11-28 14:40:13,2024-09-30 8:40:00
1031,13,38,54,0,0,5,2022-05-26 11:26:46,2024-10-09 12:12:49
2840,13,17,25,0,0,5,2023-02-13 18:40:46,2024-10-08 17:36:13
1935,13,33,354,0,11,4.88,2022-03-04 11:17:55,2024-10-08 18:06:50
3114,13,52,21,0,0,5,2024-06-24 9:40:49,2024-10-09 16:16:21
3177,13,36,133,0,0,5,2021-04-25 9:58:11,2024-10-09 6:37:13
1841,13,22,22,0,0,4.86,2023-09-07 21:45:12,2024-10-08 16:13:21
2813,13,1,5,0,0,5,2024-07-10 22:10:50,2024-10-08 9:17:18
3188,13,4,180,0,3,4.93,2021-04-05 14:07:11,2024-10-08 9:15:11
744,13,7,201,0,0,5,2018-04-16 16:24:23,2024-10-08 14:59:19
2479,18,9,62,0,1,4.86,2021-03-02 10:46:07,2024-10-08 13:18:58
202,16,0,27,0,0,5,2019-03-30 20:04:09,2024-10-07 19:03:20
3089,13,0,86,0,1,4.95,2022-05-21 22:23:38,2024-10-07 11:31:20
2188,7,7,76,0,0,5,2019-08-05 8:13:18,2024-10-09 12:11:02
758,13,97,88,0,6,4.73,2021-08-02 10:04:46,2024-10-08 17:34:01
2455,16,188,462,5,32,4.7,2017-09-23 18:39:41,2024-10-09 11:32:58
1897,13,0,26,0,1,4.81,2023-12-21 15:49:40,2024-10-09 16:51:42
1707,13,54,263,0,3,4.95,2023-08-04 19:31:10,2024-10-09 16:34:40
2884,18,18,309,3,2,4.95,2022-07-29 10:31:35,2024-10-09 11:40:10
2404,13,90,147,0,0,5,2023-07-30 13:36:23,2024-10-09 11:57:37
3489,16,43,941,2,6,4.95,2018-03-21 7:21:30,2024-10-09 11:24:56
684,16,43,941,2,6,4.95,2018-03-21 7:21:30,2024-10-09 11:24:56
3031,13,82,78,0,0,4.99,2021-06-22 12:07:03,2024-10-09 7:08:34
1629,13,20,49,0,1,4.94,2023-03-12 10:14:40,2024-10-08 11:52:20
980,13,0,4,0,0,5,2022-03-17 12:15:05,2024-10-08 10:28:03
3180,16,26,525,3,11,4.89,2016-11-13 10:39:21,2024-10-06 15:27:02
2244,13,3,112,0,1,4.96,2023-06-08 21:22:04,2024-10-06 6:54:56
825,13,0,352,0,18,4.8,2020-07-28 10:29:49,2024-10-06 1:07:23
293,13,7,17,0,0,5,2022-11-06 18:58:21,2024-10-09 12:22:41
194,16,45,301,1,11,4.84,2018-11-06 15:46:34,2024-10-09 11:22:00
986,13,18,44,0,0,5,2023-02-17 11:33:50,2024-10-09 11:26:34
3048,16,34,69,1,2,4.88,2013-12-08 13:12:46,2024-09-01 19:14:17
3006,16,34,69,1,2,4.88,2013-12-08 13:12:46,2024-09-01 19:14:17
1352,16,34,69,1,2,4.88,2013-12-08 13:12:46,2024-09-01 19:14:17
1091,16,34,69,1,2,4.88,2013-12-08 13:12:46,2024-09-01 19:14:17
485,16,34,69,1,2,4.88,2013-12-08 13:12:46,2024-09-01 19:14:17
3092,13,1,1707,1,11,4.97,2020-09-24 10:11:20,2024-10-08 19:43:16
2629,10,1,117,0,1,4.95,2019-10-12 14:24:11,2024-10-09 8:05:01
33,13,1,80,0,14,4.38,2021-09-10 11:24:58,2024-10-09 10:07:16
3348,13,283,963,2,29,4.87,2022-01-18 19:51:43,2024-10-09 9:21:16
2962,13,283,963,2,29,4.87,2022-01-18 19:51:43,2024-10-09 9:21:16
3671,16,13,71,0,5,4.72,2017-08-25 12:45:17,2024-10-08 17:10:51
1555,13,57,255,0,8,4.88,2022-05-04 10:30:34,2024-10-07 9:51:36
1218,13,0,15,0,0,5,2023-03-10 17:52:37,2024-10-06 19:42:50
1399,13,7,12,0,0,5,2023-02-06 20:13:29,2024-10-06 0:46:53
1037,18,53,99,1,1,4.95,2023-05-22 8:50:42,2024-10-09 16:54:14
1688,13,71,596,0,1,4.98,2018-06-22 17:24:00,2024-10-09 11:28:24
1211,13,67,56,0,5,4.67,2021-08-25 21:42:37,2024-10-09 6:42:02
630,13,3,79,1,2,4.88,2023-04-27 20:16:51,2024-10-09 9:33:00
3059,13,103,270,1,2,4.96,2022-10-24 8:22:50,2024-10-08 5:31:10
106,15,42,58,0,0,5,2020-01-12 18:30:06,2024-10-06 20:55:57
195,10,1,123,0,2,4.93,2020-12-14 10:24:02,2024-10-04 7:35:37
3378,16,2,111,0,42,3.89,2015-05-23 17:23:44,2024-10-07 10:47:41
2945,16,2,111,0,42,3.89,2015-05-23 17:23:44,2024-10-07 10:47:41
1044,16,2,111,0,42,3.89,2015-05-23 17:23:44,2024-10-07 10:47:41
3539,16,13,80,2,8,4.58,2018-03-04 13:37:12,2024-10-06 12:03:10
2669,16,13,80,2,8,4.58,2018-03-04 13:37:12,2024-10-06 12:03:10
3566,13,28,43,0,0,5,2021-10-31 15:19:00,2024-10-05 20:04:38
3598,13,40,197,1,5,4.89,2021-05-12 23:59:49,2024-10-08 20:30:03
1284,13,28,60,0,1,4.93,2023-11-21 17:20:45,2024-10-08 1:22:37
269,13,0,105,0,0,5,2023-09-14 16:14:09,2024-10-07 19:19:07
2382,13,54,128,0,8,4.75,2021-06-10 20:34:15,2024-10-07 19:25:18
3501,13,8,137,1,1,4.95,2023-06-04 21:14:14,2024-10-07 21:49:45
2970,16,0,167,0,6,4.86,2023-09-07 8:54:40,2024-10-07 8:17:40
1076,13,7,108,0,14,4.54,2022-05-08 9:51:52,2024-10-07 20:12:51
16,13,22,24,1,10,3.8,2022-07-25 15:25:29,2024-10-08 5:22:16
3090,13,7,104,0,4,4.85,2023-03-03 22:32:50,2024-10-07 18:21:47
2373,13,21,75,0,4,4.8,2021-11-15 22:28:19,2024-10-06 19:20:27
2338,13,21,75,0,4,4.8,2021-11-15 22:28:19,2024-10-06 19:20:27
3556,13,33,60,0,0,5,2021-06-18 16:37:48,2024-10-06 13:55:40
3506,13,2,11,0,1,4.67,2022-11-01 18:26:02,2024-10-06 10:07:08
1187,15,0,1,0,0,5,2024-02-10 12:41:31,2024-09-30 15:25:13
3081,13,18,44,0,0,5,2022-08-30 17:38:55,2024-10-08 21:05:51
2943,13,10,36,0,1,4.89,2023-03-05 9:27:43,2024-10-09 12:13:38
982,16,46,94,0,13,4.5,2017-04-26 11:01:49,2024-10-09 12:55:47
2793,16,52,33,1,0,4.94,2020-07-08 11:31:23,2024-10-09 16:16:05
1247,13,222,77,0,2,4.89,2021-04-30 14:35:01,2024-10-09 6:12:27
824,13,10,18,0,8,3.77,2022-10-04 17:30:54,2024-10-08 21:15:05
569,16,27,39,0,9,4.25,2019-03-02 10:05:58,2024-10-07 12:27:52
3346,13,6,85,0,4,4.82,2022-10-04 16:26:57,2024-10-08 8:17:38
2891,16,5,31,0,0,5,2022-01-10 23:42:54,2024-10-08 17:10:38
1355,16,5,31,0,0,5,2022-01-10 23:42:54,2024-10-08 17:10:38
3116,13,0,1,0,0,5,2024-01-18 16:38:24,2024-10-08 16:26:45
1185,13,92,104,3,2,4.86,2023-09-17 10:57:39,2024-10-07 18:02:28
171,13,2,5,0,0,5,2024-05-25 7:22:32,2024-10-07 17:30:51
1242,13,0,171,0,2,4.95,2023-08-13 19:33:06,2024-10-06 19:53:47
3254,10,687,177,5,2,4.87,2024-08-07 8:06:03,2024-10-10 7:49:08
2331,15,3,487,1,5,4.95,2020-11-17 18:45:20,2024-10-10 8:00:30
186,21,59,361,2,5,4.92,2022-09-16 22:10:53,2024-10-10 7:39:48
2150,24,17,560,1,0,4.99,2023-01-27 8:03:08,2024-10-10 7:49:20
3415,13,134,150,2,9,4.74,2014-03-24 11:09:43,2024-10-10 7:58:29
3087,13,17,130,0,6,4.82,2021-11-08 10:12:57,2024-10-08 21:10:28
1899,16,0,2,0,0,5,2019-05-11 22:09:07,2024-10-09 16:15:15
1573,21,0,38,1,0,4.95,2022-12-16 15:06:10,2024-10-09 16:56:49
1041,16,24,175,3,6,4.82,2018-11-26 21:20:26,2024-10-09 16:52:45
896,13,54,405,5,8,4.89,2022-11-07 16:31:17,2024-10-09 11:18:08
2204,18,72,131,0,3,4.88,2021-03-03 15:53:47,2024-10-08 19:54:42
2167,13,10,137,4,6,4.76,2023-04-11 17:55:51,2024-10-09 7:47:04
1112,13,0,100,0,0,5,2021-09-23 10:04:01,2024-10-08 9:02:25
1162,24,49,40,0,0,4.98,2023-03-20 5:32:20,2024-10-08 10:53:30
2507,13,6,79,0,2,4.88,2022-02-19 15:22:26,2024-10-08 16:40:10
806,13,6,79,0,2,4.88,2022-02-19 15:22:26,2024-10-08 16:40:10
2063,10,5,12,0,0,5,2023-12-02 22:19:19,2024-10-08 14:40:43
1796,13,0,122,0,1,4.97,2021-04-11 22:11:29,2024-10-07 20:25:00
2431,13,18,130,2,12,4.62,2021-02-02 23:10:14,2024-10-08 8:04:24
3427,16,25,13,0,0,5,2018-01-02 6:01:12,2024-10-07 18:58:28
1213,16,25,13,0,0,5,2018-01-02 6:01:12,2024-10-07 18:58:28
3250,16,24,288,2,14,4.79,2020-03-16 20:23:18,2024-10-08 12:33:52
1237,16,233,460,4,2,4.95,2019-11-13 1:16:22,2024-10-08 20:45:52
1201,13,14,53,0,2,4.87,2023-04-08 9:39:24,2024-10-08 18:01:55
880,13,3,1,0,0,5,2024-08-16 14:42:29,2024-10-09 10:50:10
2823,10,15,148,0,10,4.71,2020-05-16 7:06:50,2024-10-09 10:32:15
2293,13,10,129,0,4,4.87,2023-02-11 10:53:03,2024-10-09 16:52:33
151,13,68,736,0,5,4.96,2021-04-20 12:22:03,2024-10-09 11:51:01
2280,16,145,403,1,15,4.83,2019-02-05 22:04:04,2024-10-09 11:36:03
1208,13,20,142,0,0,5,2022-10-11 8:47:18,2024-10-08 18:34:00
3171,13,39,9,0,0,5,2021-11-05 13:38:27,2024-10-08 22:04:49
2303,18,11,45,0,1,4.87,2021-02-28 10:28:12,2024-10-06 13:45:09
3234,13,16,357,2,6,4.92,2022-05-27 8:18:16,2024-10-08 14:45:13
1411,16,9,295,0,31,4.59,2018-04-14 13:28:03,2024-10-06 17:27:47
2544,13,35,92,0,3,4.87,2023-02-20 11:56:47,2024-10-07 14:16:56
2160,13,4,57,0,4,4.74,2021-07-25 17:10:29,2024-10-06 10:23:06
1348,16,63,214,6,5,4.84,2018-11-27 14:49:32,2024-10-10 8:13:34
538,1,111,131,4,1,4.9,2024-03-17 9:38:05,2024-10-10 8:24:13
2531,13,2,33,0,1,4.88,2022-12-08 20:42:19,2024-10-10 7:09:05
2543,16,10,220,2,10,4.78,2019-11-24 18:42:32,2024-10-10 6:30:03
2849,10,111,229,4,13,4.73,2022-04-24 11:15:01,2024-10-10 6:50:41
1988,15,20,538,0,3,4.98,2020-10-25 11:35:05,2024-10-10 7:07:17
692,16,15,62,0,7,4.59,2022-04-10 13:11:36,2024-10-10 7:07:58
3314,18,33,377,2,2,4.95,2021-10-29 13:09:35,2024-10-09 20:01:23
470,10,1,82,0,1,4.89,2020-06-24 11:22:04,2024-10-09 12:28:43
469,13,10,233,0,2,4.96,2022-06-21 17:25:46,2024-10-08 15:11:56
4,13,0,6,0,1,4.57,2024-01-17 1:38:32,2024-09-30 16:52:20
3627,15,41,145,0,0,5,2016-05-27 12:43:29,2024-10-06 17:14:42
3060,7,221,263,6,9,4.79,2019-05-06 20:02:01,2024-10-06 18:09:34
1774,13,186,206,3,54,4.16,2022-04-14 7:26:43,2024-10-06 17:16:45
1535,24,0,415,2,2,4.97,2022-12-10 11:11:29,2024-10-06 11:51:46
1846,13,0,73,0,0,5,2024-07-03 17:56:07,2024-10-06 12:17:17
2542,18,0,0,0,0,0,2024-05-16 12:17:01,2024-10-04 15:13:19
1920,18,12,97,0,0,4.98,2021-03-27 8:50:18,2024-10-03 5:57:23
3588,13,0,20,0,2,4.64,2022-07-13 19:10:03,2024-09-30 11:56:45
2882,13,0,435,1,34,4.7,2023-06-01 12:26:03,2024-10-09 12:30:23
219,13,78,193,1,1,4.95,2022-09-17 20:41:13,2024-10-09 9:47:18
3094,13,0,19,0,0,5,2022-10-11 15:28:07,2024-10-08 15:18:43
519,13,47,92,0,7,4.72,2023-04-27 6:14:39,2024-10-08 17:05:28
755,13,4,34,0,1,4.89,2023-07-15 19:52:57,2024-10-06 21:25:38
448,13,0,38,0,1,4.9,2023-11-30 12:17:12,2024-10-05 18:21:23
1648,16,155,869,6,6,4.93,2017-12-19 16:19:24,2024-10-10 8:30:47
1194,16,155,869,6,6,4.93,2017-12-19 16:19:24,2024-10-10 8:30:47
2866,24,1,491,0,2,4.99,2022-12-27 17:28:56,2024-10-10 9:10:04
3073,13,264,4092,16,177,4.82,2021-02-06 11:11:30,2024-10-10 8:44:12
1717,16,865,2444,9,36,4.92,2020-10-27 9:37:03,2024-10-10 8:28:40
1057,13,11,495,1,21,4.81,2022-04-05 13:19:08,2024-10-09 20:14:03
794,13,0,229,1,18,4.7,2024-05-07 21:43:01,2024-10-09 21:38:50
142,18,0,0,0,0,NULL,2024-09-25 15:01:37,2024-10-09 21:35:10
2407,13,57,110,0,1,4.96,2023-02-23 23:28:09,2024-10-09 21:48:28
2707,15,38,29,0,1,4.87,2022-08-02 20:24:13,2024-10-08 20:27:40
1462,13,13,303,1,9,4.86,2022-02-21 21:43:30,2024-10-09 12:45:45
1476,13,35,18,0,2,4.6,2023-01-14 14:02:26,2024-10-09 12:29:51
2109,16,603,779,7,27,4.84,2017-02-02 20:17:08,2024-10-08 18:34:53
1726,16,603,779,7,27,4.84,2017-02-02 20:17:08,2024-10-08 18:34:53
1892,13,0,149,0,6,4.84,2024-07-11 15:14:47,2024-10-04 15:43:26
2954,18,0,1,0,0,5,2023-03-18 20:05:29,2024-10-08 19:14:40
2904,13,6,52,0,0,5,2021-09-27 21:34:59,2024-10-08 19:22:37
2432,13,6,52,0,0,5,2021-09-27 21:34:59,2024-10-08 19:22:37
924,18,32,180,4,7,4.79,2021-10-25 19:55:58,2024-10-09 6:00:19
1149,13,21,34,0,0,4.97,2024-06-23 12:53:36,2024-10-09 7:27:57
1052,19,0,544,4,3,4.96,2019-08-28 17:41:40,2024-10-08 15:16:56
3280,16,0,10,0,0,5,2020-08-07 11:02:16,2024-10-08 10:51:26
3507,16,13,73,0,0,4.99,2016-07-26 17:20:18,2024-10-07 7:51:38
1032,13,4,5,0,1,4.33,2024-08-22 12:31:42,2024-09-30 12:45:55
3219,13,2,29,0,0,5,2023-01-28 11:02:31,2024-10-06 23:40:13
1068,22,2,30,0,1,4.87,2022-09-09 7:54:52,2024-10-09 13:01:33
997,16,106,65,2,7,4.59,2020-10-04 9:18:45,2024-10-09 12:36:29
66,13,19,167,1,0,4.96,2022-09-05 12:58:39,2024-10-09 13:00:10
2582,13,17,378,0,2,4.97,2022-04-27 14:22:52,2024-10-09 11:13:14
626,16,12,223,1,0,4.98,2019-03-03 16:48:52,2024-10-09 10:32:07
2766,13,30,250,0,9,4.86,2021-08-04 17:37:13,2024-10-09 10:32:47
3633,16,102,206,1,42,4.29,2013-07-10 17:42:44,2024-10-09 4:47:30
3241,16,102,206,1,42,4.29,2013-07-10 17:42:44,2024-10-09 4:47:30
3000,16,102,206,1,42,4.29,2013-07-10 17:42:44,2024-10-09 4:47:30
2395,16,102,206,1,42,4.29,2013-07-10 17:42:44,2024-10-09 4:47:30
2128,16,102,206,1,42,4.29,2013-07-10 17:42:44,2024-10-09 4:47:30
1759,16,102,206,1,42,4.29,2013-07-10 17:42:44,2024-10-09 4:47:30
1470,16,102,206,1,42,4.29,2013-07-10 17:42:44,2024-10-09 4:47:30
3080,13,1,40,0,1,4.88,2023-03-21 6:51:04,2024-10-08 18:14:00
2851,16,1,764,2,21,4.88,2017-10-30 15:26:31,2024-10-09 9:10:59
1828,16,1,764,2,21,4.88,2017-10-30 15:26:31,2024-10-09 9:10:59
1421,13,10,20,0,0,5,2023-11-28 11:13:30,2024-10-07 18:01:47
891,13,2,646,5,14,4.89,2022-09-17 14:05:14,2024-10-08 13:46:59
128,16,68,200,0,2,4.94,2021-04-20 8:27:07,2024-10-02 20:56:46
597,10,0,46,0,1,4.89,2022-11-17 13:18:29,2024-10-06 6:24:25
3145,3,10,472,1,8,4.92,2012-10-10 16:22:05,2024-10-09 16:36:15
1742,3,10,472,1,8,4.92,2012-10-10 16:22:05,2024-10-09 16:36:15
743,10,21,108,0,0,4.96,2020-10-16 16:42:13,2024-10-09 17:00:12
1799,13,0,271,0,3,4.94,2022-07-04 19:07:30,2024-10-09 16:59:12
1719,13,70,352,0,9,4.9,2022-12-28 15:41:58,2024-10-09 14:59:00
3106,13,115,436,1,4,4.96,2022-05-27 10:53:53,2024-10-09 16:42:43
2400,13,3,68,0,0,5,2021-08-31 0:25:19,2024-10-07 6:54:54
2242,13,14,97,0,0,4.98,2023-01-17 17:48:54,2024-10-08 19:50:51
1276,16,164,102,1,0,4.95,2023-01-09 22:45:12,2024-10-08 10:00:56
2908,19,6,1681,3,11,4.96,2021-11-25 18:33:15,2024-10-08 10:31:03
423,19,6,1681,3,11,4.96,2021-11-25 18:33:15,2024-10-08 10:31:03
2797,18,4,7,0,0,5,2024-07-14 8:13:51,2024-10-07 17:21:51
2754,13,65,48,1,18,3.91,2023-01-12 18:00:42,2024-10-07 9:27:23
3451,13,3,43,0,1,4.91,2022-01-19 16:45:51,2024-10-02 14:29:30
2230,13,14,56,0,3,4.8,2021-08-25 19:31:49,2024-10-09 19:07:24
3636,13,184,339,3,7,4.9,2021-05-16 16:07:18,2024-10-09 18:43:31
3694,16,0,331,0,8,4.9,2021-05-26 12:12:41,2024-10-08 20:23:35
2343,13,16,111,0,1,4.96,2022-04-03 20:22:04,2024-10-09 10:16:34
2498,18,12,174,0,2,4.95,2022-01-31 21:00:56,2024-10-09 10:59:39
2203,18,12,174,0,2,4.95,2022-01-31 21:00:56,2024-10-09 10:59:39
43,16,1,305,1,13,4.81,2022-07-25 17:29:41,2024-10-09 16:28:42
2180,7,6,106,0,3,4.9,2021-09-06 17:18:43,2024-10-09 7:07:11
2558,10,0,54,0,2,4.86,2021-04-13 20:32:38,2024-10-08 15:27:13
3285,10,58,51,3,1,4.75,2023-10-24 19:55:39,2024-10-07 19:52:58
2337,16,40,98,0,1,4.95,2021-07-28 14:05:01,2024-10-08 11:07:34
301,16,1,37,1,0,4.87,2020-08-31 19:50:27,2024-10-07 18:05:28
631,13,13,74,0,1,4.95,2023-09-11 10:50:21,2024-10-08 7:12:37
2777,13,0,66,0,6,4.67,2021-12-15 11:36:54,2024-10-05 18:21:58
1281,13,0,66,0,6,4.67,2021-12-15 11:36:54,2024-10-05 18:21:58
613,13,0,1,0,0,5,2024-06-13 9:34:18,2024-10-05 19:49:23
441,13,0,40,0,0,5,2024-05-14 10:43:18,2024-10-09 20:54:24
2743,16,0,32,0,4,4.56,2018-10-19 16:06:33,2024-10-06 20:13:26
203,13,35,651,1,4,4.97,2023-10-03 20:22:58,2024-10-09 17:44:23
2332,3,61,294,1,12,4.83,2019-05-01 12:17:48,2024-10-09 18:38:24
1226,3,61,294,1,12,4.83,2019-05-01 12:17:48,2024-10-09 18:38:24
1914,7,6,49,0,0,5,2023-02-07 15:59:30,2024-10-09 18:38:02
459,16,0,903,4,13,4.92,2019-01-27 20:53:54,2024-10-09 18:38:47
2949,13,0,56,0,0,5,2021-12-02 13:57:37,2024-10-08 20:17:53
1490,13,0,56,0,0,5,2021-12-02 13:57:37,2024-10-08 20:17:53
1578,13,0,208,0,10,4.81,2021-07-25 23:28:26,2024-10-09 10:56:22
2880,13,47,233,1,37,4.44,2023-03-08 8:43:01,2024-10-09 11:57:44
2862,13,0,61,0,7,4.54,2023-11-03 12:44:58,2024-10-08 18:21:52
611,15,14,4,0,0,5,2020-06-07 10:58:26,2024-10-08 9:56:15
1854,13,8,29,0,0,5,2023-04-23 8:50:50,2024-10-08 9:29:02
844,13,8,10,1,6,3.41,2023-02-26 15:03:40,2024-10-08 10:54:25
976,13,93,72,1,3,4.82,2021-07-14 21:22:49,2024-10-06 13:06:03
1522,13,6,100,0,7,4.74,2022-02-02 15:28:16,2024-10-04 18:26:56
1140,13,6,100,0,7,4.74,2022-02-02 15:28:16,2024-10-04 18:26:56
2525,18,0,439,3,4,4.94,2022-02-06 21:23:25,2024-10-04 1:10:53
1366,18,0,439,3,4,4.94,2022-02-06 21:23:25,2024-10-04 1:10:53
3044,13,3,230,0,0,5,2023-05-04 7:07:53,2024-10-08 20:49:58
2601,13,29,259,1,0,4.97,2023-01-04 13:45:38,2024-10-09 12:58:23
2296,13,8,42,0,0,5,2021-04-10 11:22:59,2024-10-09 7:02:10
1431,13,19,89,0,0,4.99,2021-12-02 19:37:55,2024-10-08 18:32:07
1051,13,19,89,0,0,4.99,2021-12-02 19:37:55,2024-10-08 18:32:07
3184,16,1,7,0,0,5,2023-09-02 11:45:07,2024-07-02 11:11:48
3581,13,7,44,0,0,4.98,2023-05-06 15:38:45,2024-10-06 16:27:44
1327,13,30,119,0,0,5,2022-12-07 14:31:18,2024-10-04 15:36:28
2922,2,77,12,0,0,5,2019-03-09 14:21:07,2022-06-21 17:22:04
9,2,77,12,0,0,5,2019-03-09 14:21:07,2022-06-21 17:22:04
3160,2,0,0,0,0,NULL,2019-03-10 19:54:28,2022-05-13 6:00:13
3039,2,0,0,0,0,NULL,2019-03-10 19:54:28,2022-05-13 6:00:13
2288,13,0,517,1,4,4.96,2022-08-10 16:20:51,2024-08-06 16:17:53
2186,16,0,14,0,0,5,2021-08-29 18:02:00,2024-08-13 6:07:02
3460,10,7,135,0,0,4.99,2020-01-21 10:25:05,2024-10-01 17:55:50
3011,16,0,13,0,1,4.79,2024-06-02 10:05:43,2024-10-02 15:27:11
1544,16,1,36,2,8,4.22,2023-02-24 18:00:45,2024-10-05 12:24:13
1413,13,23,200,0,27,4.52,2021-09-30 10:43:57,2024-10-07 10:34:12
625,13,0,135,0,21,4.46,2023-11-19 18:21:45,2024-09-05 17:41:32
2876,13,0,0,0,0,NULL,2024-09-05 20:02:25,2024-09-18 11:09:15
1503,13,15,41,0,0,5,2024-01-04 20:50:04,2024-10-01 19:06:11
2510,16,2,36,0,0,4.97,2021-02-09 18:53:32,2024-10-01 21:33:00
2702,13,0,25,0,4,4.41,2023-09-12 21:11:39,2024-10-07 8:22:22
2976,13,16,10,0,0,5,2024-05-24 19:42:48,2024-10-08 14:35:26
1190,13,13,59,0,7,4.58,2021-05-11 16:03:42,2024-10-07 17:54:48
3211,13,1,14,0,0,5,2023-05-29 20:33:04,2024-10-07 21:25:42
2557,13,54,74,0,3,4.84,2022-02-19 23:17:09,2024-10-07 18:48:23
2248,13,54,74,0,3,4.84,2022-02-19 23:17:09,2024-10-07 18:48:23
574,21,1,21,0,0,4.95,2023-10-03 8:47:08,2024-10-07 18:51:52
1215,13,22,75,0,5,4.74,2018-04-15 14:43:00,2024-10-09 12:23:10
2941,13,1,17,0,0,4.94,2024-06-19 0:44:08,2024-10-04 11:02:23
3182,13,17,145,1,3,4.89,2021-12-21 20:13:57,2024-10-04 11:45:38
2380,13,17,145,1,3,4.89,2021-12-21 20:13:57,2024-10-04 11:45:38
1756,13,16,40,0,0,5,2022-01-20 22:53:56,2024-09-30 22:37:50
1417,13,16,40,0,0,5,2022-01-20 22:53:56,2024-09-30 22:37:50
665,13,0,1,0,0,5,2023-04-01 9:29:03,2024-09-30 12:10:09
3409,18,91,88,0,9,4.63,2021-08-13 14:06:53,2024-09-30 13:28:15
947,18,91,88,0,9,4.63,2021-08-13 14:06:53,2024-09-30 13:28:15
2537,2,24,51,1,1,4.89,2021-12-27 14:27:11,2024-09-20 6:08:05
2130,2,24,51,1,1,4.89,2021-12-27 14:27:11,2024-09-20 6:08:05
687,13,0,0,0,0,NULL,2024-08-18 15:25:32,2024-09-19 18:21:12
3658,10,5,4,0,0,5,2020-12-28 15:31:28,2024-08-12 19:40:37
1821,18,13,46,0,1,4.91,2022-11-08 20:58:52,2024-10-10 5:59:11
417,16,9,13,0,1,4.71,2024-03-16 14:38:56,2024-10-09 12:45:37
940,13,18,85,0,7,4.67,2021-08-12 14:06:55,2024-10-09 12:41:57
3493,18,0,0,0,0,0,2021-08-04 19:52:26,2024-10-09 16:38:16
1917,16,14,48,0,0,4.98,2021-02-11 18:15:58,2024-10-09 16:43:16
1442,13,27,400,0,4,4.96,2022-04-05 16:35:54,2024-10-09 16:50:22
594,10,58,322,4,8,4.82,2020-06-14 10:38:38,2024-10-09 16:47:16
3369,18,25,57,1,4,4.65,2021-11-25 15:48:47,2024-10-05 9:15:43
1189,18,25,57,1,4,4.65,2021-11-25 15:48:47,2024-10-05 9:15:43
2679,16,0,51,0,0,5,2021-08-02 19:52:19,2024-10-05 17:19:18
2652,13,0,101,0,0,5,2021-07-22 22:40:46,2024-10-04 14:51:43
1454,13,6,27,0,3,4.6,2022-01-03 11:25:09,2024-10-04 6:11:46
52,13,6,27,0,3,4.6,2022-01-03 11:25:09,2024-10-04 6:11:46
3492,13,0,5,1,0,4.67,2023-04-12 11:37:35,2024-10-03 11:28:35
2631,16,0,19,0,0,5,2023-07-31 16:12:00,2024-10-03 13:48:16
3057,16,66,39,0,0,4.97,2018-01-15 18:02:38,2024-10-03 14:28:47
918,16,66,39,0,0,4.97,2018-01-15 18:02:38,2024-10-03 14:28:47
121,16,57,435,1,8,4.9,2019-02-28 16:16:47,2024-10-09 16:28:20
1584,13,2,66,0,1,4.94,2022-10-31 19:27:48,2024-10-08 0:10:33
415,18,11,53,0,1,4.91,2021-05-07 10:37:56,2024-10-07 9:44:05
673,13,2,158,0,0,4.99,2022-01-30 14:11:40,2024-10-06 19:31:04
295,13,2,158,0,0,4.99,2022-01-30 14:11:40,2024-10-06 19:31:04
1129,16,2,226,3,8,4.83,2019-05-08 14:33:49,2024-10-05 17:33:09
2773,13,3,10,0,0,5,2023-10-05 18:47:09,2024-10-04 19:05:32
3310,13,38,90,0,1,4.97,2022-06-01 21:36:32,2024-10-04 16:04:43
1590,10,5,70,0,2,4.92,2020-10-03 11:51:18,2024-10-04 11:13:24
2500,16,88,249,2,12,4.79,2020-09-22 20:11:49,2024-10-04 6:54:15
2833,13,3,29,0,0,4.97,2023-07-03 21:37:00,2024-10-04 13:11:00
357,10,4,11,0,1,4.67,2022-03-12 17:28:24,2024-10-04 14:30:59
3606,13,50,53,0,1,4.91,2022-01-15 13:59:58,2024-10-04 13:55:13
1464,13,50,53,0,1,4.91,2022-01-15 13:59:58,2024-10-04 13:55:13
2442,13,86,79,0,0,5,2021-02-19 11:09:10,2024-10-09 11:45:03
1150,16,0,111,1,26,4.22,2019-08-19 12:54:53,2024-10-09 11:29:53
2783,13,0,799,4,12,4.93,2023-12-19 14:13:45,2024-10-09 11:46:25
2005,15,24,349,2,3,4.95,2023-09-02 10:25:19,2024-10-09 11:40:01
1282,13,32,483,1,15,4.87,2020-08-02 16:17:29,2024-10-09 5:57:29
1567,16,0,28,2,9,3.97,2020-03-29 19:44:21,2024-10-07 19:31:31
2056,13,44,201,0,1,4.98,2022-10-26 13:14:35,2024-10-07 19:14:12
2592,13,16,176,0,1,4.98,2022-08-16 13:41:58,2024-10-08 9:39:46
2437,13,0,0,0,0,0,2024-07-27 15:24:21,2024-09-29 18:18:37
3534,13,112,12,0,0,5,2023-08-01 13:24:01,2024-10-08 17:03:06
1010,16,21,36,1,0,4.95,2023-05-05 15:48:46,2024-10-08 17:03:33
2213,13,62,108,0,3,4.87,2023-06-16 13:50:22,2024-10-08 17:08:52
2637,10,371,540,12,59,4.54,2020-05-22 13:50:19,2024-10-09 12:18:09
971,13,13,45,0,3,4.77,2023-01-31 9:53:57,2024-10-09 12:57:46
1455,13,0,429,1,2,4.97,2024-04-10 4:09:59,2024-10-08 17:14:34
1375,13,44,144,0,1,4.97,2024-01-01 3:07:04,2024-10-09 11:25:55
2039,10,52,39,0,0,5,2024-03-08 10:22:11,2024-10-09 11:57:00
3172,13,1,70,0,0,5,2023-05-06 16:28:31,2024-10-08 19:31:17
863,13,4,51,0,0,5,2022-11-17 0:38:02,2024-10-04 9:29:53
2951,13,12,93,0,1,4.95,2023-10-08 16:48:50,2024-10-08 9:36:11
2572,13,58,51,0,1,4.92,2023-09-14 8:07:00,2024-10-08 10:46:46
2138,16,0,26,0,0,5,2024-07-14 9:51:28,2024-10-07 11:23:37
1700,12,0,0,0,0,NULL,2024-08-31 13:20:37,2024-08-31 13:26:00
3021,16,0,31,0,1,4.88,2023-12-30 10:37:32,2024-10-06 11:09:38
2459,13,17,332,1,3,4.96,2021-10-13 13:30:29,2024-10-06 15:23:31
92,13,17,332,1,3,4.96,2021-10-13 13:30:29,2024-10-06 15:23:31
84,10,4,10,0,0,4.9,2024-05-17 11:17:08,2024-10-08 20:19:14
3651,16,20,880,1,0,4.99,2021-02-25 20:05:24,2024-10-09 12:23:44
2241,13,23,31,0,4,4.54,2024-04-22 18:39:07,2024-10-07 17:26:36
1024,16,16,117,0,1,4.96,2023-04-07 22:51:23,2024-10-08 17:52:23
726,16,25,81,0,4,4.76,2023-11-29 18:02:36,2024-10-09 10:41:11
589,13,1,30,0,0,5,2023-03-13 18:55:46,2024-10-09 11:30:43
1017,18,20,24,0,0,4.96,2022-05-20 5:38:57,2024-10-08 15:41:20
333,18,3,208,0,3,4.93,2021-01-04 17:15:27,2024-10-08 16:48:05
1945,2,0,124,0,1,4.97,2023-08-12 8:45:14,2024-10-07 6:23:22
1320,16,3,42,0,0,4.98,2019-10-28 15:39:31,2024-10-07 14:29:44
80,13,0,18,0,2,4.6,2021-05-05 21:04:19,2024-10-06 10:45:18
1594,13,28,30,0,1,4.87,2022-07-07 22:09:52,2024-10-08 20:59:22
3337,13,151,86,0,3,4.87,2024-07-05 13:58:01,2024-10-09 12:37:44
387,13,11,116,1,11,4.64,2021-01-13 10:08:26,2024-10-09 11:57:31
3455,16,2,173,0,1,4.97,2020-07-05 15:30:38,2024-10-09 6:37:22
1576,15,1,34,0,0,4.97,2024-05-31 14:30:21,2024-10-09 6:21:02
307,16,7,78,0,8,4.63,2021-01-02 21:12:36,2024-10-09 4:41:02
3444,16,37,578,6,4,4.94,2020-05-10 14:32:18,2024-10-08 19:39:53
2266,24,15,5,0,0,5,2024-03-02 9:35:29,2024-10-07 19:16:58
2077,10,2,22,0,2,4.67,2022-06-08 13:18:19,2024-10-08 10:46:50
1790,2,13,10,0,0,5,2022-09-18 7:57:13,2024-10-08 16:14:25
3069,24,0,21,0,0,5,2022-10-03 2:25:19,2024-10-08 14:45:12
3490,10,2,3,0,0,5,2024-08-01 19:42:59,2024-10-07 9:57:25
2386,13,11,39,0,1,4.9,2023-04-24 8:48:50,2024-10-05 20:36:36
364,13,1,44,0,1,4.91,2022-11-30 12:06:53,2024-10-07 6:53:17
3597,16,12,534,4,12,4.87,2017-05-29 4:53:06,2024-10-06 16:22:23
558,10,2,2,0,0,5,2021-01-21 11:38:49,2024-10-04 21:33:02
3615,13,2,56,0,1,4.95,2023-09-21 23:17:07,2024-10-04 21:51:21
3119,16,0,7,0,0,5,2019-04-01 20:40:30,2024-08-26 8:29:34
1521,16,10,21,2,0,4.83,2024-03-15 17:28:12,2024-10-02 19:21:37
2164,13,7,9,0,0,5,2022-05-17 18:43:46,2024-09-29 22:24:38
65,13,0,16,0,0,5,2023-09-16 18:10:36,2024-09-02 21:55:05
555,15,0,6,0,0,4.83,2022-06-22 20:10:49,2024-09-22 8:12:00
2525,2,0,0,0,0,NULL,2020-06-12 22:51:14,2022-05-04 11:03:03
1366,2,0,0,0,0,NULL,2020-06-12 22:51:14,2022-05-04 11:03:03
3348,2,6,7,0,0,5,2019-11-12 12:53:30,2022-04-30 2:09:14
2962,2,6,7,0,0,5,2019-11-12 12:53:30,2022-04-30 2:09:14
3271,13,2,0,0,0,NULL,2024-07-10 15:18:45,2024-07-10 17:57:48
1656,10,5,27,0,0,4.96,2021-01-26 8:40:00,2024-09-02 6:51:41
738,13,0,8,0,0,5,2022-08-29 15:31:24,2024-08-01 11:32:26
366,10,34,171,2,72,3.79,2020-11-30 19:03:14,2024-09-26 21:32:06
313,13,2,5,0,0,5,2023-04-16 23:24:43,2024-10-01 20:25:27
3023,13,0,66,0,0,5,2023-07-05 9:43:31,2024-10-05 13:18:40
1377,13,13,36,0,4,4.6,2023-01-12 22:48:29,2024-10-07 13:29:32
201,16,29,143,0,7,4.78,2018-12-26 18:38:46,2024-10-06 10:29:06
1101,13,89,126,1,6,4.77,2021-06-06 16:54:36,2024-10-06 15:17:19
709,18,20,69,0,2,4.87,2023-06-18 20:34:16,2024-10-05 21:15:56
2553,13,0,4,0,2,3.67,2023-11-01 14:08:40,2024-10-06 8:07:31
2844,13,0,18,0,0,5,2024-07-10 8:28:56,2024-10-04 19:16:04
3528,10,12,7,0,1,4.5,2020-06-28 13:35:29,2024-10-04 10:38:29
497,13,0,3,0,0,5,2024-07-22 17:24:31,2024-10-04 12:18:47
39,18,0,18,0,0,5,2022-05-12 13:02:39,2024-10-04 12:00:31
1640,13,24,206,0,1,4.98,2021-05-25 15:43:35,2024-10-01 19:58:55
1139,13,0,169,0,3,4.91,2023-01-29 12:32:09,2024-09-30 22:24:36
2409,16,1,42,1,11,4.09,2021-12-15 16:35:39,2024-10-01 11:16:41
560,16,1,42,1,11,4.09,2021-12-15 16:35:39,2024-10-01 11:16:41
192,16,9,21,0,4,4.28,2021-03-11 20:36:18,2024-09-29 20:01:28
1422,13,0,0,0,0,NULL,2024-07-09 13:55:11,2024-08-19 12:16:20
2072,13,8,76,0,14,4.37,2021-01-21 14:49:36,2024-09-12 8:34:03
1079,13,10,7,0,0,5,2024-01-30 9:17:58,2024-08-11 11:26:54
2983,21,31,57,0,0,4.95,2022-11-11 14:51:33,2024-09-23 21:05:28
2936,13,79,149,0,2,4.93,2021-02-14 8:52:12,2024-10-07 14:44:04
2725,10,161,148,2,7,4.79,2019-08-01 13:42:59,2024-10-07 14:32:31
1639,13,9,17,0,0,5,2022-05-08 13:33:02,2024-10-07 16:28:00
2411,13,6,2,0,1,3.67,2024-08-22 13:32:40,2024-10-05 8:26:04
89,18,7,84,0,1,4.94,2023-01-25 20:33:22,2024-10-08 13:42:14
920,13,7,23,0,0,5,2023-09-16 19:24:12,2024-10-08 14:17:08
435,13,12,11,0,0,4.91,2023-05-28 21:24:17,2024-10-08 14:46:04
1384,16,36,361,5,5,4.9,2017-08-13 14:31:25,2024-10-09 6:31:57
1907,16,0,81,0,3,4.83,2023-03-30 8:52:30,2024-10-09 11:58:03
439,13,37,60,0,1,4.93,2021-11-06 23:22:41,2024-10-08 21:51:16
953,18,125,160,1,0,4.98,2021-03-08 16:22:44,2024-10-09 8:00:32
2030,13,25,96,0,0,4.99,2023-07-30 13:58:13,2024-10-08 15:52:35
1436,18,146,61,0,2,4.86,2023-11-17 11:27:34,2024-10-08 16:43:53
212,13,0,3,0,0,5,2024-01-10 18:43:35,2024-10-08 14:27:54
1963,13,0,3,0,0,5,2023-12-01 14:47:49,2024-10-08 12:15:43
3698,3,0,0,0,0,NULL,2020-11-07 18:21:23,2022-09-02 4:36:18
3163,3,0,0,0,0,NULL,2020-11-07 18:21:23,2022-09-02 4:36:18
2425,3,0,0,0,0,NULL,2020-11-07 18:21:23,2022-09-02 4:36:18
1820,3,0,0,0,0,NULL,2020-11-07 18:21:23,2022-09-02 4:36:18
147,3,0,0,0,0,NULL,2020-11-07 18:21:23,2022-09-02 4:36:18
249,16,78,310,2,3,4.93,2017-01-23 13:50:00,2024-10-06 14:34:46
798,16,0,48,0,0,5,2024-02-05 10:15:54,2024-10-03 16:23:45
1860,15,27,76,0,4,4.79,2022-07-07 7:36:21,2024-10-04 17:28:29
3248,13,0,6,0,0,5,2024-07-01 9:13:37,2024-10-04 13:25:24
329,13,65,11,0,1,4.67,2024-05-18 17:07:12,2024-10-04 11:21:26
1738,13,7,8,0,0,5,2023-03-26 16:48:55,2024-10-03 16:30:37
2257,18,19,51,0,0,5,2023-03-02 12:18:30,2024-10-02 22:16:51
363,13,7,3,0,4,2.71,2022-10-13 23:14:06,2024-09-30 14:07:06
3522,13,0,31,0,0,4.84,2022-10-28 21:04:48,2024-10-07 9:46:43
1515,13,5,23,0,0,5,2023-12-13 15:52:21,2024-10-07 14:58:59
1662,10,3,50,1,4,4.62,2022-01-05 13:37:41,2024-10-05 21:24:00
774,10,3,50,1,4,4.62,2022-01-05 13:37:41,2024-10-05 21:24:00
2996,13,0,156,0,0,4.99,2021-03-13 21:16:41,2024-10-06 12:15:32
1597,18,0,22,0,0,5,2021-03-05 1:24:06,2024-10-03 19:53:10
2105,16,6,29,0,3,4.66,2019-03-12 19:34:53,2024-10-03 11:18:46
3425,13,1,53,0,3,4.77,2023-02-03 1:35:48,2024-09-30 17:53:15
2910,2,0,1,0,0,5,2020-10-19 22:38:20,2022-05-15 15:57:16
1390,2,0,1,0,0,5,2020-10-19 22:38:20,2022-05-15 15:57:16
3633,15,0,0,0,0,NULL,2014-11-05 18:38:27,2024-06-11 1:30:09
3241,15,0,0,0,0,NULL,2014-11-05 18:38:27,2024-06-11 1:30:09
3000,15,0,0,0,0,NULL,2014-11-05 18:38:27,2024-06-11 1:30:09
2395,15,0,0,0,0,NULL,2014-11-05 18:38:27,2024-06-11 1:30:09
2128,15,0,0,0,0,NULL,2014-11-05 18:38:27,2024-06-11 1:30:09
1759,15,0,0,0,0,NULL,2014-11-05 18:38:27,2024-06-11 1:30:09
1470,15,0,0,0,0,NULL,2014-11-05 18:38:27,2024-06-11 1:30:09
131,13,0,185,1,16,4.67,2022-05-10 9:05:26,2024-09-16 15:46:08
552,13,0,0,0,0,NULL,2024-07-29 5:35:54,2024-09-21 22:18:24
3624,10,1,67,0,2,4.88,2021-02-20 17:56:48,2024-09-24 12:00:14
1900,18,0,58,1,7,4.55,2018-08-01 23:44:18,2024-10-04 23:03:31
1163,13,5,37,0,0,5,2023-03-05 19:28:13,2024-10-04 20:26:04
3610,13,0,0,0,0,NULL,2024-08-11 15:41:31,2024-10-07 14:29:12
2789,13,0,23,0,0,5,2023-06-28 17:30:06,2024-10-05 19:29:25
3010,16,64,46,0,0,5,2023-10-18 8:20:27,2024-10-06 13:45:43
599,13,10,24,0,0,5,2024-02-05 20:57:52,2024-10-05 15:10:06
610,13,10,46,0,0,5,2022-10-09 16:13:34,2024-10-04 10:59:59
2655,16,119,272,3,10,4.83,2015-07-15 18:19:20,2024-10-03 11:44:27
1506,16,119,272,3,10,4.83,2015-07-15 18:19:20,2024-10-03 11:44:27
483,16,119,272,3,10,4.83,2015-07-15 18:19:20,2024-10-03 11:44:27
44,16,119,272,3,10,4.83,2015-07-15 18:19:20,2024-10-03 11:44:27
2947,13,1,42,0,4,4.63,2023-01-09 19:30:46,2024-10-03 5:49:36
3580,15,1,68,0,2,4.89,2020-04-08 13:46:49,2024-10-03 16:55:15
2224,7,0,0,0,0,NULL,2024-07-26 10:56:17,2024-10-01 18:16:34
2796,2,5,70,0,0,4.99,2019-10-27 6:59:37,2024-10-02 10:30:20
3641,13,0,3,0,0,5,2023-03-26 15:34:38,2024-10-01 5:16:52
3609,13,79,61,0,2,4.81,2023-08-19 14:16:59,2024-09-30 11:41:21
2942,18,308,67,0,1,4.94,2021-07-28 15:00:17,2024-09-30 16:07:03
2016,16,7,26,0,2,4.71,2022-08-03 17:29:45,2024-10-06 19:54:37
1944,10,0,22,0,1,4.83,2020-09-06 19:30:37,2024-10-06 15:19:28
2977,13,9,16,0,6,3.91,2023-05-17 7:51:23,2024-10-06 11:03:11
127,16,14,140,0,0,4.98,2024-02-22 16:06:27,2024-10-06 14:00:15
1367,16,0,7,0,0,5,2019-08-03 7:21:39,2024-10-06 16:47:04
1223,13,21,11,0,0,5,2022-01-01 16:41:23,2024-10-04 10:45:08
1006,13,21,11,0,0,5,2022-01-01 16:41:23,2024-10-04 10:45:08
3074,13,9,78,0,0,5,2021-07-07 9:45:24,2024-09-30 17:20:57
1404,13,4,2,0,0,5,2022-02-20 12:40:07,2024-09-30 20:25:00
134,13,4,2,0,0,5,2022-02-20 12:40:07,2024-09-30 20:25:00
2974,21,8,6,0,0,4.83,2022-09-17 23:46:22,2024-09-30 11:19:32
2556,18,4,10,0,0,5,2022-02-03 20:40:58,2024-09-30 14:04:18
551,18,4,10,0,0,5,2022-02-03 20:40:58,2024-09-30 14:04:18
2671,13,12,7,0,0,4.86,2024-07-28 23:40:42,2024-10-04 19:26:11
2815,16,28,473,1,9,4.91,2019-07-24 18:13:12,2024-10-05 5:15:54
540,13,3,35,0,5,4.48,2023-03-27 20:38:56,2024-10-05 8:43:12
1543,13,15,6,0,11,2.41,2023-11-27 23:20:22,2024-10-04 15:30:03
1536,13,0,112,0,0,5,2023-05-31 17:25:07,2024-10-04 8:02:57
1974,13,44,111,0,1,4.96,2023-08-01 11:08:41,2024-10-04 11:38:55
764,13,0,12,0,0,5,2024-01-16 20:30:27,2024-10-03 5:56:03
2468,16,4,8,0,1,4.56,2023-10-08 19:24:11,2024-10-05 19:05:35
2692,13,4,63,0,0,5,2021-10-19 4:58:06,2024-10-05 20:52:22
3551,13,11,29,0,2,4.74,2024-02-13 9:39:01,2024-10-06 16:31:54
2598,21,27,98,1,2,4.9,2021-09-15 8:05:16,2024-10-06 14:59:51
1950,13,0,10,1,0,4.82,2023-07-11 15:31:19,2024-10-05 12:11:29
2003,7,3,2,0,0,5,2023-01-10 0:36:32,2024-09-30 19:36:17
3547,18,7,7,1,3,3.82,2023-10-16 18:05:30,2024-09-30 15:18:58
157,13,1,33,0,0,5,2021-02-22 16:41:05,2024-09-20 16:50:56
3107,16,5,64,1,5,4.69,2021-02-03 20:11:31,2024-10-06 13:06:07
3502,13,7,31,1,5,4.41,2023-09-29 19:02:22,2024-10-06 13:44:33
2506,2,14,14,0,0,5,2023-07-11 21:46:33,2024-10-05 14:18:30
2355,13,6,11,0,1,4.67,2023-06-15 15:44:31,2024-10-05 15:05:20
2152,13,0,24,0,2,4.73,2022-05-11 4:36:38,2024-10-05 14:35:34
1849,16,3,59,0,0,4.97,2019-10-09 20:41:07,2024-10-05 11:49:37
1615,13,21,58,0,0,4.97,2022-05-13 14:51:30,2024-10-04 14:58:18
1483,18,0,7,0,2,4.11,2024-05-11 15:04:19,2024-10-01 5:35:36
3382,13,0,76,0,0,5,2023-04-12 7:08:50,2024-10-01 14:49:30
368,13,6,29,0,1,4.83,2023-05-01 16:39:36,2024-09-30 18:27:43
2695,10,6,142,0,2,4.92,2021-03-30 11:52:10,2024-10-08 20:36:10
3304,12,27,39,0,0,4.97,2023-09-17 10:05:21,2024-10-09 11:56:16
336,13,37,56,0,1,4.93,2023-02-25 15:28:50,2024-10-08 15:36:18
2538,13,11,156,0,0,4.98,2023-01-16 6:54:14,2024-10-07 19:42:59
2957,13,46,85,0,7,4.7,2023-10-29 21:26:23,2024-10-08 5:31:59
1603,18,20,25,0,0,5,2022-02-28 17:23:35,2024-10-05 18:26:27
2233,13,1,72,0,0,4.99,2023-05-04 18:21:05,2024-10-04 15:54:08
1434,13,0,4,0,0,5,2022-11-10 21:19:34,2024-10-04 16:56:57
1513,13,0,706,0,26,4.86,2022-01-31 17:30:53,2024-10-04 12:18:52
584,16,9,95,1,8,4.66,2017-08-23 14:50:33,2024-10-04 11:27:32
271,18,0,122,0,0,5,2023-07-14 17:00:56,2024-10-01 9:24:21
2499,13,4,30,0,1,4.84,2021-09-17 8:59:55,2024-09-30 20:30:10
120,10,5,2,0,0,5,2021-05-04 20:08:52,2024-09-28 21:13:48
475,16,26,87,0,2,4.89,2018-03-11 16:57:54,2024-09-24 20:50:00
2283,16,2,49,1,10,4.23,2022-12-25 10:16:15,2024-10-09 12:25:36
2714,13,5,69,0,0,5,2022-04-25 11:11:43,2024-10-09 16:54:28
542,16,1,10,0,3,4,2020-11-18 20:38:55,2024-09-25 12:19:25
1960,10,4,98,0,2,4.93,2021-05-24 13:20:49,2024-10-08 8:53:58
2228,13,4,46,0,2,4.83,2022-04-12 11:24:09,2024-10-07 19:24:54
1956,13,0,77,0,0,4.99,2021-08-18 13:25:13,2024-10-06 21:12:43
3675,16,0,4,0,0,5,2022-08-01 21:57:56,2024-10-06 16:07:13
815,13,53,48,0,0,5,2024-04-27 14:58:58,2024-10-06 12:38:42
1045,13,39,54,0,1,4.93,2024-01-08 18:20:17,2024-10-05 12:20:15
3646,13,10,19,0,0,5,2023-03-20 13:19:16,2024-09-30 17:40:14
234,21,0,3,1,1,3.6,2024-07-27 23:44:10,2024-09-15 20:57:12
1098,13,14,35,0,1,4.89,2023-05-09 22:12:34,2024-10-07 6:36:55
563,16,1,1,0,0,5,2023-10-20 17:43:52,2024-08-25 16:50:59
178,16,2,2,0,0,5,2024-01-04 22:08:09,2024-10-07 14:56:56
1153,7,1,1,0,0,5,2023-04-20 22:00:41,2024-10-07 16:12:26
2069,10,4,39,0,0,5,2019-08-09 20:34:17,2024-10-07 16:23:22
85,16,17,113,2,13,4.55,2018-12-09 19:10:05,2024-10-05 18:13:33
3578,13,0,24,1,0,4.92,2022-06-04 21:16:22,2024-10-05 6:05:07
3237,13,9,32,0,1,4.88,2023-06-25 21:49:35,2024-10-04 16:55:21
1389,10,0,246,3,4,4.89,2020-07-11 9:05:19,2024-10-04 16:01:00
96,13,14,15,0,0,5,2022-07-24 13:19:49,2024-10-04 11:43:29
390,18,0,2,0,0,5,2024-01-15 10:24:38,2024-10-01 9:28:11
685,13,0,3,0,0,5,2023-04-21 16:28:28,2024-09-30 19:07:03
1252,13,9,46,0,1,4.89,2022-07-21 20:45:06,2024-09-30 13:17:33
667,13,71,42,0,1,4.91,2021-11-29 8:46:19,2024-09-30 9:22:08
353,13,71,42,0,1,4.91,2021-11-29 8:46:19,2024-09-30 9:22:08
1260,13,30,17,1,6,3.88,2023-04-11 12:05:06,2024-10-08 15:32:05
2689,13,170,443,3,4,4.95,2021-04-17 20:59:32,2024-10-06 20:09:02
1444,13,56,70,0,0,4.99,2021-11-14 8:22:16,2024-10-07 19:37:34
714,13,56,70,0,0,4.99,2021-11-14 8:22:16,2024-10-07 19:37:34
621,13,33,75,0,1,4.95,2022-10-14 21:38:20,2024-10-06 8:52:01
2719,16,0,31,1,2,4.71,2021-05-28 11:23:54,2024-10-06 16:52:51
1575,16,142,157,1,0,4.95,2017-03-19 13:55:48,2024-10-06 16:50:04
2734,13,20,48,0,0,5,2024-02-05 23:02:42,2024-10-03 21:48:38
1191,13,49,172,0,0,4.99,2021-06-15 14:17:56,2024-10-04 10:32:31
607,16,0,75,0,5,4.76,2024-07-21 16:40:56,2024-09-22 19:14:08
2984,16,57,17,0,0,5,2024-01-12 20:13:00,2024-09-29 9:02:41
1492,13,0,63,0,0,5,2022-11-01 20:28:25,2024-09-17 22:23:46
3132,19,29,55,0,0,4.98,2024-01-20 9:35:16,2024-10-07 12:01:39
781,13,13,104,0,2,4.92,2021-08-28 19:54:10,2024-10-06 20:39:39
30,24,5,3,0,1,4,2024-08-19 9:25:13,2024-10-07 11:00:26
1746,13,21,177,1,29,4.43,2023-07-01 12:14:42,2024-10-07 13:00:13
2513,13,0,0,0,0,NULL,2024-07-27 19:07:09,2024-10-07 14:30:24
3004,13,5,36,0,1,4.89,2023-09-28 8:22:36,2024-10-04 20:06:37
771,13,37,110,0,0,5,2022-08-08 17:02:13,2024-10-01 16:32:41
144,13,1,6,0,0,5,2022-05-24 21:07:48,2024-10-04 13:40:36
1718,18,2,1,0,0,5,2023-11-13 10:12:22,2024-10-03 11:32:39
2317,16,3,4,0,0,5,2022-11-02 13:40:37,2024-10-02 21:43:57
1873,13,6,144,1,0,4.99,2021-12-03 8:01:53,2024-10-05 15:05:36
385,13,6,144,1,0,4.99,2021-12-03 8:01:53,2024-10-05 15:05:36
3322,13,8,40,0,5,4.56,2021-09-09 5:30:18,2024-10-04 17:02:26
1220,13,5,2,0,0,5,2022-09-10 11:43:20,2024-10-04 15:49:56
2454,13,180,82,0,3,4.86,2021-07-01 6:46:32,2024-10-04 14:19:46
3412,13,5,38,0,0,5,2023-01-08 0:16:08,2024-10-04 14:25:18
3617,13,2,73,0,3,4.84,2022-05-30 18:25:23,2024-10-03 6:28:26
742,13,1,9,0,0,5,2024-02-05 9:52:16,2024-09-30 11:42:52
3155,13,1,1,0,0,5,2024-04-05 6:28:19,2024-09-30 8:54:44
2568,16,1,187,4,18,4.59,2018-12-29 12:00:16,2024-09-26 17:24:36
3584,13,0,38,0,0,5,2023-05-03 22:20:22,2024-10-04 10:38:06
1789,13,19,64,1,1,4.89,2021-08-22 16:42:14,2024-10-08 20:05:34
2336,13,58,273,1,4,4.94,2022-04-23 8:09:45,2024-10-09 9:59:57
1869,13,13,27,1,0,4.93,2022-10-26 8:37:17,2024-10-09 9:54:47
770,13,34,308,0,1,4.99,2022-01-10 22:55:08,2024-10-09 15:35:44
335,13,34,308,0,1,4.99,2022-01-10 22:55:08,2024-10-09 15:35:44
2487,13,79,401,2,8,4.91,2022-09-22 0:10:51,2024-10-09 14:32:15
3629,7,4,1,0,0,5,2024-09-10 13:50:28,2024-10-08 22:52:49
2111,13,7,88,0,1,4.94,2022-08-12 5:29:31,2024-10-08 23:39:50
2348,13,22,194,0,5,4.88,2022-02-09 15:23:19,2024-10-09 12:52:20
1847,13,22,194,0,5,4.88,2022-02-09 15:23:19,2024-10-09 12:52:20
722,13,2,26,0,0,5,2024-02-23 22:21:36,2024-10-08 19:20:57
967,13,20,104,0,1,4.96,2021-05-02 18:52:24,2024-10-08 15:53:26
434,16,0,5,0,0,5,2019-03-02 11:46:44,2024-09-05 14:48:26
2894,10,2,10,0,0,5,2024-06-26 16:48:35,2024-10-08 8:58:02
3295,13,23,43,0,0,5,2024-01-02 19:44:45,2024-10-08 10:16:27
1127,13,0,124,0,0,4.98,2021-05-19 0:23:18,2024-10-08 6:03:07
2746,16,80,586,0,1,4.99,2019-04-14 15:21:18,2024-10-08 13:48:31
2205,13,25,83,0,1,4.95,2023-06-16 11:21:12,2024-10-07 17:47:52
411,13,0,58,3,2,4.75,2021-04-09 11:54:34,2024-10-06 9:51:43
2051,16,9,65,1,4,4.74,2023-10-20 10:12:02,2024-10-06 14:14:59
510,18,47,60,0,0,4.97,2021-01-10 7:47:51,2024-10-07 12:28:15
1060,16,18,188,0,0,4.98,2023-02-10 9:39:47,2024-10-06 11:07:59
1715,13,72,133,1,2,4.91,2023-07-05 21:46:12,2024-10-06 9:15:07
1857,16,5,33,0,0,5,2019-01-08 8:03:01,2024-10-04 18:18:27
2809,10,20,66,0,0,4.95,2021-12-05 9:54:55,2024-10-05 10:11:19
2169,10,20,66,0,0,4.95,2021-12-05 9:54:55,2024-10-05 10:11:19
356,13,14,16,0,0,5,2022-12-05 20:00:21,2024-10-04 10:51:46
294,13,1,50,1,0,4.96,2022-03-02 20:54:34,2024-09-02 14:39:09
2089,13,32,30,0,11,3.85,2021-03-08 1:14:02,2024-10-04 13:24:13
1558,19,46,28,0,15,3.58,2020-02-28 22:31:22,2024-10-04 9:48:03
731,16,164,168,1,7,4.82,2023-03-27 11:04:03,2024-10-09 11:25:04
173,15,2,19,0,0,5,2022-06-21 8:28:23,2024-09-30 16:25:14
1770,13,12,32,0,0,5,2024-04-09 11:16:58,2024-10-08 9:47:22
137,16,6,250,1,4,4.92,2021-09-12 10:54:52,2024-10-06 17:09:19
615,13,8,281,0,0,5,2022-08-12 17:18:47,2024-10-08 10:59:37
2966,13,39,20,0,0,5,2023-12-29 13:19:15,2024-10-08 17:02:34
218,16,11,232,0,0,4.99,2020-03-28 16:22:59,2024-10-08 13:28:00
2798,13,35,28,0,0,5,2022-12-18 19:23:08,2024-10-06 19:31:43
932,13,2,17,0,0,5,2023-02-07 19:22:38,2024-10-07 11:32:26
3396,16,46,215,3,15,4.68,2018-02-01 13:39:06,2024-10-07 12:58:39
2148,16,46,215,3,15,4.68,2018-02-01 13:39:06,2024-10-07 12:58:39
316,10,3,91,1,17,4.36,2021-07-08 13:23:10,2024-10-07 12:45:05
2804,13,29,77,1,1,4.94,2021-06-18 17:54:42,2024-10-05 20:44:50
2696,10,2,33,0,19,3.52,2020-07-10 12:13:57,2024-10-03 11:34:00
2648,13,0,3,0,0,5,2023-09-23 19:10:31,2024-10-03 7:15:17
3381,2,30,195,1,2,4.94,2013-06-08 15:24:29,2024-10-03 12:18:55
636,13,0,34,1,0,4.91,2023-02-08 22:52:44,2024-10-01 18:29:51
1412,18,41,140,0,6,4.84,2021-01-06 12:14:40,2024-10-01 17:02:40
1080,13,1,21,0,0,5,2023-10-01 5:49:11,2024-10-01 16:34:36
2959,16,9,10,0,0,5,2024-02-24 7:00:09,2024-09-26 17:10:14
2007,13,0,0,0,0,NULL,2024-08-14 13:45:25,2024-09-18 13:24:45
3240,16,0,9,0,0,5,2024-05-21 1:32:54,2024-09-18 12:27:28
3217,13,26,30,1,1,4.81,2023-05-25 16:47:06,2024-09-04 17:19:19
345,16,0,0,0,0,0,2024-03-17 15:31:12,2024-07-11 15:42:39
3297,13,0,11,0,0,5,2022-02-06 16:59:21,2024-10-04 21:28:45
816,13,0,11,0,0,5,2022-02-06 16:59:21,2024-10-04 21:28:45
2656,13,0,12,0,0,5,2022-03-04 11:23:00,2024-10-04 15:31:57
2526,13,7,22,0,0,5,2022-02-27 16:49:50,2024-09-28 20:37:25
3439,13,0,26,1,0,4.93,2021-06-20 9:08:27,2024-10-01 8:29:48
3688,13,3,12,0,2,4.36,2022-03-29 20:02:36,2024-10-01 7:34:47
484,16,14,1,0,0,5,2023-11-19 16:07:12,2024-09-30 14:40:25
3345,13,0,0,0,0,NULL,2024-08-04 16:13:50,2024-09-05 20:26:10
2508,13,0,15,0,16,2.94,2023-08-16 11:13:32,2024-08-26 7:58:05
1332,16,204,1137,9,11,4.93,2017-04-03 20:02:35,2024-10-10 5:46:17
347,13,174,141,0,10,4.73,2023-06-06 17:31:39,2024-10-04 11:58:50
1600,13,25,129,0,0,4.98,2021-11-13 1:22:21,2024-09-30 19:52:07
2779,13,8,20,0,1,4.81,2024-04-08 12:00:36,2024-09-30 13:14:31
3206,13,2,6,0,7,2.85,2023-01-31 13:12:54,2024-09-30 15:06:27
1862,16,1,67,0,4,4.73,2018-01-04 19:43:18,2024-09-19 19:10:13
1023,16,1,67,0,4,4.73,2018-01-04 19:43:18,2024-09-19 19:10:13
1673,10,4,20,0,0,5,2021-03-02 8:26:49,2024-09-26 4:54:35
57,10,5,85,0,5,4.77,2022-05-03 22:48:17,2024-09-19 15:02:43
3417,13,6,23,0,0,5,2024-03-26 10:50:57,2024-10-04 11:48:39
3681,16,14,303,0,0,4.99,2019-03-05 18:13:28,2024-10-03 15:35:04
598,13,0,23,0,0,5,2023-11-13 10:21:42,2024-10-01 18:26:23
1356,13,79,83,1,0,4.98,2022-01-19 16:44:59,2024-09-30 19:23:48
132,13,79,83,1,0,4.98,2022-01-19 16:44:59,2024-09-30 19:23:48
3302,13,0,0,0,0,NULL,2021-12-06 23:59:20,2024-10-01 2:43:50
2784,13,0,0,0,0,NULL,2021-12-06 23:59:20,2024-10-01 2:43:50
600,13,0,49,0,0,5,2022-12-02 10:38:03,2024-09-30 13:19:36
3586,18,41,17,0,0,5,2021-01-16 15:56:35,2024-09-30 9:15:07
3488,18,41,17,0,0,5,2021-01-16 15:56:35,2024-09-30 9:15:07
1806,13,0,333,0,2,4.97,2023-08-07 0:25:17,2024-09-09 13:31:13
1195,13,0,14,0,0,4.93,2021-12-28 9:39:37,2024-09-01 15:40:19
324,13,0,14,0,0,4.93,2021-12-28 9:39:37,2024-09-01 15:40:19
2753,16,1,93,0,9,4.65,2022-10-04 19:43:37,2024-09-08 22:53:21
2606,13,12,22,0,2,4.67,2022-03-01 21:09:02,2024-09-30 19:08:57
2260,13,5,0,0,0,0,2023-07-31 11:34:17,2024-09-30 18:42:43
2501,10,232,408,6,21,4.76,2019-10-14 11:42:28,2024-10-01 16:13:05
1852,13,62,83,0,0,4.99,2023-02-28 19:03:44,2024-10-01 12:52:31
3223,7,31,21,1,0,4.86,2019-11-20 13:35:49,2024-10-02 9:03:21
537,13,9,64,0,2,4.88,2023-09-24 13:11:49,2024-10-04 8:15:26
2838,13,12,119,0,2,4.92,2023-05-16 19:06:50,2024-10-06 19:08:22
3596,13,88,388,1,7,4.92,2021-05-23 15:43:30,2024-10-09 10:11:52
1321,16,42,215,1,5,4.89,2018-12-09 11:43:28,2024-10-09 6:45:18
361,18,74,13,0,0,4.92,2024-05-12 18:25:09,2024-10-09 11:36:00
1831,13,9,16,0,0,5,2023-07-05 11:13:59,2024-10-09 11:18:36
3473,13,0,18,0,0,5,2023-10-07 18:15:55,2024-10-06 8:07:40
317,13,0,62,0,6,4.65,2021-05-05 13:43:36,2024-10-07 8:36:35
1675,13,11,275,2,2,4.96,2020-06-22 18:48:25,2024-10-09 15:26:24
2179,18,1,513,1,4,4.95,2021-01-04 20:53:02,2024-10-09 14:44:51
2708,16,3,66,3,0,4.88,2019-10-23 13:22:01,2024-10-09 14:22:13
2821,18,0,25,0,1,4.85,2022-02-12 18:30:54,2024-10-05 19:38:44
656,18,0,25,0,1,4.85,2022-02-12 18:30:54,2024-10-05 19:38:44
2548,13,35,24,0,3,4.56,2023-01-30 16:11:39,2024-10-06 7:42:23
3605,13,5,154,0,2,4.95,2022-08-02 16:39:40,2024-10-06 16:13:08
3361,13,8,22,0,0,4.95,2022-10-17 8:43:59,2024-10-06 16:19:11
2117,13,3,29,0,1,4.83,2021-04-02 23:12:25,2024-10-04 16:57:21
2571,13,8,17,0,2,4.58,2024-02-18 20:20:13,2024-10-04 15:03:26
3138,13,13,63,0,1,4.92,2023-02-16 8:19:43,2024-10-04 11:28:52
2215,13,8,55,0,2,4.84,2021-05-09 18:05:42,2024-10-03 6:57:48
2236,22,0,17,1,4,4.14,2022-06-15 20:39:19,2024-10-03 16:01:20
2808,13,6,5,0,0,5,2024-04-10 10:12:20,2024-09-30 20:22:28
1344,13,7,2,0,0,5,2022-05-25 19:23:00,2024-09-30 10:26:40
658,13,102,171,2,3,4.89,2023-07-03 0:52:26,2024-10-06 16:34:31
696,13,53,51,0,0,5,2023-11-19 15:49:25,2024-10-04 17:32:25
2847,13,0,80,0,2,4.9,2021-12-17 22:11:40,2024-10-04 19:56:19
1922,13,0,80,0,2,4.9,2021-12-17 22:11:40,2024-10-04 19:56:19
1728,13,2,16,0,0,5,2023-04-19 16:47:31,2024-10-04 21:36:49
1340,13,42,192,0,0,5,2023-01-19 16:28:23,2024-10-04 13:15:26
449,13,10,18,0,0,5,2023-12-29 18:25:36,2024-10-04 14:38:50
2405,13,0,14,0,0,5,2022-01-27 19:26:55,2024-10-04 8:58:19
1677,13,0,14,0,0,5,2022-01-27 19:26:55,2024-10-04 8:58:19
703,13,13,11,0,0,5,2023-12-28 11:57:29,2024-10-03 9:29:12
1174,10,0,27,0,0,5,2020-11-09 8:55:31,2024-10-01 17:01:06
1115,16,0,266,0,5,4.89,2016-09-28 14:24:36,2024-09-30 20:58:17
1702,13,0,5,0,0,5,2024-07-29 13:26:32,2024-09-30 14:50:33
549,15,0,0,0,0,NULL,2024-08-19 17:42:07,2024-09-24 4:19:47
3453,13,7,5,0,0,5,2023-12-29 20:54:36,2024-10-09 11:43:21
3333,18,603,271,2,3,4.93,2022-06-11 16:14:41,2024-10-09 11:15:38
3134,7,0,55,0,7,4.55,2023-04-05 4:58:06,2024-10-07 20:10:51
2608,13,2,7,0,0,5,2022-02-14 23:05:18,2024-10-07 19:38:00
1982,13,2,7,0,0,5,2022-02-14 23:05:18,2024-10-07 19:38:00
2812,13,0,20,1,0,4.9,2022-04-22 13:00:42,2024-10-08 16:46:53
2013,13,0,27,0,0,5,2022-05-01 17:22:09,2024-10-08 15:05:00
3103,13,46,49,0,0,4.96,2022-05-27 12:41:50,2024-10-07 11:57:04
808,16,1,195,0,1,4.97,2019-04-25 19:05:51,2024-10-07 11:32:51
3152,13,0,24,0,4,4.43,2021-02-20 16:01:30,2024-10-05 20:25:52
1501,13,16,76,1,2,4.86,2021-06-06 13:10:31,2024-10-06 9:01:43
1157,13,112,36,0,0,4.97,2022-10-09 15:17:29,2024-10-06 13:05:15
12,7,10,39,0,1,4.9,2023-12-23 12:21:03,2024-10-06 14:30:57
1954,15,27,114,1,0,4.98,2021-08-09 17:37:48,2024-10-06 9:10:02
1075,13,1,147,0,0,4.99,2024-06-20 10:28:20,2024-10-05 19:30:20
2899,13,17,17,0,2,4.53,2023-09-05 20:57:27,2024-10-05 8:35:20
2301,13,32,72,0,0,5,2023-08-04 13:57:59,2024-10-04 10:39:57
2347,13,4,5,0,0,5,2024-04-04 15:33:38,2024-10-03 12:49:52
1634,13,0,43,0,0,5,2022-10-10 19:35:11,2024-10-01 12:06:36
3009,13,0,13,0,0,5,2023-05-19 9:01:06,2024-10-01 13:27:11
38,13,3,22,0,2,4.67,2022-12-07 20:35:42,2024-09-30 18:59:17
2826,13,0,1,0,0,5,2022-07-14 18:39:12,2024-10-01 0:01:42
3213,13,8,5,0,0,5,2023-01-04 10:23:14,2024-09-30 13:37:26
1872,16,41,170,2,8,4.74,2018-01-22 13:07:12,2024-09-25 8:17:32
310,16,41,170,2,8,4.74,2018-01-22 13:07:12,2024-09-25 8:17:32
2133,13,23,50,1,13,4.16,2022-11-09 16:44:08,2024-10-08 19:44:35
2724,13,14,441,1,31,4.72,2022-01-19 10:20:18,2024-10-09 10:04:02
2476,13,14,441,1,31,4.72,2022-01-19 10:20:18,2024-10-09 10:04:02
308,13,56,82,0,4,4.81,2022-01-06 14:06:10,2024-10-09 8:50:16
79,13,56,82,0,4,4.81,2022-01-06 14:06:10,2024-10-09 8:50:16
855,13,40,533,2,26,4.8,2022-04-09 22:06:03,2024-10-09 15:35:05
1066,13,40,522,0,7,4.94,2023-04-16 18:28:40,2024-10-09 15:03:56
753,13,109,75,0,0,4.99,2023-03-24 16:02:11,2024-10-04 15:14:24
3389,13,102,113,0,1,4.95,2022-05-27 14:36:09,2024-10-04 12:00:23
2436,3,13,36,0,1,4.89,2023-11-25 7:46:02,2024-10-02 18:12:43
3565,13,2,15,0,0,5,2023-05-13 14:35:42,2024-10-01 17:16:11
2029,13,3,4,0,1,4.2,2024-02-06 15:09:29,2024-10-01 11:49:35
3568,13,0,0,0,0,NULL,2024-08-13 13:06:55,2024-09-25 13:56:08
3185,16,0,18,0,0,5,2022-03-29 21:52:13,2024-09-22 16:21:44
616,13,1,21,0,1,4.82,2021-09-26 7:57:08,2024-09-14 21:38:28
3048,2,0,1,0,0,NULL,2013-03-12 16:04:11,2019-12-06 2:21:35
3006,2,0,1,0,0,NULL,2013-03-12 16:04:11,2019-12-06 2:21:35
1352,2,0,1,0,0,NULL,2013-03-12 16:04:11,2019-12-06 2:21:35
1091,2,0,1,0,0,NULL,2013-03-12 16:04:11,2019-12-06 2:21:35
485,2,0,1,0,0,NULL,2013-03-12 16:04:11,2019-12-06 2:21:35
1466,2,0,0,0,0,NULL,2016-09-19 15:25:20,2021-12-11 2:33:06
1173,2,0,0,0,0,NULL,2016-09-19 15:25:20,2021-12-11 2:33:06
2284,14,0,0,0,0,NULL,2018-01-21 15:30:00,2022-07-31 2:13:03
1315,14,0,0,0,0,NULL,2018-01-21 15:30:00,2022-07-31 2:13:03
3312,2,0,0,0,0,NULL,2018-02-17 20:33:20,2022-04-20 15:26:06
386,2,0,0,0,0,NULL,2018-02-17 20:33:20,2022-04-20 15:26:06
3622,2,10,27,0,1,4.86,2019-04-29 12:22:14,2022-09-20 11:38:17
2741,2,10,27,0,1,4.86,2019-04-29 12:22:14,2022-09-20 11:38:17
2294,2,1,0,0,0,NULL,2017-05-05 9:53:39,2022-07-11 12:42:18
1957,2,1,0,0,0,NULL,2017-05-05 9:53:39,2022-07-11 12:42:18
2807,13,22,67,0,3,4.83,2023-02-18 13:41:53,2024-10-10 7:12:22
3198,13,166,613,1,53,4.67,2021-01-06 18:58:38,2024-10-10 7:48:41
1461,15,1086,2355,8,15,4.96,2022-05-17 21:55:01,2024-10-10 8:04:21
923,13,34,205,0,2,4.96,2021-04-15 16:43:45,2024-10-06 11:22:47
1072,13,6,8,0,5,3.38,2023-07-06 16:12:03,2024-10-04 10:42:28
3370,13,0,20,0,0,5,2022-06-08 17:59:12,2024-09-27 20:46:43
2269,13,26,427,0,12,4.88,2021-10-22 15:19:00,2024-10-04 14:15:19
1720,13,26,427,0,12,4.88,2021-10-22 15:19:00,2024-10-04 14:15:19
3574,13,3,116,0,18,4.45,2021-06-04 12:14:36,2024-10-04 11:29:53
591,13,1,19,0,0,4.95,2023-03-26 18:29:41,2024-09-25 18:38:05
2011,2,11,236,0,10,4.82,2015-12-21 13:25:11,2024-10-02 22:08:08
2398,13,1,14,0,1,4.73,2022-07-26 23:19:38,2024-10-01 14:55:34
2286,13,0,18,0,0,5,2022-12-19 14:12:34,2024-10-01 7:31:02
3696,13,19,51,1,17,3.96,2023-12-17 21:42:40,2024-09-30 13:12:27
1617,16,1,55,1,4,4.68,2020-01-26 11:45:21,2024-09-29 11:35:39
2998,13,4,22,0,0,5,2021-10-19 21:08:19,2024-09-11 10:30:49
2653,13,44,47,0,4,4.69,2023-04-12 15:28:07,2024-10-07 15:49:01
150,13,27,20,0,0,5,2024-04-02 13:44:37,2024-10-06 22:46:28
2600,13,6,84,0,0,4.99,2023-02-20 16:35:18,2024-10-07 18:08:34
3129,16,171,229,0,2,4.95,2019-11-07 16:12:17,2024-10-08 13:50:52
2033,16,341,1056,3,9,4.95,2021-04-08 16:28:39,2024-10-08 12:57:29
429,16,29,410,3,0,4.97,2021-04-17 16:47:49,2024-10-08 18:11:06
2096,13,20,7,0,0,5,2024-02-15 16:00:01,2024-10-08 21:23:53
1371,13,4,72,0,0,5,2021-04-14 16:45:32,2024-10-08 21:19:06
2832,13,0,21,0,0,5,2022-11-12 21:50:07,2024-09-30 8:28:12
1870,13,37,104,1,2,4.89,2024-01-22 20:01:02,2024-10-09 15:30:11
1267,13,0,1,0,0,5,2024-04-18 14:05:53,2024-10-09 14:50:10
3332,13,34,105,0,44,3.8,2023-07-24 22:34:05,2024-10-09 14:48:52
74,7,370,206,4,8,4.8,2022-08-09 13:01:38,2024-10-09 14:46:57
1203,18,74,37,0,0,5,2021-05-02 8:46:33,2024-10-09 14:27:00
1387,13,0,33,0,4,4.57,2024-04-30 10:01:49,2024-10-06 14:49:35
1270,16,58,210,5,15,4.66,2018-01-28 19:39:06,2024-10-04 22:05:01
3536,16,43,164,4,7,4.78,2021-06-29 19:28:43,2024-10-05 11:59:11
25,13,2,5,0,0,5,2024-06-27 9:25:32,2024-09-29 19:53:42
1730,13,5,86,2,0,4.93,2021-07-02 19:01:25,2024-09-30 17:09:18
2503,13,0,6,0,0,5,2024-07-25 14:33:41,2024-09-30 9:39:28
6,13,4,1,0,0,5,2024-01-14 22:42:04,2024-09-30 9:23:10
3047,16,65,67,0,1,4.91,2019-03-24 13:39:55,2024-09-29 8:56:04
1739,16,130,105,1,1,4.93,2022-07-23 11:11:24,2024-09-19 10:37:37
1268,13,60,312,1,14,4.82,2022-01-21 9:09:51,2024-10-09 12:41:16
567,13,60,312,1,14,4.82,2022-01-21 9:09:51,2024-10-09 12:41:16
545,16,9,136,1,32,4.2,2022-09-07 19:35:00,2024-10-08 18:04:35
1224,7,0,11,0,0,5,2024-01-17 11:54:22,2024-10-08 18:06:33
2341,13,29,154,0,2,4.94,2021-12-13 18:32:09,2024-10-07 23:56:24
1886,13,29,154,0,2,4.94,2021-12-13 18:32:09,2024-10-07 23:56:24
3204,13,12,20,0,0,5,2023-07-18 20:56:40,2024-10-06 11:41:45
3666,13,0,50,1,14,4.11,2024-04-23 18:25:03,2024-10-08 16:21:57
2820,13,0,11,0,0,5,2022-12-15 21:50:40,2024-10-07 9:47:13
1980,13,4,407,0,9,4.91,2022-12-07 11:40:36,2024-10-07 6:30:39
1286,13,18,16,0,0,5,2023-01-01 16:18:10,2024-10-06 11:38:00
1724,13,0,66,0,1,4.94,2021-12-27 16:53:50,2024-10-02 9:48:47
746,13,0,66,0,1,4.94,2021-12-27 16:53:50,2024-10-02 9:48:47
2146,13,2,4,0,2,3.67,2023-12-11 18:06:25,2024-10-05 17:52:55
1981,13,14,212,0,3,4.94,2021-10-21 11:38:47,2024-10-04 20:03:25
902,13,3,182,0,3,4.94,2021-11-01 13:43:22,2024-10-04 18:19:45
2680,13,54,178,4,2,4.9,2021-04-28 11:16:26,2024-10-04 19:40:29
833,13,113,546,4,6,4.93,2022-09-17 12:23:44,2024-10-04 12:06:56
2747,16,9,93,2,1,4.92,2016-10-16 17:44:12,2024-10-02 21:01:49
2453,16,9,93,2,1,4.92,2016-10-16 17:44:12,2024-10-02 21:01:49
2046,13,8,12,0,0,5,2022-03-29 16:27:48,2024-10-02 21:15:31
452,13,0,25,0,1,4.85,2023-04-06 20:23:28,2024-09-30 12:42:24
419,16,0,1,0,0,5,2022-05-29 14:10:21,2024-08-22 7:16:05
447,13,29,45,0,4,4.67,2023-02-17 9:12:33,2024-10-09 11:28:37
179,16,287,2550,7,21,4.94,2018-08-23 20:32:34,2024-10-09 11:50:18
3131,18,41,443,4,63,4.46,2021-03-29 20:47:01,2024-10-08 18:52:44
289,13,5,100,0,3,4.87,2020-09-13 13:21:20,2024-10-08 21:09:25
1331,10,4,122,0,3,4.9,2019-11-25 7:19:42,2024-10-09 14:09:10
1699,16,83,816,1,13,4.92,2018-02-25 13:53:06,2024-10-09 15:50:43
1306,13,0,12,0,0,5,2024-04-28 2:09:29,2024-10-09 16:02:09
494,16,103,278,2,5,4.9,2023-04-10 12:11:20,2024-10-09 14:42:35
3383,15,12,11,0,0,4.91,2024-05-08 15:29:58,2024-10-09 15:04:46
3462,13,0,17,0,3,4.4,2022-12-07 23:48:09,2024-10-06 7:04:38
2933,13,101,211,2,5,4.89,2021-08-04 12:59:34,2024-10-06 6:33:37
1663,13,2,6,0,0,5,2022-10-22 11:33:11,2024-10-06 13:35:45
2830,16,0,85,3,4,4.67,2023-03-25 23:29:02,2024-10-06 14:59:10
595,16,15,96,1,1,4.94,2019-09-28 20:52:20,2024-10-06 14:34:36
1579,13,4,13,0,0,5,2021-04-15 4:45:16,2024-10-05 7:43:15
297,13,8,21,0,2,4.65,2022-09-14 7:48:43,2024-10-04 15:05:02
3262,13,0,26,0,0,5,2021-09-27 13:07:10,2024-09-30 12:14:24
471,18,25,213,3,8,4.81,2021-01-13 19:15:11,2024-10-01 9:06:00
3343,16,4,102,2,3,4.85,2013-05-18 17:40:29,2024-09-23 18:37:24
3265,16,4,102,2,3,4.85,2013-05-18 17:40:29,2024-09-23 18:37:24
2946,16,4,102,2,3,4.85,2013-05-18 17:40:29,2024-09-23 18:37:24
2591,16,4,102,2,3,4.85,2013-05-18 17:40:29,2024-09-23 18:37:24
2511,16,4,102,2,3,4.85,2013-05-18 17:40:29,2024-09-23 18:37:24
2402,16,4,102,2,3,4.85,2013-05-18 17:40:29,2024-09-23 18:37:24
2292,16,4,102,2,3,4.85,2013-05-18 17:40:29,2024-09-23 18:37:24
401,16,4,102,2,3,4.85,2013-05-18 17:40:29,2024-09-23 18:37:24
136,16,4,102,2,3,4.85,2013-05-18 17:40:29,2024-09-23 18:37:24
1692,15,46,798,8,10,4.9,2023-06-22 10:40:54,2024-10-10 9:09:14
789,13,86,673,0,0,4.99,2022-06-12 21:46:02,2024-10-07 8:44:43
2311,16,71,458,5,9,4.9,2021-03-20 11:28:41,2024-10-09 7:46:40
2635,16,0,359,0,4,4.94,2022-04-17 14:53:03,2024-10-09 7:30:30
3503,16,28,387,2,8,4.88,2016-11-09 11:01:12,2024-10-09 7:30:13
2389,16,28,387,2,8,4.88,2016-11-09 11:01:12,2024-10-09 7:30:13
1775,16,11,124,0,4,4.87,2022-05-04 11:45:06,2024-10-09 5:55:57
2362,16,4,121,0,5,4.81,2017-12-26 9:43:53,2024-10-09 9:43:27
1589,16,4,121,0,5,4.81,2017-12-26 9:43:53,2024-10-09 9:43:27
2074,13,43,54,0,0,5,2024-04-23 10:53:27,2024-10-09 13:37:41
2639,18,160,230,1,2,4.94,2021-03-27 15:12:55,2024-10-09 14:03:52
546,18,120,73,0,1,4.93,2022-09-30 12:50:44,2024-10-09 15:45:13
643,13,131,128,1,0,4.98,2023-04-23 16:31:47,2024-10-09 15:55:07
1334,13,6,64,0,1,4.94,2022-11-02 9:21:37,2024-10-09 14:52:47
3245,13,57,215,1,2,4.95,2022-05-13 7:25:13,2024-10-09 15:02:22
1454,2,0,0,0,0,NULL,2019-03-17 19:41:21,2022-04-25 13:39:16
52,2,0,0,0,0,NULL,2019-03-17 19:41:21,2022-04-25 13:39:16
1212,10,0,56,0,5,4.64,2020-05-02 15:24:07,2024-08-22 22:18:26
154,16,4,38,0,8,4.28,2019-03-03 7:13:06,2024-09-30 20:31:07
3461,13,0,66,0,4,4.77,2022-12-01 19:40:29,2024-10-08 17:05:25
3407,15,324,362,2,7,4.9,2020-02-20 19:56:32,2024-10-09 14:43:09
675,13,18,19,0,0,5,2024-04-03 15:51:10,2024-10-03 5:42:00
1761,13,2,12,0,0,5,2023-10-28 14:15:32,2024-09-30 20:04:24
1370,13,0,5,0,0,5,2021-11-13 15:25:48,2024-09-30 11:23:16
3158,13,28,117,0,7,4.77,2021-11-11 9:09:39,2024-09-30 15:20:54
679,13,0,39,0,8,4.32,2024-01-12 9:05:46,2024-09-27 8:42:08
1653,13,0,47,0,7,4.46,2022-09-25 15:28:58,2024-09-21 12:51:19
2108,13,2,0,0,0,0,2024-08-12 17:18:50,2024-09-12 18:40:05
956,13,4,84,0,1,4.95,2023-02-24 22:53:58,2024-09-29 10:32:05
3523,13,33,53,0,2,4.85,2022-06-05 10:10:38,2024-10-04 23:24:25
2068,13,4,62,0,0,5,2022-01-24 22:27:17,2024-10-04 13:27:08
1607,13,4,62,0,0,5,2022-01-24 22:27:17,2024-10-04 13:27:08
3128,13,2,6,0,0,5,2024-04-09 14:32:20,2024-09-30 11:24:36
1176,13,10,37,0,1,4.89,2023-12-27 12:42:50,2024-09-30 15:01:27
1351,10,0,31,1,4,4.5,2020-08-02 12:54:27,2024-09-27 9:17:25
2154,16,67,33,0,5,4.47,2019-12-12 16:49:16,2024-09-12 9:03:02
1104,16,0,1,0,0,5,2021-01-17 20:30:26,2024-08-05 22:06:48
124,13,2,0,0,0,NULL,2024-06-27 17:12:34,2024-08-01 16:58:06
2413,13,21,45,0,0,4.98,2022-01-03 15:38:55,2024-09-30 8:56:23
1198,13,21,45,0,0,4.98,2022-01-03 15:38:55,2024-09-30 8:56:23
957,13,0,0,0,0,0,2024-07-12 11:35:08,2024-10-03 14:02:25
369,13,3,27,0,1,4.86,2022-10-23 12:00:35,2024-10-04 18:30:30
676,16,33,58,0,0,4.98,2019-06-11 6:51:56,2024-10-05 13:08:29
323,13,17,30,0,0,5,2023-12-27 15:52:33,2024-10-04 16:04:47
683,13,65,51,0,0,5,2023-05-04 16:27:11,2024-10-04 10:35:54
2782,13,0,219,0,2,4.95,2022-12-14 13:01:07,2024-10-03 16:08:13
1030,13,87,151,0,1,4.97,2023-05-16 14:20:16,2024-10-01 9:28:06
1117,13,0,0,0,0,NULL,2024-08-14 15:59:56,2024-10-01 13:42:27
1780,13,3,11,0,0,4.91,2022-06-16 21:42:36,2024-09-30 14:08:36
200,2,1,0,0,0,NULL,2018-07-03 11:31:50,2022-04-21 21:38:06
98,2,1,0,0,0,NULL,2018-07-03 11:31:50,2022-04-21 21:38:06
3532,2,0,28,0,1,4.83,2014-02-26 9:58:30,2020-11-26 10:21:08
2965,2,0,28,0,1,4.83,2014-02-26 9:58:30,2020-11-26 10:21:08
1651,2,0,28,0,1,4.83,2014-02-26 9:58:30,2020-11-26 10:21:08
1437,2,0,28,0,1,4.83,2014-02-26 9:58:30,2020-11-26 10:21:08
1095,2,0,28,0,1,4.83,2014-02-26 9:58:30,2020-11-26 10:21:08
908,2,0,28,0,1,4.83,2014-02-26 9:58:30,2020-11-26 10:21:08
843,2,0,28,0,1,4.83,2014-02-26 9:58:30,2020-11-26 10:21:08
674,2,0,28,0,1,4.83,2014-02-26 9:58:30,2020-11-26 10:21:08
26,2,0,28,0,1,4.83,2014-02-26 9:58:30,2020-11-26 10:21:08
2864,2,0,0,0,0,NULL,2019-04-02 10:35:09,2022-05-13 8:18:09
2551,2,0,0,0,0,NULL,2019-04-02 10:35:09,2022-05-13 8:18:09
1696,2,0,0,0,0,NULL,2018-09-20 11:20:21,2022-04-22 15:25:03
944,2,0,0,0,0,NULL,2018-09-20 11:20:21,2022-04-22 15:25:03
858,2,0,0,0,0,NULL,2019-05-20 19:48:21,2022-04-26 21:25:08
330,2,0,0,0,0,NULL,2019-05-20 19:48:21,2022-04-26 21:25:08
2665,21,46,12,0,0,4.92,2021-12-04 8:30:21,2024-10-08 20:15:57
2622,21,46,12,0,0,4.92,2021-12-04 8:30:21,2024-10-08 20:15:57
820,13,3,20,0,4,4.33,2024-06-28 20:51:07,2024-10-08 4:48:51
1459,10,83,131,2,9,4.72,2021-04-12 11:05:02,2024-10-07 12:09:43
1197,13,37,58,0,1,4.93,2021-05-05 15:12:34,2024-10-07 9:24:27
1378,16,7,131,2,3,4.85,2021-06-05 9:17:29,2024-10-06 21:02:23
3446,13,0,0,0,0,NULL,2024-06-25 16:13:01,2024-10-06 20:11:43
1815,18,0,29,0,2,4.74,2023-03-03 18:38:57,2024-10-05 23:13:18
3529,24,14,19,0,0,5,2024-01-16 15:19:15,2024-10-06 13:34:57
2258,18,176,266,1,12,4.78,2022-01-21 5:51:57,2024-10-03 19:00:16
2144,18,176,266,1,12,4.78,2022-01-21 5:51:57,2024-10-03 19:00:16
3616,13,12,15,0,0,4.93,2024-05-10 14:59:33,2024-10-04 11:57:49
1225,18,1,4,0,0,5,2023-12-25 13:40:31,2024-10-03 10:02:37
2599,13,57,65,0,0,4.98,2024-01-22 13:04:29,2024-10-03 8:27:33
2012,10,1,1,0,0,5,2024-07-27 21:55:44,2024-08-26 20:46:37
2509,16,10,90,0,0,4.99,2019-08-27 3:31:16,2024-10-09 13:02:55
145,13,0,95,0,4,4.83,2022-04-11 10:08:38,2024-10-09 16:51:43
1313,10,9,6,0,0,5,2020-10-28 14:20:30,2024-10-09 11:32:50
1119,18,125,243,1,0,4.98,2021-02-22 8:12:35,2024-10-09 8:08:03
1685,13,0,4,0,0,5,2024-07-11 14:35:19,2024-09-30 11:10:44
1034,13,27,31,1,1,4.79,2022-04-24 14:53:56,2024-10-07 19:42:26
2247,19,33,46,0,0,5,2023-07-22 19:24:01,2024-10-07 19:13:48
954,16,6,103,0,4,4.8,2022-02-01 8:34:14,2024-10-07 22:49:20
697,16,6,103,0,4,4.8,2022-02-01 8:34:14,2024-10-07 22:49:20
3276,13,0,10,0,0,5,2021-01-01 22:00:01,2024-10-06 15:55:19
708,13,0,10,0,0,5,2021-01-01 22:00:01,2024-10-06 15:55:19
3497,10,6,69,0,2,4.89,2021-05-03 18:02:55,2024-10-06 12:49:31
768,16,13,24,0,3,4.59,2022-02-18 13:46:11,2024-10-06 13:26:16
198,16,13,24,0,3,4.59,2022-02-18 13:46:11,2024-10-06 13:26:16
285,13,2,30,0,0,5,2022-09-23 11:05:12,2024-10-06 16:38:23
3214,13,9,47,0,0,5,2022-06-27 10:59:36,2024-10-04 19:09:18
1253,16,1,9,0,0,5,2024-03-26 17:43:55,2024-10-09 12:56:16
3067,13,2,113,0,2,4.93,2023-11-06 10:30:28,2024-10-09 16:51:08
2589,16,26,69,1,7,4.55,2019-10-15 11:14:05,2024-10-09 16:42:15
1970,15,88,142,0,2,4.94,2024-03-27 23:58:48,2024-10-08 18:52:33
1255,10,167,91,1,1,4.9,2024-05-11 9:31:51,2024-10-09 9:36:29
2276,13,0,167,0,0,4.99,2021-03-27 13:46:06,2024-10-08 17:08:19
1528,13,9,36,0,2,4.79,2023-07-10 12:39:26,2024-10-07 21:12:09
322,13,7,134,1,0,4.99,2023-08-03 5:51:19,2024-10-08 14:45:57
2867,18,0,11,0,3,4.14,2024-04-24 17:40:20,2024-10-07 18:54:47
2085,13,0,7,0,0,5,2021-07-20 1:46:19,2024-10-07 11:34:39
917,13,3,88,0,0,4.99,2022-10-31 20:56:03,2024-10-04 20:11:33
53,16,10,98,0,3,4.87,2021-02-22 11:42:03,2024-10-04 23:23:39
2071,13,0,43,0,0,5,2022-06-25 5:00:56,2024-10-04 9:46:05
421,16,0,441,1,5,4.95,2017-07-25 22:03:42,2024-09-19 9:27:08
2289,10,0,10,0,0,5,2020-12-29 7:39:14,2024-09-10 20:53:25
3643,2,9,1,0,0,5,2019-04-04 14:03:06,2022-04-25 22:29:12
3607,2,9,1,0,0,5,2019-04-04 14:03:06,2022-04-25 22:29:12
3685,15,0,35,0,0,4.97,2015-09-07 6:38:33,2022-09-15 9:54:32
2892,15,0,35,0,0,4.97,2015-09-07 6:38:33,2022-09-15 9:54:32
2677,15,0,35,0,0,4.97,2015-09-07 6:38:33,2022-09-15 9:54:32
1256,15,0,35,0,0,4.97,2015-09-07 6:38:33,2022-09-15 9:54:32
805,15,0,35,0,0,4.97,2015-09-07 6:38:33,2022-09-15 9:54:32
518,15,0,35,0,0,4.97,2015-09-07 6:38:33,2022-09-15 9:54:32
1452,13,0,9,0,0,5,2023-05-30 19:26:00,2024-10-04 18:31:50
2915,13,59,11,0,2,4.38,2024-07-25 10:29:19,2024-10-05 7:29:31
2764,13,2,18,0,2,4.6,2022-10-15 9:48:04,2024-10-03 8:35:35
1710,13,28,205,0,1,4.98,2021-03-04 10:12:15,2024-10-03 8:48:55
795,13,6,4,0,0,5,2024-06-13 16:09:52,2024-10-03 7:26:26
1156,13,1,64,0,0,5,2022-09-18 7:59:54,2024-10-01 17:16:08
2602,13,9,367,0,4,4.95,2022-05-05 16:28:31,2024-10-02 8:59:50
2475,13,1,22,0,0,5,2024-01-31 15:43:45,2024-10-02 8:15:42
1064,13,0,1,0,0,5,2023-04-12 16:27:23,2024-09-30 19:46:46
2541,13,4,5,0,0,5,2023-02-01 20:30:01,2024-09-30 9:22:57
972,13,0,0,0,0,NULL,2024-09-11 18:06:09,2024-09-18 12:53:03
3599,18,0,54,0,0,5,2024-05-17 17:53:08,2024-08-06 15:37:54
2494,18,2,6,0,0,5,2021-01-27 8:23:18,2024-09-30 17:38:57
905,7,7,20,0,3,4.48,2019-09-09 16:18:27,2024-09-30 3:00:16
871,18,0,27,0,0,5,2023-05-21 3:57:38,2024-09-30 13:47:07
2178,12,9,30,0,1,4.87,2024-02-11 15:43:35,2024-09-26 6:03:44
3239,10,0,9,0,0,5,2022-10-22 18:38:13,2024-09-22 8:33:18
101,13,0,41,0,5,4.54,2023-04-24 20:33:17,2024-09-15 19:16:12
1496,15,0,76,0,1,4.94,2024-05-15 13:32:25,2024-08-29 9:59:24
398,13,48,52,2,9,4.33,2022-06-14 20:51:32,2024-07-17 18:55:18
3465,13,0,15,0,1,4.75,2022-11-06 22:33:29,2024-10-06 21:48:33
455,10,24,63,0,1,4.91,2023-09-05 15:52:07,2024-10-06 21:21:46
706,13,1,4,0,0,5,2023-07-28 6:28:24,2024-10-07 12:00:25
1741,10,10,8,0,0,5,2024-06-09 9:33:50,2024-10-06 20:04:46
188,13,2,53,0,0,5,2024-02-23 21:42:06,2024-10-06 12:37:04
2693,10,13,182,0,1,4.95,2021-04-21 9:17:24,2024-10-06 12:24:30
1376,13,0,9,0,2,4.27,2023-10-18 14:44:52,2024-10-06 17:03:26
2357,13,5,18,0,0,5,2024-04-01 10:21:00,2024-10-06 14:30:23
544,13,7,230,0,0,4.99,2021-03-27 23:19:21,2024-10-04 18:06:25
3309,18,0,51,0,0,5,2023-09-13 15:54:56,2024-10-04 16:55:40
224,13,1,29,0,1,4.87,2024-05-27 17:50:50,2024-09-30 13:13:11
426,13,0,6,0,0,5,2023-10-26 19:57:51,2024-10-03 6:34:06
2064,13,0,53,0,0,5,2021-05-08 20:22:08,2024-09-30 19:18:02
72,13,18,26,0,1,4.85,2023-10-01 1:47:44,2024-10-04 11:07:04
1393,18,8,2,0,0,5,2022-11-06 18:50:51,2024-10-04 11:42:45
2843,18,69,76,0,1,4.94,2021-10-02 6:01:00,2024-10-03 19:26:11
2217,13,0,221,0,1,4.97,2023-04-09 12:10:59,2024-10-02 18:19:25
618,18,68,58,0,1,4.93,2021-07-31 13:05:24,2024-10-03 12:50:25
2157,16,8,14,0,0,5,2022-08-30 16:51:26,2024-10-01 18:10:34
657,13,0,25,0,3,4.57,2024-07-15 16:56:06,2024-09-30 17:27:01
2717,13,0,1,0,0,5,2022-11-11 2:40:23,2024-09-29 14:03:22
1379,13,1,23,0,1,4.83,2023-08-23 21:25:32,2024-09-27 23:52:04
3040,10,51,26,0,0,4.96,2022-07-21 13:53:49,2024-09-23 10:27:23
3638,13,0,47,0,1,4.92,2023-01-12 17:59:04,2024-10-05 5:16:56
1510,13,2,1,0,1,3,2024-04-26 20:57:55,2024-10-05 12:43:20
378,18,48,198,1,0,4.97,2022-04-28 18:43:40,2024-10-01 19:00:41
1835,7,12,8,0,1,4.56,2019-04-25 20:38:58,2024-09-30 17:23:52
1274,13,9,116,0,0,5,2021-06-06 10:29:44,2024-10-01 11:50:16
58,13,0,0,0,0,NULL,2024-09-05 19:41:06,2024-09-30 12:38:55
690,16,0,207,4,10,4.7,2020-01-24 5:55:14,2024-09-30 10:48:39
2279,13,1,39,0,0,5,2024-03-19 19:37:59,2024-09-30 14:42:05
1487,16,0,1,0,0,5,2023-06-05 19:33:57,2024-09-29 16:30:38
3411,16,12,45,0,1,4.91,2016-04-24 14:09:44,2024-09-25 6:49:48
922,18,47,68,1,1,4.91,2021-03-11 20:21:34,2024-10-09 16:29:25
2634,16,6,155,2,16,4.59,2020-05-25 23:26:35,2024-10-09 16:52:50
3514,18,14,39,1,0,4.93,2021-12-09 18:37:10,2024-10-08 11:28:34
1545,18,14,39,1,0,4.93,2021-12-09 18:37:10,2024-10-08 11:28:34
3186,3,29,37,0,0,5,2022-01-22 12:46:18,2024-10-06 12:43:52
339,3,29,37,0,0,5,2022-01-22 12:46:18,2024-10-06 12:43:52
2810,13,0,7,0,0,5,2022-05-31 16:37:05,2024-09-30 12:33:43
1975,18,6,27,0,1,4.86,2022-02-01 11:30:46,2024-09-30 13:21:00
486,18,6,27,0,1,4.86,2022-02-01 11:30:46,2024-09-30 13:21:00
3178,13,2,26,0,0,4.96,2023-10-23 14:32:32,2024-09-15 9:40:10
885,13,0,66,0,6,4.67,2023-04-05 13:36:23,2024-08-12 10:01:23
1145,19,0,0,0,0,0,2022-10-25 11:19:39,2024-06-26 6:44:38
2958,13,8,122,1,30,4.18,2021-04-05 18:23:04,2024-10-04 23:13:31
1563,15,41,41,0,2,4.81,2022-07-31 22:42:34,2024-09-30 22:54:27
170,16,0,434,1,5,4.93,2024-06-04 21:49:57,2024-09-30 20:52:27
1748,18,90,133,2,2,4.88,2022-02-10 10:01:37,2024-10-09 12:43:52
757,18,90,133,2,2,4.88,2022-02-10 10:01:37,2024-10-09 12:43:52
2019,13,7,275,1,6,4.9,2022-03-29 19:44:57,2024-10-09 16:53:25
3221,16,5,100,0,1,4.95,2018-04-14 15:17:30,2024-10-08 10:36:42
942,13,4,5,0,1,4.33,2024-08-23 14:57:51,2024-10-07 23:05:18
1807,13,18,59,1,5,4.66,2023-01-09 16:27:23,2024-10-06 17:52:06
3303,13,9,59,0,0,5,2022-04-25 7:37:53,2024-10-04 18:57:39
3483,13,0,10,0,0,5,2023-08-07 9:20:26,2024-10-03 0:37:04
1977,3,0,33,0,1,4.88,2014-10-22 17:55:11,2024-09-03 13:49:41
1613,3,0,33,0,1,4.88,2014-10-22 17:55:11,2024-09-03 13:49:41
3611,13,0,5,1,0,4.5,2024-06-09 13:51:52,2024-08-21 22:59:55
945,13,6,162,1,4,4.89,2021-06-07 8:06:22,2024-10-05 14:47:41
2733,13,0,19,0,0,5,2024-04-26 10:32:11,2024-10-04 15:14:38
1682,16,6,2,0,0,5,2022-09-06 17:49:55,2024-09-13 9:11:10
1592,13,0,0,0,1,1,2024-08-26 14:48:23,2024-09-26 17:52:31
1776,10,386,66,0,1,4.91,2020-01-26 20:21:31,2024-09-10 14:53:58
3657,13,0,1,0,0,5,2023-11-02 19:38:14,2024-08-19 17:04:20
3281,2,0,0,0,0,NULL,2020-03-29 9:15:01,2022-05-02 23:39:11
2948,2,0,0,0,0,NULL,2020-03-29 9:15:01,2022-05-02 23:39:11
2038,16,0,82,1,24,4.07,2020-09-07 13:37:47,2024-09-17 21:13:21
1029,13,0,4,0,0,5,2022-12-19 18:06:28,2024-09-05 12:34:25
1361,16,0,1,0,2,2.33,2024-03-26 11:42:53,2024-08-27 14:55:47
3299,2,0,1,0,0,5,2017-11-03 7:42:19,2019-11-03 2:00:20
1644,2,0,1,0,0,5,2017-11-03 7:42:19,2019-11-03 2:00:20
3100,13,0,0,0,0,NULL,2014-08-31 2:49:46,2019-10-31 4:00:02
2610,13,0,0,0,0,NULL,2014-08-31 2:49:46,2019-10-31 4:00:02
1923,13,0,0,0,0,NULL,2014-08-31 2:49:46,2019-10-31 4:00:02
1381,13,0,0,0,0,NULL,2014-08-31 2:49:46,2019-10-31 4:00:02
1280,13,0,0,0,0,NULL,2014-08-31 2:49:46,2019-10-31 4:00:02
304,13,0,0,0,0,NULL,2014-08-31 2:49:46,2019-10-31 4:00:02
274,13,0,0,0,0,NULL,2014-08-31 2:49:46,2019-10-31 4:00:02
3012,2,0,0,0,0,NULL,2016-07-05 18:13:11,2021-09-06 1:20:26
1214,2,0,0,0,0,NULL,2016-07-05 18:13:11,2021-09-06 1:20:26
3532,1,0,0,0,0,NULL,2017-09-29 12:58:38,2020-11-03 18:00:20
2965,1,0,0,0,0,NULL,2017-09-29 12:58:38,2020-11-03 18:00:20
1651,1,0,0,0,0,NULL,2017-09-29 12:58:38,2020-11-03 18:00:20
1437,1,0,0,0,0,NULL,2017-09-29 12:58:38,2020-11-03 18:00:20
1095,1,0,0,0,0,NULL,2017-09-29 12:58:38,2020-11-03 18:00:20
908,1,0,0,0,0,NULL,2017-09-29 12:58:38,2020-11-03 18:00:20
843,1,0,0,0,0,NULL,2017-09-29 12:58:38,2020-11-03 18:00:20
674,1,0,0,0,0,NULL,2017-09-29 12:58:38,2020-11-03 18:00:20
26,1,0,0,0,0,NULL,2017-09-29 12:58:38,2020-11-03 18:00:20
2675,13,0,5,0,0,5,2023-12-03 21:01:10,2024-08-14 11:56:50
2174,2,1,2,0,0,5,2018-03-09 23:22:30,2022-05-12 9:31:09
1909,2,1,2,0,0,5,2018-03-09 23:22:30,2022-05-12 9:31:09
1469,13,44,59,0,3,4.81,2023-08-30 12:32:53,2024-10-02 17:46:34
1301,13,31,15,0,0,5,2023-01-10 14:35:14,2024-10-01 18:43:52
3359,13,4,14,0,0,5,2022-08-21 14:26:20,2024-10-01 14:48:22
2406,18,39,10,0,2,4.33,2022-10-09 11:32:35,2024-10-01 8:39:43
1958,16,0,20,0,0,5,2019-10-28 18:12:53,2024-09-29 19:59:15
2522,13,11,5,0,0,5,2023-05-24 12:14:29,2024-09-30 13:34:17
1305,13,24,6,0,0,5,2023-06-06 20:48:29,2024-09-30 16:23:59
3385,13,0,0,0,0,NULL,2024-08-17 18:18:56,2024-09-26 16:57:04
2520,16,2,3,0,2,3.6,2024-05-14 20:29:26,2024-09-25 19:20:42
1698,13,5,11,0,0,5,2021-04-07 18:23:25,2024-08-31 11:38:45
799,18,0,32,0,1,4.91,2022-09-30 22:09:29,2024-10-06 12:23:46
1466,18,2,22,0,1,4.74,2021-11-16 18:19:44,2024-10-06 12:18:52
1173,18,2,22,0,1,4.74,2021-11-16 18:19:44,2024-10-06 12:18:52
601,18,18,36,0,8,4.27,2022-04-30 19:24:21,2024-10-06 13:28:47
1691,7,11,2,0,1,3.33,2020-07-12 16:41:27,2024-10-04 18:40:23
3569,13,59,466,2,16,4.85,2023-01-12 14:36:32,2024-10-04 21:30:10
2189,13,7,49,0,0,5,2022-11-15 21:51:22,2024-10-02 21:15:56
1227,16,0,2,0,0,5,2023-03-11 17:54:30,2024-09-27 20:16:20
2961,16,1,15,0,1,4.69,2019-10-25 20:18:59,2024-09-14 12:08:49
3650,13,0,0,0,0,NULL,2024-08-12 13:52:24,2024-09-11 20:43:58
3358,3,0,0,0,0,NULL,2016-09-13 7:19:07,2024-07-09 1:30:11
1816,3,0,0,0,0,NULL,2016-09-13 7:19:07,2024-07-09 1:30:11
1805,3,0,0,0,0,NULL,2016-09-13 7:19:07,2024-07-09 1:30:11
1582,3,0,0,0,0,NULL,2016-09-13 7:19:07,2024-07-09 1:30:11
975,3,0,0,0,0,NULL,2016-09-13 7:19:07,2024-07-09 1:30:11
688,3,0,0,0,0,NULL,2016-09-13 7:19:07,2024-07-09 1:30:11
3420,2,0,0,0,0,NULL,2019-01-27 18:27:24,2022-05-13 1:59:09
71,2,0,0,0,0,NULL,2019-01-27 18:27:24,2022-05-13 1:59:09
1679,2,1,0,0,0,NULL,2019-09-16 14:44:56,2022-05-13 21:11:22
1401,2,1,0,0,0,NULL,2019-09-16 14:44:56,2022-05-13 21:11:22
3166,2,30,9,0,0,5,2018-06-16 19:29:23,2022-04-21 18:22:12
2659,2,30,9,0,0,5,2018-06-16 19:29:23,2022-04-21 18:22:12
2605,14,0,0,0,0,NULL,2019-02-20 23:30:32,2022-08-03 4:30:08
2106,14,0,0,0,0,NULL,2019-02-20 23:30:32,2022-08-03 4:30:08
3369,2,7,1,0,0,5,2017-02-10 9:51:29,2022-04-10 17:57:02
1189,2,7,1,0,0,5,2017-02-10 9:51:29,2022-04-10 17:57:02
2080,2,0,0,0,0,NULL,2016-09-07 12:54:02,2022-10-04 1:37:16
1949,2,0,0,0,0,NULL,2016-09-07 12:54:02,2022-10-04 1:37:16
2744,16,56,115,1,1,4.94,2021-02-28 13:00:06,2024-10-06 10:45:56
2417,13,16,16,0,1,4.76,2022-07-03 16:18:03,2024-10-06 8:43:51
2879,13,6,43,0,0,5,2022-05-24 20:09:09,2024-10-04 17:56:00
1133,25,130,30,0,0,5,2023-07-03 3:17:22,2024-10-04 15:19:33
1380,13,33,129,0,2,4.94,2022-05-15 8:31:28,2024-10-04 10:47:38
3546,13,7,371,0,0,5,2023-08-06 9:42:48,2024-10-04 12:01:17
3307,18,11,18,0,1,4.74,2023-01-07 21:49:11,2024-10-04 11:17:46
1177,13,21,21,0,0,5,2023-09-25 16:19:16,2024-10-02 20:35:28
2103,7,0,4,0,0,5,2022-02-03 12:26:22,2024-10-03 7:27:52
735,7,0,4,0,0,5,2022-02-03 12:26:22,2024-10-03 7:27:52
1172,10,0,61,0,1,4.92,2019-10-23 17:29:28,2024-10-03 7:29:27
2415,10,19,95,0,2,4.9,2021-05-03 10:17:43,2024-10-02 19:33:18
3589,18,4,2,0,0,5,2023-01-20 11:46:29,2024-09-30 22:14:53
1749,13,0,4,0,0,4.75,2023-10-25 15:54:54,2024-09-30 19:36:14
3231,18,18,44,3,14,3.95,2022-12-14 18:05:37,2024-10-01 8:40:30
365,10,0,13,0,0,5,2019-09-29 14:19:42,2024-09-30 9:37:44
384,13,0,0,0,0,0,2024-08-13 17:03:30,2024-09-26 17:19:29
2647,13,38,400,1,6,4.93,2022-03-14 21:46:01,2024-10-04 13:13:04
3567,13,0,36,0,0,5,2023-08-15 12:20:28,2024-10-01 11:43:50
3498,13,1,12,0,0,5,2021-10-24 19:47:15,2024-09-30 10:47:49
1077,13,0,84,0,1,4.95,2021-06-19 21:36:31,2024-09-30 15:02:13
37,13,0,2,0,0,5,2024-03-03 13:18:39,2024-09-30 8:52:38
1407,13,1,0,0,0,NULL,2024-07-01 0:28:23,2024-09-20 21:42:02
1050,13,4,36,0,0,5,2022-07-04 16:34:44,2024-09-27 14:34:05
874,16,4,10,0,0,4.9,2019-12-04 20:37:40,2024-08-28 18:02:06
632,13,0,1,0,0,5,2023-08-22 13:39:42,2024-09-14 11:42:41
1834,13,3,52,0,0,5,2023-02-12 14:43:33,2024-09-10 9:50:47
1867,13,0,2,0,0,5,2024-07-19 12:00:03,2024-10-04 16:36:40
81,13,0,2,0,0,5,2024-07-03 21:24:51,2024-09-26 19:07:48
1952,13,25,67,0,1,4.93,2022-04-12 20:28:51,2024-09-18 6:30:57
1703,13,1,107,0,0,4.96,2021-04-16 17:43:30,2024-08-12 11:34:36
2055,2,0,0,0,0,NULL,2016-10-23 11:28:37,2022-01-22 2:23:06
407,2,0,0,0,0,NULL,2016-10-23 11:28:37,2022-01-22 2:23:06
3404,1,0,0,0,0,NULL,2016-06-13 7:44:24,2017-01-29 2:00:06
2232,1,0,0,0,0,NULL,2016-06-13 7:44:24,2017-01-29 2:00:06
2073,1,0,0,0,0,NULL,2016-06-13 7:44:24,2017-01-29 2:00:06
1094,1,0,0,0,0,NULL,2016-06-13 7:44:24,2017-01-29 2:00:06
571,1,0,0,0,0,NULL,2016-06-13 7:44:24,2017-01-29 2:00:06
477,1,0,0,0,0,NULL,2016-06-13 7:44:24,2017-01-29 2:00:06
420,1,0,0,0,0,NULL,2016-06-13 7:44:24,2017-01-29 2:00:06
19,1,0,0,0,0,NULL,2016-06-13 7:44:24,2017-01-29 2:00:06
3653,2,110,35,0,0,5,2014-11-22 8:03:17,2020-11-07 5:22:41
3601,2,110,35,0,0,5,2014-11-22 8:03:17,2020-11-07 5:22:41
2981,2,110,35,0,0,5,2014-11-22 8:03:17,2020-11-07 5:22:41
1523,2,110,35,0,0,5,2014-11-22 8:03:17,2020-11-07 5:22:41
1164,2,110,35,0,0,5,2014-11-22 8:03:17,2020-11-07 5:22:41
593,2,110,35,0,0,5,2014-11-22 8:03:17,2020-11-07 5:22:41
70,2,110,35,0,0,5,2014-11-22 8:03:17,2020-11-07 5:22:41
662,2,3,0,0,0,NULL,2018-11-29 20:44:09,2022-05-12 23:00:11
400,2,3,0,0,0,NULL,2018-11-29 20:44:09,2022-05-12 23:00:11
3182,2,0,0,0,0,NULL,2018-10-19 19:01:46,2022-04-23 0:35:15
2380,2,0,0,0,0,NULL,2018-10-19 19:01:46,2022-04-23 0:35:15
2348,2,0,0,0,0,NULL,2020-07-10 18:06:25,2022-05-04 23:05:14
1847,2,0,0,0,0,NULL,2020-07-10 18:06:25,2022-05-04 23:05:14
122,13,14,174,0,1,4.97,2023-04-13 16:37:14,2024-09-30 12:04:42
1664,13,0,2,0,0,5,2022-12-04 8:28:33,2024-09-21 14:42:22
1668,13,1,29,0,5,4.41,2023-05-10 19:17:06,2024-09-20 15:16:01
440,16,3,6,0,1,4.29,2024-06-18 18:00:30,2024-09-24 21:06:57
3317,13,0,1,0,0,5,2023-05-26 10:02:20,2024-09-26 15:50:53
1230,10,1,15,0,2,4.35,2020-01-02 21:15:06,2024-09-16 14:59:46
228,13,4,21,0,0,5,2022-11-15 22:47:23,2024-09-10 17:46:00
3513,16,0,0,0,0,0,2024-01-10 23:30:29,2024-07-30 16:15:39
876,13,0,6,0,4,3.4,2023-08-18 16:36:26,2024-08-19 23:31:18
2825,13,0,125,0,8,4.75,2023-05-24 4:29:23,2024-10-05 21:18:25
1398,16,10,97,2,8,4.64,2018-05-18 15:37:46,2024-10-06 5:47:00
1591,13,0,58,0,0,5,2022-01-28 14:32:02,2024-10-04 18:04:56
210,13,0,58,0,0,5,2022-01-28 14:32:02,2024-10-04 18:04:56
892,13,0,112,1,4,4.85,2023-12-21 21:47:37,2024-10-04 20:00:26
1132,13,32,44,0,0,5,2021-07-25 9:04:49,2024-10-04 10:35:54
29,13,0,0,0,0,NULL,2024-07-23 17:24:26,2024-10-01 21:16:43
984,13,5,5,0,0,5,2022-11-20 9:38:39,2024-10-01 11:12:30
1546,13,2,8,0,0,4.88,2023-03-20 21:12:00,2024-08-14 16:45:19
583,18,4,2,0,0,5,2024-07-15 9:23:54,2024-09-01 11:44:03
2806,13,12,112,0,1,4.96,2021-04-01 11:33:22,2024-10-06 9:25:37
3557,13,2,5,0,1,4.33,2024-07-29 16:38:50,2024-10-03 19:53:55
1969,13,1,23,0,0,5,2023-09-23 10:20:17,2024-10-04 11:48:17
258,13,0,0,0,0,NULL,2024-07-26 16:20:47,2024-10-01 19:07:41
2438,13,0,168,0,3,4.94,2022-07-25 13:20:04,2024-10-01 11:19:26
3247,12,0,55,1,1,4.89,2023-09-24 7:50:53,2024-09-24 18:17:47
2973,13,0,1,0,0,5,2024-08-30 2:16:09,2024-09-23 18:59:55
3544,13,0,32,0,0,5,2023-01-16 9:22:04,2024-09-22 21:27:23
2464,19,0,42,0,0,5,2024-06-10 11:56:24,2024-09-20 8:45:08
969,16,11,48,2,1,4.82,2019-03-14 18:34:29,2024-08-01 16:45:02
2423,16,53,421,2,83,4.3,2017-04-28 9:50:05,2024-10-07 10:23:04
862,2,24,185,0,2,4.96,2016-11-02 18:15:35,2024-10-08 17:36:55
3351,10,5,50,0,5,4.58,2020-01-22 20:02:12,2024-10-09 16:44:56
422,13,28,69,0,3,4.82,2023-05-01 19:19:04,2024-10-09 16:13:45
3043,13,19,149,0,0,5,2022-07-12 18:39:15,2024-10-09 11:36:00
3281,16,15,77,1,4,4.74,2022-01-29 23:25:51,2024-10-08 18:45:45
2948,16,15,77,1,4,4.74,2022-01-29 23:25:51,2024-10-08 18:45:45
1883,15,4,318,0,4,4.96,2022-05-10 11:44:32,2024-10-08 18:35:14
2552,16,8,535,2,41,4.69,2019-01-27 12:47:05,2024-10-08 19:26:40
1100,13,439,257,2,50,4.32,2022-10-22 17:53:58,2024-10-08 19:35:15
367,13,3,98,0,7,4.73,2023-03-24 19:45:37,2024-10-08 19:55:48
3377,16,29,568,1,17,4.87,2018-04-04 6:26:04,2024-10-09 7:52:42
1817,18,220,97,0,0,5,2021-11-19 10:23:19,2024-10-08 16:03:05
1343,18,220,97,0,0,5,2021-11-19 10:23:19,2024-10-08 16:03:05
2478,16,54,20,0,2,4.64,2018-08-28 14:18:43,2024-10-08 4:37:02
2310,13,2,33,0,0,5,2021-02-12 17:13:09,2024-09-30 9:44:01
278,18,45,91,0,1,4.91,2021-01-21 14:41:53,2024-10-08 16:31:40
360,13,0,28,0,1,4.83,2023-05-02 0:28:06,2024-10-08 14:10:55
399,13,16,3,0,0,5,2023-05-14 10:12:17,2024-10-07 9:55:48
1766,13,0,0,0,0,NULL,2024-07-15 21:00:37,2024-08-20 12:13:23
2396,13,0,0,0,0,NULL,2024-07-31 15:10:19,2024-09-26 14:40:27
1027,16,0,193,0,2,4.95,2021-04-22 13:19:14,2024-07-24 21:07:09
42,16,2,103,0,5,4.77,2019-12-29 13:43:42,2024-09-23 19:35:12
284,10,20,11,0,2,4.31,2021-06-17 19:49:13,2024-09-13 19:55:42
2345,16,1,105,1,3,4.84,2017-03-26 12:41:42,2024-09-04 18:11:25
3564,16,0,4,0,0,5,2018-01-19 16:23:39,2024-08-31 15:02:48
176,16,0,4,0,0,5,2018-01-19 16:23:39,2024-08-31 15:02:48
2044,18,0,0,0,0,NULL,2024-06-14 9:15:53,2024-07-17 20:50:09
1633,13,0,19,0,0,5,2021-05-25 9:25:37,2024-07-13 10:50:03
3036,13,1,53,0,0,5,2021-08-30 19:59:40,2024-09-25 14:45:21
476,13,3,2,0,0,5,2022-03-12 17:42:22,2024-09-26 8:41:39
1058,21,0,1,0,0,5,2023-10-05 1:33:21,2024-09-13 13:17:44
741,15,1,0,0,0,NULL,2024-04-07 9:20:50,2024-08-24 20:43:05
588,16,1,4,0,0,5,2021-10-03 21:41:06,2024-07-07 14:06:41
759,16,2,84,0,3,4.82,2022-07-03 17:52:56,2024-10-05 22:23:33
1300,13,10,4,0,0,5,2022-09-08 15:54:14,2024-10-06 13:44:33
148,13,9,112,0,0,4.99,2022-08-07 17:00:00,2024-10-06 14:06:35
1797,13,0,36,0,2,4.79,2021-08-27 17:30:25,2024-10-01 14:38:20
1514,18,4,18,0,0,4.89,2021-05-23 22:54:14,2024-09-30 9:34:44
3418,13,0,0,0,0,NULL,2024-07-29 21:40:09,2024-09-26 14:29:07
3160,13,0,0,0,0,NULL,2022-01-02 18:17:55,2024-09-15 10:03:41
3039,13,0,0,0,0,NULL,2022-01-02 18:17:55,2024-09-15 10:03:41
1181,13,0,0,0,0,NULL,2024-08-12 16:06:06,2024-08-13 15:57:42
1768,13,2,8,0,1,4.33,2024-05-27 18:46:16,2024-10-04 10:35:52
252,13,0,0,0,0,NULL,2024-09-16 17:29:48,2024-09-22 16:12:03
865,13,160,45,0,16,3.95,2021-05-11 2:24:42,2024-10-04 12:01:04
1593,13,90,48,3,11,4.18,2023-05-07 9:44:05,2024-10-03 11:53:36
348,13,0,3,0,0,5,2023-08-13 10:48:56,2024-10-03 11:33:27
2275,19,15,55,0,0,4.96,2019-10-27 20:50:24,2024-10-02 20:26:31
3258,10,0,157,1,16,4.61,2019-10-21 14:57:33,2024-10-03 9:37:12
3398,13,3,13,0,0,5,2023-01-25 12:11:58,2024-09-29 9:54:03
2267,13,1,6,0,0,5,2023-03-29 12:29:01,2024-10-01 10:34:08
1559,13,0,0,0,0,0,2024-07-15 10:10:31,2024-08-14 13:04:44
2901,2,0,0,0,0,NULL,2019-05-04 21:11:49,2022-04-26 12:24:02
2748,2,0,0,0,0,NULL,2019-05-04 21:11:49,2022-04-26 12:24:02
3634,2,43,84,0,0,5,2013-07-28 12:33:24,2022-05-23 15:38:11
3022,2,43,84,0,0,5,2013-07-28 12:33:24,2022-05-23 15:38:11
2110,2,43,84,0,0,5,2013-07-28 12:33:24,2022-05-23 15:38:11
570,2,43,84,0,0,5,2013-07-28 12:33:24,2022-05-23 15:38:11
275,2,43,84,0,0,5,2013-07-28 12:33:24,2022-05-23 15:38:11
1337,18,2,37,1,1,4.82,2024-02-18 16:55:56,2024-08-26 19:46:35
847,13,0,0,0,0,0,2024-06-24 18:25:54,2024-07-30 21:33:20
840,16,0,296,4,11,4.79,2023-07-06 15:49:36,2024-07-04 17:14:44
3683,3,0,0,0,0,NULL,2019-11-01 19:34:27,2022-09-01 9:49:19
2761,3,0,0,0,0,NULL,2019-11-01 19:34:27,2022-09-01 9:49:19
1916,3,0,0,0,0,NULL,2019-11-01 19:34:27,2022-09-01 9:49:19
1290,3,0,0,0,0,NULL,2019-11-01 19:34:27,2022-09-01 9:49:19
191,3,0,0,0,0,NULL,2019-11-01 19:34:27,2022-09-01 9:49:19
13,16,2,0,0,1,1,2023-12-09 22:33:13,2024-08-28 9:24:09
707,13,39,44,0,0,5,2022-08-20 20:03:57,2024-07-12 21:11:09
473,13,15,26,0,0,5,2022-07-31 17:35:17,2024-09-07 13:26:31
3590,2,0,0,0,0,NULL,2020-03-10 18:25:26,2022-05-02 15:07:07
2149,2,0,0,0,0,NULL,2020-03-10 18:25:26,2022-05-02 15:07:07
2655,2,0,21,0,1,4.77,2014-06-13 15:12:02,2024-03-18 12:17:11
1506,2,0,21,0,1,4.77,2014-06-13 15:12:02,2024-03-18 12:17:11
483,2,0,21,0,1,4.77,2014-06-13 15:12:02,2024-03-18 12:17:11
44,2,0,21,0,1,4.77,2014-06-13 15:12:02,2024-03-18 12:17:11
3698,15,0,1,0,0,5,2019-03-13 14:21:11,2022-09-07 19:50:15
3163,15,0,1,0,0,5,2019-03-13 14:21:11,2022-09-07 19:50:15
2425,15,0,1,0,0,5,2019-03-13 14:21:11,2022-09-07 19:50:15
1820,15,0,1,0,0,5,2019-03-13 14:21:11,2022-09-07 19:50:15
147,15,0,1,0,0,5,2019-03-13 14:21:11,2022-09-07 19:50:15
1602,19,4,6,0,2,4,2021-08-05 10:14:30,2024-06-19 18:50:09
3312,13,0,4,0,0,5,2021-12-10 2:25:12,2024-09-30 15:40:12
386,13,0,4,0,0,5,2021-12-10 2:25:12,2024-09-30 15:40:12
718,13,3,61,0,2,4.87,2022-11-24 7:22:51,2024-09-13 5:52:10
927,13,1,0,0,0,NULL,2024-06-26 1:19:56,2024-07-31 7:33:56
3100,2,0,18,1,0,4.89,2012-12-16 10:12:00,2024-04-14 1:30:49
2610,2,0,18,1,0,4.89,2012-12-16 10:12:00,2024-04-14 1:30:49
1923,2,0,18,1,0,4.89,2012-12-16 10:12:00,2024-04-14 1:30:49
1381,2,0,18,1,0,4.89,2012-12-16 10:12:00,2024-04-14 1:30:49
1280,2,0,18,1,0,4.89,2012-12-16 10:12:00,2024-04-14 1:30:49
304,2,0,18,1,0,4.89,2012-12-16 10:12:00,2024-04-14 1:30:49
274,2,0,18,1,0,4.89,2012-12-16 10:12:00,2024-04-14 1:30:49
1612,13,22,186,0,2,4.95,2020-12-12 7:28:59,2024-10-09 12:24:51
2801,13,30,24,0,3,4.52,2023-07-11 11:44:32,2024-10-08 18:03:54
3678,13,5,171,0,6,4.85,2022-01-14 16:52:07,2024-10-09 17:05:01
1354,13,5,171,0,6,4.85,2022-01-14 16:52:07,2024-10-09 17:05:01
2668,16,102,215,2,2,4.94,2017-11-13 23:15:45,2024-10-09 16:45:33
2346,16,102,215,2,2,4.94,2017-11-13 23:15:45,2024-10-09 16:45:33
402,13,27,93,1,2,4.91,2022-07-05 19:32:43,2024-10-07 23:51:14
2001,13,9,57,0,0,5,2023-03-14 13:05:15,2024-10-08 16:24:48
3408,7,34,101,2,1,4.89,2022-03-28 10:26:58,2024-10-08 16:34:08
90,18,175,294,0,17,4.77,2021-03-05 13:51:52,2024-10-08 7:36:42
2202,13,15,55,0,8,4.48,2023-02-19 17:31:50,2024-10-08 7:13:52
3621,16,27,128,1,1,4.91,2018-11-21 11:09:55,2024-10-06 18:02:14
1687,13,0,53,0,4,4.68,2023-12-15 18:51:50,2024-10-05 17:34:27
110,13,0,4,0,0,5,2023-03-09 0:20:21,2024-10-07 6:08:41
1778,13,29,58,0,4,4.74,2023-10-09 10:50:59,2024-10-07 10:48:56
438,13,34,31,0,3,4.65,2022-11-05 21:06:38,2024-10-06 20:02:20
2198,16,34,30,1,0,4.9,2020-10-22 20:24:36,2024-09-13 16:55:37
2722,2,0,0,0,0,NULL,2020-05-31 9:38:35,2022-05-04 5:19:20
2277,2,0,0,0,0,NULL,2020-05-31 9:38:35,2022-05-04 5:19:20
3274,18,12,22,1,0,4.91,2021-11-11 16:50:15,2024-09-30 12:15:01
2175,18,12,22,1,0,4.91,2021-11-11 16:50:15,2024-09-30 12:15:01
3242,16,28,88,0,2,4.91,2021-04-19 10:49:05,2024-09-28 20:34:25
2165,13,1,37,0,2,4.77,2023-10-13 14:59:58,2024-09-29 9:25:33
3100,2,0,0,0,0,NULL,2014-11-16 19:53:38,2020-01-17 2:10:30
2610,2,0,0,0,0,NULL,2014-11-16 19:53:38,2020-01-17 2:10:30
1923,2,0,0,0,0,NULL,2014-11-16 19:53:38,2020-01-17 2:10:30
1381,2,0,0,0,0,NULL,2014-11-16 19:53:38,2020-01-17 2:10:30
1280,2,0,0,0,0,NULL,2014-11-16 19:53:38,2020-01-17 2:10:30
304,2,0,0,0,0,NULL,2014-11-16 19:53:38,2020-01-17 2:10:30
274,2,0,0,0,0,NULL,2014-11-16 19:53:38,2020-01-17 2:10:30
740,2,0,0,0,0,NULL,2015-11-15 22:28:48,2021-05-01 1:12:38
450,2,0,0,0,0,NULL,2015-11-15 22:28:48,2021-05-01 1:12:38
2485,16,35,17,0,0,5,2019-06-29 14:33:22,2024-09-29 11:56:49
20,13,6,15,0,1,4.75,2024-05-28 11:48:28,2024-09-29 5:23:03
2139,18,18,12,1,0,4.85,2023-03-06 6:14:54,2024-09-26 11:22:28
1491,18,8,172,2,7,4.79,2022-06-23 13:02:25,2024-09-18 12:25:36
3037,16,8,5,0,2,3.86,2024-07-03 13:10:28,2024-09-18 9:21:59
3687,16,11,17,0,5,4.09,2020-10-04 9:59:36,2024-09-23 12:02:18
1678,16,0,52,0,1,4.87,2020-06-28 10:01:18,2024-08-26 14:10:51
2065,10,1,9,0,0,5,2022-06-30 13:10:33,2024-10-01 7:45:04
1419,13,73,32,1,2,4.71,2023-07-04 14:31:22,2024-09-30 12:25:17
3448,2,0,0,0,0,NULL,2020-02-09 14:25:04,2022-05-21 5:35:16
1055,2,0,0,0,0,NULL,2020-02-09 14:25:04,2022-05-21 5:35:16
3358,2,10,406,0,1,4.99,2015-02-26 17:00:49,2023-12-22 2:30:49
1816,2,10,406,0,1,4.99,2015-02-26 17:00:49,2023-12-22 2:30:49
1805,2,10,406,0,1,4.99,2015-02-26 17:00:49,2023-12-22 2:30:49
1582,2,10,406,0,1,4.99,2015-02-26 17:00:49,2023-12-22 2:30:49
975,2,10,406,0,1,4.99,2015-02-26 17:00:49,2023-12-22 2:30:49
688,2,10,406,0,1,4.99,2015-02-26 17:00:49,2023-12-22 2:30:49
2821,2,0,0,0,0,0,2020-08-17 12:42:27,2022-05-22 6:52:03
656,2,0,0,0,0,0,2020-08-17 12:42:27,2022-05-22 6:52:03
1062,13,0,0,0,0,NULL,2024-04-18 20:43:41,2024-09-07 12:46:30
3443,18,0,28,1,1,4.73,2024-04-30 10:48:01,2024-09-10 13:16:20
3,16,0,3,0,0,5,2020-06-04 10:08:07,2024-07-17 7:36:16
34,7,4,19,0,0,4.95,2021-02-02 13:37:47,2024-07-17 16:47:45
672,10,12,31,0,0,4.97,2023-01-01 14:30:24,2024-07-18 11:43:57
1868,16,0,1,0,0,5,2024-05-28 16:26:57,2024-07-29 14:56:10
1966,16,0,0,0,0,NULL,2024-04-02 8:43:31,2024-04-02 9:33:11
2433,2,0,0,0,0,NULL,2019-06-21 7:28:22,2022-04-27 10:05:13
827,2,0,0,0,0,NULL,2019-06-21 7:28:22,2022-04-27 10:05:13
2638,2,19,19,0,0,5,2020-02-05 16:12:04,2022-05-26 13:43:09
1661,2,19,19,0,0,5,2020-02-05 16:12:04,2022-05-26 13:43:09
3232,2,0,0,0,0,NULL,2017-06-01 17:15:50,2018-12-20 2:01:58
2471,2,0,0,0,0,NULL,2017-06-01 17:15:50,2018-12-20 2:01:58
3343,2,0,2,0,0,NULL,2011-12-15 16:25:28,2018-10-27 2:00:04
3265,2,0,2,0,0,NULL,2011-12-15 16:25:28,2018-10-27 2:00:04
2946,2,0,2,0,0,NULL,2011-12-15 16:25:28,2018-10-27 2:00:04
2591,2,0,2,0,0,NULL,2011-12-15 16:25:28,2018-10-27 2:00:04
2511,2,0,2,0,0,NULL,2011-12-15 16:25:28,2018-10-27 2:00:04
2402,2,0,2,0,0,NULL,2011-12-15 16:25:28,2018-10-27 2:00:04
2292,2,0,2,0,0,NULL,2011-12-15 16:25:28,2018-10-27 2:00:04
401,2,0,2,0,0,NULL,2011-12-15 16:25:28,2018-10-27 2:00:04
136,2,0,2,0,0,NULL,2011-12-15 16:25:28,2018-10-27 2:00:04
2805,2,0,0,0,0,NULL,2012-08-17 17:46:51,2018-10-26 1:20:52
1819,2,0,0,0,0,NULL,2012-08-17 17:46:51,2018-10-26 1:20:52
1809,2,0,0,0,0,NULL,2012-08-17 17:46:51,2018-10-26 1:20:52
1158,2,0,0,0,0,NULL,2012-08-17 17:46:51,2018-10-26 1:20:52
894,2,0,0,0,0,NULL,2012-08-17 17:46:51,2018-10-26 1:20:52
787,2,0,0,0,0,NULL,2012-08-17 17:46:51,2018-10-26 1:20:52
315,2,0,0,0,0,NULL,2012-08-17 17:46:51,2018-10-26 1:20:52
3434,2,0,0,0,0,NULL,2019-01-02 22:27:11,2019-05-22 1:01:19
1564,2,0,0,0,0,NULL,2019-01-02 22:27:11,2019-05-22 1:01:19
3526,16,0,5,0,0,5,2024-05-17 8:40:20,2024-09-13 10:55:09
860,13,0,39,1,10,4.16,2024-02-17 10:49:34,2024-08-10 18:06:54
2805,1,0,0,0,0,NULL,2013-10-25 16:52:45,2019-01-26 1:10:07
1819,1,0,0,0,0,NULL,2013-10-25 16:52:45,2019-01-26 1:10:07
1809,1,0,0,0,0,NULL,2013-10-25 16:52:45,2019-01-26 1:10:07
1158,1,0,0,0,0,NULL,2013-10-25 16:52:45,2019-01-26 1:10:07
894,1,0,0,0,0,NULL,2013-10-25 16:52:45,2019-01-26 1:10:07
787,1,0,0,0,0,NULL,2013-10-25 16:52:45,2019-01-26 1:10:07
315,1,0,0,0,0,NULL,2013-10-25 16:52:45,2019-01-26 1:10:07
3343,13,0,0,0,0,NULL,2014-04-27 6:22:00,2019-08-20 2:10:55
3265,13,0,0,0,0,NULL,2014-04-27 6:22:00,2019-08-20 2:10:55
2946,13,0,0,0,0,NULL,2014-04-27 6:22:00,2019-08-20 2:10:55
2591,13,0,0,0,0,NULL,2014-04-27 6:22:00,2019-08-20 2:10:55
2511,13,0,0,0,0,NULL,2014-04-27 6:22:00,2019-08-20 2:10:55
2402,13,0,0,0,0,NULL,2014-04-27 6:22:00,2019-08-20 2:10:55
2292,13,0,0,0,0,NULL,2014-04-27 6:22:00,2019-08-20 2:10:55
401,13,0,0,0,0,NULL,2014-04-27 6:22:00,2019-08-20 2:10:55
136,13,0,0,0,0,NULL,2014-04-27 6:22:00,2019-08-20 2:10:55
2638,13,24,47,0,0,5,2022-01-25 10:24:31,2024-10-06 11:46:01
1661,13,24,47,0,0,5,2022-01-25 10:24:31,2024-10-06 11:46:01
2223,13,6,17,0,0,5,2024-01-14 14:52:50,2024-10-06 17:10:15
388,16,8,3,0,0,5,2023-09-29 23:29:26,2024-10-06 14:54:47
2461,19,240,182,1,3,4.87,2021-02-18 15:08:10,2024-10-04 6:03:12
445,16,15,175,2,7,4.8,2020-04-01 15:56:35,2024-10-02 19:09:44
1941,1,0,3,0,0,5,2023-09-30 20:07:40,2024-10-03 15:59:26
1318,15,0,0,0,0,NULL,2024-03-23 5:22:39,2024-09-22 17:32:37
3630,19,0,2,0,0,5,2022-09-25 15:42:32,2024-09-22 13:43:25
564,13,0,3,0,0,5,2023-07-17 15:52:05,2024-09-14 22:07:39
442,13,3,16,0,0,5,2022-11-01 21:28:08,2024-08-25 11:14:04
3093,13,0,32,0,3,4.6,2022-10-28 20:33:06,2024-08-26 19:19:18
3393,1,0,0,0,0,NULL,2020-05-14 15:17:49,2020-11-03 18:03:26
2975,1,0,0,0,0,NULL,2020-05-14 15:17:49,2020-11-03 18:03:26
2684,1,0,0,0,0,NULL,2020-05-14 15:17:49,2020-11-03 18:03:26
2041,1,0,0,0,0,NULL,2020-05-14 15:17:49,2020-11-03 18:03:26
1708,1,0,0,0,0,NULL,2020-05-14 15:17:49,2020-11-03 18:03:26
1239,1,0,0,0,0,NULL,2020-05-14 15:17:49,2020-11-03 18:03:26
819,1,0,0,0,0,NULL,2020-05-14 15:17:49,2020-11-03 18:03:26
362,1,0,0,0,0,NULL,2020-05-14 15:17:49,2020-11-03 18:03:26
211,1,0,0,0,0,NULL,2020-05-14 15:17:49,2020-11-03 18:03:26
3633,14,0,0,0,0,NULL,2014-02-05 3:39:31,2019-05-24 10:10:55
3241,14,0,0,0,0,NULL,2014-02-05 3:39:31,2019-05-24 10:10:55
3000,14,0,0,0,0,NULL,2014-02-05 3:39:31,2019-05-24 10:10:55
2395,14,0,0,0,0,NULL,2014-02-05 3:39:31,2019-05-24 10:10:55
2128,14,0,0,0,0,NULL,2014-02-05 3:39:31,2019-05-24 10:10:55
1759,14,0,0,0,0,NULL,2014-02-05 3:39:31,2019-05-24 10:10:55
1470,14,0,0,0,0,NULL,2014-02-05 3:39:31,2019-05-24 10:10:55
1933,10,21,48,0,0,5,2020-03-15 14:24:58,2024-09-21 11:02:02
2911,16,11,1158,16,20,4.89,2019-04-22 13:23:56,2024-09-14 16:55:13
123,16,4,27,0,3,4.6,2018-06-04 17:29:13,2024-09-03 12:59:34
3111,13,0,2,0,0,5,2022-06-10 13:17:39,2024-05-04 9:39:48
114,16,59,67,1,2,4.83,2020-02-18 13:28:10,2024-10-05 14:47:31
547,13,0,6,0,0,5,2022-09-26 22:15:51,2024-10-05 0:02:11
3183,16,0,115,0,9,4.69,2017-05-31 13:55:10,2024-10-02 5:48:50
2008,13,38,55,0,1,4.93,2022-03-14 18:57:50,2024-10-01 8:55:36
3691,13,8,37,0,1,4.92,2022-05-28 21:40:52,2024-09-26 8:22:01
406,13,0,0,0,0,NULL,2024-08-21 13:46:09,2024-08-27 21:15:57
253,16,1,23,0,0,5,2021-04-23 21:40:41,2024-08-03 17:21:52
3197,13,0,5,0,0,5,2023-11-29 8:27:31,2024-08-24 10:06:15
1507,19,0,7,0,0,5,2024-07-04 15:55:50,2024-07-29 9:58:50
3252,13,0,1,0,1,3,2023-11-24 4:27:25,2024-09-11 8:22:52
3648,16,0,0,0,0,NULL,2024-05-21 12:34:00,2024-05-23 16:32:16
1108,16,6,24,0,0,4.96,2018-09-16 11:11:20,2024-07-01 6:42:48
2643,16,9,11,0,3,4.21,2022-09-06 5:54:31,2024-08-19 8:06:11
257,10,3,1,0,0,5,2023-10-29 11:40:38,2024-07-24 19:01:24
1317,13,0,7,0,0,5,2024-06-07 19:09:09,2024-08-19 15:44:36
2158,13,0,22,0,0,5,2023-06-11 18:55:38,2024-08-03 18:04:40
2168,2,97,31,0,0,5,2018-10-17 18:38:03,2022-06-22 9:53:03
804,2,97,31,0,0,5,2018-10-17 18:38:03,2022-06-22 9:53:03
3685,14,0,0,0,0,NULL,2014-03-11 11:27:39,2019-06-12 10:10:39
2892,14,0,0,0,0,NULL,2014-03-11 11:27:39,2019-06-12 10:10:39
2677,14,0,0,0,0,NULL,2014-03-11 11:27:39,2019-06-12 10:10:39
1256,14,0,0,0,0,NULL,2014-03-11 11:27:39,2019-06-12 10:10:39
805,14,0,0,0,0,NULL,2014-03-11 11:27:39,2019-06-12 10:10:39
518,14,0,0,0,0,NULL,2014-03-11 11:27:39,2019-06-12 10:10:39
1973,13,109,102,0,4,4.84,2023-01-16 22:21:55,2024-09-30 19:59:29
2549,13,0,0,0,0,NULL,2023-02-08 9:45:12,2024-09-19 7:08:33
2304,13,7,19,0,0,5,2023-06-20 7:11:58,2024-09-09 13:31:13
2792,13,7,3,0,0,5,2023-12-15 14:15:12,2024-08-26 16:02:38
156,16,11,38,0,0,5,2018-10-12 20:00:21,2024-08-05 18:39:07
614,13,0,0,0,0,0,2024-06-29 17:14:52,2024-08-22 12:18:45
1086,13,0,78,0,3,4.85,2023-10-25 22:46:59,2024-07-24 21:10:17
3653,13,0,0,0,0,NULL,2014-09-01 16:12:25,2019-12-24 3:12:19
3601,13,0,0,0,0,NULL,2014-09-01 16:12:25,2019-12-24 3:12:19
2981,13,0,0,0,0,NULL,2014-09-01 16:12:25,2019-12-24 3:12:19
1523,13,0,0,0,0,NULL,2014-09-01 16:12:25,2019-12-24 3:12:19
1164,13,0,0,0,0,NULL,2014-09-01 16:12:25,2019-12-24 3:12:19
593,13,0,0,0,0,NULL,2014-09-01 16:12:25,2019-12-24 3:12:19
70,13,0,0,0,0,NULL,2014-09-01 16:12:25,2019-12-24 3:12:19
1551,13,3,54,0,0,5,2021-01-23 21:11:58,2024-10-06 8:25:49
624,13,31,13,0,1,4.64,2023-04-29 10:36:45,2024-10-03 12:08:25
3367,16,21,54,1,3,4.74,2020-01-11 17:27:50,2024-09-29 8:24:43
479,13,0,1,0,0,5,2023-12-12 11:54:12,2024-09-15 12:35:32
95,13,13,21,0,0,5,2022-05-20 10:28:45,2024-09-30 14:24:20
1288,13,2,15,0,0,5,2024-02-11 16:03:07,2024-09-29 17:24:16
1570,13,0,12,0,0,5,2024-03-29 14:26:24,2024-09-25 18:51:06
772,13,13,39,0,1,4.9,2022-08-01 14:01:32,2024-09-21 11:12:16
246,13,1,12,0,1,4.69,2022-05-03 8:04:53,2024-09-20 9:33:53
3378,15,0,0,0,0,NULL,2019-11-08 4:49:41,2022-09-21 14:41:06
2945,15,0,0,0,0,NULL,2019-11-08 4:49:41,2022-09-21 14:41:06
1044,15,0,0,0,0,NULL,2019-11-08 4:49:41,2022-09-21 14:41:06
254,13,0,26,0,0,5,2022-06-16 21:21:35,2024-10-03 13:15:23
2375,13,0,21,0,0,5,2023-04-04 16:29:56,2024-10-02 17:20:46
2699,13,0,55,0,0,5,2023-04-26 20:05:56,2024-09-30 20:10:00
3330,13,49,73,0,11,4.48,2022-10-18 17:59:26,2024-09-30 10:07:50
573,13,3,26,0,0,5,2023-07-21 11:02:57,2024-09-19 18:18:00
3168,15,0,0,0,0,NULL,2024-08-06 19:45:59,2024-09-19 12:53:21
3623,13,4,10,0,1,4.64,2023-04-27 7:41:24,2024-08-11 14:16:59
2613,2,0,7,0,0,5,2018-04-11 18:42:58,2022-04-21 3:59:16
1249,2,0,7,0,0,5,2018-04-11 18:42:58,2022-04-21 3:59:16
2171,13,14,24,0,0,5,2023-07-27 22:30:18,2024-09-19 14:28:49
1458,13,1,0,0,0,NULL,2024-06-30 18:02:54,2024-08-26 15:37:27
2842,7,5,33,0,6,4.31,2019-09-12 15:14:40,2024-09-10 22:14:18
973,13,1,4,0,0,5,2023-10-29 11:11:10,2024-07-06 19:39:18
3275,13,0,7,0,0,5,2024-01-22 10:30:18,2024-10-04 8:21:56
2816,10,0,161,0,10,4.74,2021-06-29 13:27:26,2024-10-03 13:44:50
108,13,96,48,0,9,4.33,2021-05-20 10:23:29,2024-10-03 15:16:41
2414,10,28,69,0,1,4.86,2020-05-13 6:26:49,2024-09-17 16:33:35
1995,13,16,40,0,0,5,2023-01-27 10:40:41,2024-10-01 6:24:04
60,13,0,0,0,0,NULL,2024-07-19 10:11:17,2024-09-25 11:53:35
393,13,4,0,0,0,NULL,2024-04-15 19:56:43,2024-07-21 19:54:41
3145,2,0,1,0,0,5,2017-04-30 14:52:47,2022-04-18 11:08:04
1742,2,0,1,0,0,5,2017-04-30 14:52:47,2022-04-18 11:08:04
3690,2,0,2,0,0,5,2014-09-21 9:36:08,2020-12-29 15:05:01
3053,2,0,2,0,0,5,2014-09-21 9:36:08,2020-12-29 15:05:01
3051,2,0,2,0,0,5,2014-09-21 9:36:08,2020-12-29 15:05:01
2177,2,0,2,0,0,5,2014-09-21 9:36:08,2020-12-29 15:05:01
952,2,0,2,0,0,5,2014-09-21 9:36:08,2020-12-29 15:05:01
715,2,0,2,0,0,5,2014-09-21 9:36:08,2020-12-29 15:05:01
650,2,0,2,0,0,5,2014-09-21 9:36:08,2020-12-29 15:05:01
1527,7,56,7,0,0,5,2020-10-11 13:09:36,2024-06-18 11:33:54
3659,2,12,6,0,0,5,2020-08-13 17:47:35,2022-05-05 11:32:06
930,2,12,6,0,0,5,2020-08-13 17:47:35,2022-05-05 11:32:06
240,13,0,7,0,0,5,2022-06-23 10:14:12,2024-09-11 15:31:44
64,13,8,56,0,0,5,2022-10-18 19:03:13,2024-09-10 16:22:26
2321,16,0,296,3,8,4.85,2016-09-10 14:24:45,2024-09-03 16:15:12
3393,13,0,0,0,0,NULL,2014-08-10 14:14:48,2019-10-12 2:30:19
2975,13,0,0,0,0,NULL,2014-08-10 14:14:48,2019-10-12 2:30:19
2684,13,0,0,0,0,NULL,2014-08-10 14:14:48,2019-10-12 2:30:19
2041,13,0,0,0,0,NULL,2014-08-10 14:14:48,2019-10-12 2:30:19
1708,13,0,0,0,0,NULL,2014-08-10 14:14:48,2019-10-12 2:30:19
1239,13,0,0,0,0,NULL,2014-08-10 14:14:48,2019-10-12 2:30:19
819,13,0,0,0,0,NULL,2014-08-10 14:14:48,2019-10-12 2:30:19
362,13,0,0,0,0,NULL,2014-08-10 14:14:48,2019-10-12 2:30:19
211,13,0,0,0,0,NULL,2014-08-10 14:14:48,2019-10-12 2:30:19
3591,16,67,181,3,10,4.72,2013-10-29 14:59:43,2024-10-06 13:56:56
3350,16,67,181,3,10,4.72,2013-10-29 14:59:43,2024-10-06 13:56:56
2709,16,67,181,3,10,4.72,2013-10-29 14:59:43,2024-10-06 13:56:56
1961,16,67,181,3,10,4.72,2013-10-29 14:59:43,2024-10-06 13:56:56
1654,16,67,181,3,10,4.72,2013-10-29 14:59:43,2024-10-06 13:56:56
1571,16,67,181,3,10,4.72,2013-10-29 14:59:43,2024-10-06 13:56:56
1453,16,67,181,3,10,4.72,2013-10-29 14:59:43,2024-10-06 13:56:56
3676,13,0,12,0,0,5,2022-06-22 21:51:03,2024-10-06 16:16:46
3531,13,9,40,0,0,4.98,2022-03-22 14:01:43,2024-10-01 10:58:28
2083,13,22,36,0,1,4.89,2022-06-28 13:27:19,2024-09-30 10:17:29
1601,16,3,75,0,1,4.95,2018-10-05 21:30:36,2024-09-01 15:01:54
199,10,9,25,0,0,5,2023-06-10 14:55:43,2024-09-02 11:00:06
2474,2,0,0,0,0,NULL,2016-01-21 18:24:34,2021-03-24 2:22:18
1122,2,0,0,0,0,NULL,2016-01-21 18:24:34,2021-03-24 2:22:18
1695,16,1,25,0,0,5,2023-05-09 3:43:03,2024-09-10 22:46:33
355,16,16,34,0,1,4.86,2017-11-01 10:49:25,2024-08-21 9:01:25
530,13,0,1,0,0,5,2024-07-03 15:46:26,2024-07-23 9:19:16
3173,2,0,1,0,0,5,2020-04-10 19:49:12,2022-05-14 17:27:20
951,2,0,1,0,0,5,2020-04-10 19:49:12,2022-05-14 17:27:20
1901,16,1,3,0,0,5,2024-08-14 20:45:58,2024-09-30 21:03:21
174,13,2,43,0,0,5,2021-10-25 13:49:41,2024-09-30 10:22:34
3619,2,16,232,0,0,5,2020-01-18 14:57:29,2024-09-20 23:40:21
3076,13,0,10,0,0,5,2023-06-16 10:25:31,2024-09-03 9:16:06
3148,10,0,15,1,2,4.44,2020-08-31 17:55:31,2024-08-28 0:25:57
2871,19,0,2,0,0,5,2024-07-06 18:17:01,2024-07-29 9:59:31
3482,10,0,1,0,0,5,2024-06-22 14:59:02,2024-07-20 12:52:37
1756,2,0,1,0,0,5,2019-12-14 19:16:45,2022-04-30 15:18:08
1417,2,0,1,0,0,5,2019-12-14 19:16:45,2022-04-30 15:18:08
3640,2,0,0,0,0,NULL,2020-03-23 8:51:50,2022-05-21 10:53:11
241,2,0,0,0,0,NULL,2020-03-23 8:51:50,2022-05-21 10:53:11
1120,18,31,53,2,2,4.79,2023-10-28 13:16:51,2024-08-06 19:50:20
2751,18,0,0,0,0,0,2024-06-20 14:01:54,2024-07-25 10:31:39
2450,13,28,129,0,19,4.48,2021-04-28 19:41:45,2024-10-07 6:30:44
2609,16,12,23,0,3,4.54,2023-05-24 14:00:34,2024-10-07 12:44:18
1314,13,7,47,0,0,5,2024-07-21 20:44:39,2024-10-07 12:46:52
2992,13,14,11,0,0,4.91,2023-08-24 6:16:51,2024-10-06 16:40:12
1152,13,9,7,0,0,5,2023-12-13 17:24:37,2024-10-05 14:10:48
3672,13,7,140,0,4,4.9,2021-06-29 19:48:22,2024-10-05 14:20:09
2212,10,21,42,0,1,4.91,2023-09-28 2:11:07,2024-10-04 22:04:44
1631,13,0,15,0,1,4.75,2022-04-19 20:56:55,2024-10-04 15:16:11
3075,10,18,444,3,7,4.9,2019-08-23 18:38:22,2024-10-04 14:41:11
3137,13,14,31,0,0,5,2023-01-09 13:30:33,2024-10-03 12:26:23
856,13,7,37,0,2,4.79,2017-08-12 14:42:46,2024-09-30 22:06:11
850,1,3,20,0,0,5,2022-07-22 18:00:44,2024-10-01 10:21:20
1676,21,10,24,0,4,4.32,2022-03-03 17:53:19,2024-09-30 15:16:05
3499,25,0,4,0,0,5,2024-06-08 8:24:03,2024-08-21 16:03:17
609,16,0,37,1,1,4.79,2019-02-25 18:53:31,2024-07-13 18:03:47
1705,18,0,0,0,0,0,2023-09-01 15:21:17,2024-08-11 10:01:39
3358,15,8,9,0,0,5,2015-09-27 20:46:16,2022-09-06 7:22:41
1816,15,8,9,0,0,5,2015-09-27 20:46:16,2022-09-06 7:22:41
1805,15,8,9,0,0,5,2015-09-27 20:46:16,2022-09-06 7:22:41
1582,15,8,9,0,0,5,2015-09-27 20:46:16,2022-09-06 7:22:41
975,15,8,9,0,0,5,2015-09-27 20:46:16,2022-09-06 7:22:41
688,15,8,9,0,0,5,2015-09-27 20:46:16,2022-09-06 7:22:41
3410,2,1,1,0,0,5,2020-02-11 17:54:13,2022-05-01 22:40:12
2560,2,1,1,0,0,5,2020-02-11 17:54:13,2022-05-01 22:40:12
1862,14,0,0,0,0,NULL,2018-02-10 5:09:53,2022-07-31 14:45:33
1023,14,0,0,0,0,NULL,2018-02-10 5:09:53,2022-07-31 14:45:33
1499,15,0,36,1,0,4.92,2023-02-27 17:14:28,2024-09-01 9:22:13
2556,2,0,0,0,0,NULL,2020-05-13 18:03:23,2022-05-03 21:56:12
551,2,0,0,0,0,NULL,2020-05-13 18:03:23,2022-05-03 21:56:12
2703,2,0,0,0,0,NULL,2020-01-19 19:57:26,2022-05-01 9:01:05
1004,2,0,0,0,0,NULL,2020-01-19 19:57:26,2022-05-01 9:01:05
935,2,0,0,0,0,NULL,2019-01-30 18:16:27,2022-05-19 14:00:08
282,2,0,0,0,0,NULL,2019-01-30 18:16:27,2022-05-19 14:00:08
933,13,0,6,0,0,5,2024-03-07 7:45:08,2024-09-06 12:40:07
508,12,2,127,1,0,4.98,2023-02-18 19:02:02,2024-09-07 7:59:00
3078,13,0,1,0,0,5,2022-10-28 23:22:12,2024-08-28 22:57:55
3064,13,6,11,0,0,5,2021-11-07 14:23:21,2024-09-24 6:26:00
3542,10,3,129,1,8,4.73,2020-07-03 9:13:24,2024-09-24 10:23:22
1324,13,0,11,0,0,5,2023-02-21 23:09:20,2024-10-01 12:53:51
1939,13,8,398,2,19,4.81,2014-12-28 22:57:30,2024-10-07 13:39:27
890,13,2,40,0,0,5,2023-09-02 21:42:17,2024-10-06 22:22:36
2262,2,0,7,0,0,5,2016-08-20 17:44:38,2022-05-17 13:12:08
1964,2,0,7,0,0,5,2016-08-20 17:44:38,2022-05-17 13:12:08
153,18,1,2,0,0,5,2022-11-22 18:29:29,2024-07-22 18:37:58
3175,2,0,0,0,0,NULL,2018-05-28 13:20:08,2022-04-21 14:15:11
1856,2,0,0,0,0,NULL,2018-05-28 13:20:08,2022-04-21 14:15:11
1368,13,31,37,0,0,5,2023-04-15 12:11:39,2024-10-05 13:01:00
3301,13,6,8,0,0,5,2023-04-07 16:57:36,2024-10-04 10:28:13
3201,13,1,7,0,0,5,2023-09-12 14:43:52,2024-10-01 21:26:27
1457,18,0,129,0,0,4.99,2024-03-24 18:36:08,2024-10-03 4:03:05
527,7,0,2,0,0,5,2022-11-15 4:57:37,2024-10-02 5:36:34
1745,16,45,743,1,4,4.97,2018-10-10 11:04:55,2024-09-30 17:32:53
3123,16,0,49,1,2,4.79,2023-12-28 21:42:08,2024-09-20 21:09:20
2641,18,9,26,0,4,4.43,2022-08-25 23:28:09,2024-09-15 13:06:06
2763,16,36,6,0,1,4.43,2024-03-08 16:58:47,2024-10-09 8:43:39
1118,13,4,28,0,0,5,2022-11-17 21:06:59,2024-09-30 10:18:22
3291,13,0,8,0,2,4,2023-12-20 22:09:16,2024-09-29 9:08:14
2562,13,0,53,0,4,4.72,2021-04-07 9:19:13,2024-09-10 16:06:55
3046,16,0,218,0,3,4.93,2024-01-24 17:42:12,2024-06-30 10:58:26
3649,15,0,0,0,2,NULL,2014-11-22 11:34:15,2020-02-08 2:10:08
3054,15,0,0,0,2,NULL,2014-11-22 11:34:15,2020-02-08 2:10:08
2676,15,0,0,0,2,NULL,2014-11-22 11:34:15,2020-02-08 2:10:08
1569,15,0,0,0,2,NULL,2014-11-22 11:34:15,2020-02-08 2:10:08
1358,15,0,0,0,2,NULL,2014-11-22 11:34:15,2020-02-08 2:10:08
813,15,0,0,0,2,NULL,2014-11-22 11:34:15,2020-02-08 2:10:08
803,15,0,0,0,2,NULL,2014-11-22 11:34:15,2020-02-08 2:10:08
3029,2,0,510,3,4,4.96,2014-07-17 12:05:14,2016-08-18 4:01:47
2739,2,0,510,3,4,4.96,2014-07-17 12:05:14,2016-08-18 4:01:47
2027,2,0,510,3,4,4.96,2014-07-17 12:05:14,2016-08-18 4:01:47
1999,2,0,510,3,4,4.96,2014-07-17 12:05:14,2016-08-18 4:01:47
1783,2,0,510,3,4,4.96,2014-07-17 12:05:14,2016-08-18 4:01:47
1565,2,0,510,3,4,4.96,2014-07-17 12:05:14,2016-08-18 4:01:47
1423,2,0,510,3,4,4.96,2014-07-17 12:05:14,2016-08-18 4:01:47
2098,14,0,0,0,0,NULL,2016-03-01 23:37:50,2022-10-12 11:04:58
775,14,0,0,0,0,NULL,2016-03-01 23:37:50,2022-10-12 11:04:58
853,19,39,113,2,9,4.68,2019-12-28 12:18:41,2024-08-30 12:32:32
14,18,0,10,0,1,4.64,2021-01-09 22:10:49,2024-09-30 8:49:05
1392,13,1,1,0,0,5,2021-09-11 17:26:07,2024-10-01 12:44:42
3321,16,9,36,0,0,4.97,2024-07-23 8:49:40,2024-10-09 14:06:48
3050,13,6,84,0,2,4.91,2024-01-15 14:29:59,2024-10-09 15:47:00
3640,13,60,94,0,10,4.63,2022-01-29 15:00:38,2024-10-09 14:47:12
241,13,60,94,0,10,4.63,2022-01-29 15:00:38,2024-10-09 14:47:12
2800,16,185,122,0,7,4.78,2024-06-01 10:29:07,2024-10-04 17:25:21
642,16,3,132,0,2,4.93,2017-05-15 19:19:00,2024-10-05 12:37:51
2246,13,0,1,0,0,5,2024-03-16 23:57:48,2024-10-04 11:13:03
2921,18,135,43,0,0,4.93,2021-02-27 10:42:59,2024-10-02 20:08:23
2654,13,7,18,0,0,5,2024-03-22 15:05:04,2024-10-01 0:51:49
1511,13,3,0,0,0,0,2024-06-12 9:09:20,2024-09-30 10:57:33
1426,16,4,60,0,14,4.23,2019-09-24 8:25:50,2024-09-25 7:05:28
2434,16,0,5,0,0,5,2017-01-31 14:25:36,2024-09-13 14:48:30
3266,2,0,0,0,0,NULL,2018-01-21 18:38:24,2022-04-20 8:59:18
1623,2,0,0,0,0,NULL,2018-01-21 18:38:24,2022-04-20 8:59:18
1161,13,251,383,0,2,4.98,2022-10-28 7:00:16,2024-10-10 7:19:05
842,16,16,39,0,7,4.28,2019-08-31 17:17:47,2024-10-10 7:53:56
1040,16,29,137,2,5,4.8,2017-05-01 15:43:25,2024-09-24 23:00:10
3360,13,0,0,0,0,NULL,2024-08-27 15:09:13,2024-09-14 13:44:27
841,21,7,44,0,1,4.93,2022-02-13 6:22:05,2024-09-11 9:03:16
306,21,7,44,0,1,4.93,2022-02-13 6:22:05,2024-09-11 9:03:16
1175,13,0,0,0,0,NULL,2024-08-12 16:45:25,2024-08-16 12:22:05
3575,2,20,240,0,0,4.99,2017-01-18 20:39:34,2024-08-06 1:31:15
2928,2,20,240,0,0,4.99,2017-01-18 20:39:34,2024-08-06 1:31:15
2305,2,20,240,0,0,4.99,2017-01-18 20:39:34,2024-08-06 1:31:15
2112,2,20,240,0,0,4.99,2017-01-18 20:39:34,2024-08-06 1:31:15
88,2,20,240,0,0,4.99,2017-01-18 20:39:34,2024-08-06 1:31:15
2660,19,17,70,0,0,4.99,2021-01-17 17:45:18,2024-10-07 16:45:16
989,13,3,65,0,0,5,2023-02-01 14:10:23,2024-10-04 17:50:06
1837,13,54,15,0,0,5,2022-04-18 1:30:31,2024-10-05 0:18:41
1906,13,2,26,0,2,4.71,2021-01-19 22:57:25,2024-10-05 0:46:36
3683,16,14,265,5,25,4.61,2014-08-29 10:31:23,2024-10-05 11:24:36
2761,16,14,265,5,25,4.61,2014-08-29 10:31:23,2024-10-05 11:24:36
1916,16,14,265,5,25,4.61,2014-08-29 10:31:23,2024-10-05 11:24:36
1290,16,14,265,5,25,4.61,2014-08-29 10:31:23,2024-10-05 11:24:36
191,16,14,265,5,25,4.61,2014-08-29 10:31:23,2024-10-05 11:24:36
1241,13,10,41,0,0,5,2022-10-14 15:08:59,2024-10-02 21:30:49
3008,13,0,0,0,0,NULL,2024-08-01 8:26:37,2024-10-02 9:26:17
1369,13,1,44,0,0,5,2022-05-26 15:32:47,2024-10-01 9:51:34
2166,10,60,84,0,4,4.8,2020-04-26 21:22:26,2024-09-21 21:05:28
3594,13,22,17,0,0,5,2023-07-03 21:12:39,2024-09-30 20:27:27
1036,18,0,0,0,0,0,2024-07-22 14:48:13,2024-09-25 6:59:19
1716,16,26,8,0,0,5,2019-10-12 18:27:09,2024-09-13 20:08:52
3139,10,0,83,1,1,4.94,2020-07-06 8:05:04,2024-08-31 9:15:21
2084,7,0,2,0,0,5,2022-04-16 8:23:02,2024-07-01 14:00:53
2125,2,0,0,0,0,NULL,2015-10-15 17:34:03,2020-09-08 1:02:31
1858,2,0,0,0,0,NULL,2015-10-15 17:34:03,2020-09-08 1:02:31
3698,2,0,0,0,0,NULL,2013-07-13 18:15:13,2018-11-15 3:10:23
3163,2,0,0,0,0,NULL,2013-07-13 18:15:13,2018-11-15 3:10:23
2425,2,0,0,0,0,NULL,2013-07-13 18:15:13,2018-11-15 3:10:23
1820,2,0,0,0,0,NULL,2013-07-13 18:15:13,2018-11-15 3:10:23
147,2,0,0,0,0,NULL,2013-07-13 18:15:13,2018-11-15 3:10:23
3690,13,0,0,0,0,NULL,2014-08-12 13:38:27,2019-10-25 2:20:15
3053,13,0,0,0,0,NULL,2014-08-12 13:38:27,2019-10-25 2:20:15
3051,13,0,0,0,0,NULL,2014-08-12 13:38:27,2019-10-25 2:20:15
2177,13,0,0,0,0,NULL,2014-08-12 13:38:27,2019-10-25 2:20:15
952,13,0,0,0,0,NULL,2014-08-12 13:38:27,2019-10-25 2:20:15
715,13,0,0,0,0,NULL,2014-08-12 13:38:27,2019-10-25 2:20:15
650,13,0,0,0,0,NULL,2014-08-12 13:38:27,2019-10-25 2:20:15
2939,13,254,592,0,4,4.97,2022-01-11 22:47:50,2024-10-10 8:09:46
226,13,254,592,0,4,4.97,2022-01-11 22:47:50,2024-10-10 8:09:46
298,19,2,22,0,0,5,2024-04-20 18:20:27,2024-10-10 8:05:02
3592,16,154,61,2,13,4.24,2021-01-24 9:08:37,2024-10-10 7:52:39
2756,13,54,1233,2,6,4.97,2022-10-28 12:36:03,2024-10-10 7:03:04
1001,16,11,26,0,0,5,2022-02-03 16:15:32,2024-09-22 14:24:06
236,16,11,26,0,0,5,2022-02-03 16:15:32,2024-09-22 14:24:06
193,13,1,11,0,1,4.67,2021-11-08 21:06:25,2024-09-19 5:55:42
1911,13,0,17,0,2,4.58,2022-04-26 18:41:43,2024-08-28 10:55:13
2760,14,24,45,1,5,4.57,2016-03-30 5:50:02,2024-07-02 10:32:05
1898,14,24,45,1,5,4.57,2016-03-30 5:50:02,2024-07-02 10:32:05
2953,2,0,2,0,0,5,2017-05-16 10:30:32,2022-10-19 2:01:47
1003,2,0,2,0,0,5,2017-05-16 10:30:32,2022-10-19 2:01:47
2235,13,0,450,1,2,4.97,2023-05-30 11:51:15,2024-10-10 7:50:39
1655,13,183,918,1,2,4.99,2022-02-27 21:38:14,2024-10-10 7:54:51
3429,13,3,329,0,14,4.83,2022-12-28 10:44:36,2024-10-10 7:14:34
1926,2,0,3,0,0,5,2019-03-12 8:22:26,2022-05-13 6:07:20
554,2,0,3,0,0,5,2019-03-12 8:22:26,2022-05-13 6:07:20
934,16,0,23,0,2,4.68,2021-09-04 7:11:40,2024-07-17 20:50:15
2781,13,0,45,0,0,5,2023-12-23 23:28:12,2024-09-13 16:24:11
2863,10,35,126,5,3,4.81,2020-08-22 13:33:34,2024-09-24 12:45:07
2710,19,0,11,0,0,5,2019-10-17 18:48:11,2024-08-30 16:52:41
562,16,4,192,1,2,4.93,2017-10-21 19:53:51,2024-09-29 14:41:38
1927,13,11,16,0,0,5,2023-03-09 20:46:07,2024-10-02 20:09:24
2352,13,10,51,0,0,5,2022-05-23 17:34:30,2024-10-05 8:02:10
2905,1,0,0,0,0,NULL,2011-09-21 7:00:32,2018-10-22 1:30:59
2323,1,0,0,0,0,NULL,2011-09-21 7:00:32,2018-10-22 1:30:59
2024,1,0,0,0,0,NULL,2011-09-21 7:00:32,2018-10-22 1:30:59
1450,1,0,0,0,0,NULL,2011-09-21 7:00:32,2018-10-22 1:30:59
1345,1,0,0,0,0,NULL,2011-09-21 7:00:32,2018-10-22 1:30:59
1026,1,0,0,0,0,NULL,2011-09-21 7:00:32,2018-10-22 1:30:59
996,1,0,0,0,0,NULL,2011-09-21 7:00:32,2018-10-22 1:30:59
1989,13,0,6,0,0,5,2023-10-23 8:09:17,2024-09-12 14:26:32
1758,13,0,24,0,0,5,2020-04-12 17:02:07,2024-09-23 11:01:29
3083,13,1,2,0,0,5,2024-04-22 21:56:43,2024-10-01 13:00:50
468,18,0,105,0,2,4.92,2022-10-07 12:44:00,2024-10-01 22:28:40
3424,13,33,1,0,1,3,2023-08-01 19:18:58,2024-10-03 17:35:51
2486,13,5,43,0,0,5,2021-02-26 11:18:38,2024-10-05 12:24:14
873,16,23,3,0,0,5,2024-07-07 6:49:28,2024-10-05 11:00:43
3591,1,0,0,0,0,0,2016-10-01 14:22:05,2020-11-03 17:13:03
3350,1,0,0,0,0,0,2016-10-01 14:22:05,2020-11-03 17:13:03
2709,1,0,0,0,0,0,2016-10-01 14:22:05,2020-11-03 17:13:03
1961,1,0,0,0,0,0,2016-10-01 14:22:05,2020-11-03 17:13:03
1654,1,0,0,0,0,0,2016-10-01 14:22:05,2020-11-03 17:13:03
1571,1,0,0,0,0,0,2016-10-01 14:22:05,2020-11-03 17:13:03
1453,1,0,0,0,0,0,2016-10-01 14:22:05,2020-11-03 17:13:03
3319,2,0,0,0,0,NULL,2016-05-14 11:33:07,2020-06-24 1:02:31
2209,2,0,0,0,0,NULL,2016-05-14 11:33:07,2020-06-24 1:02:31
3532,1,0,2,2,0,NULL,2013-06-17 8:06:52,2019-10-09 0:00:21
2965,1,0,2,2,0,NULL,2013-06-17 8:06:52,2019-10-09 0:00:21
1651,1,0,2,2,0,NULL,2013-06-17 8:06:52,2019-10-09 0:00:21
1437,1,0,2,2,0,NULL,2013-06-17 8:06:52,2019-10-09 0:00:21
1095,1,0,2,2,0,NULL,2013-06-17 8:06:52,2019-10-09 0:00:21
908,1,0,2,2,0,NULL,2013-06-17 8:06:52,2019-10-09 0:00:21
843,1,0,2,2,0,NULL,2013-06-17 8:06:52,2019-10-09 0:00:21
674,1,0,2,2,0,NULL,2013-06-17 8:06:52,2019-10-09 0:00:21
26,1,0,2,2,0,NULL,2013-06-17 8:06:52,2019-10-09 0:00:21
1845,18,0,1,0,2,2.67,2024-05-13 12:55:44,2024-08-16 14:29:18
878,13,3,12,0,0,5,2023-04-05 14:35:42,2024-08-20 12:45:24
1048,13,0,91,0,0,5,2023-11-26 20:59:53,2024-09-06 17:49:29
261,16,9,157,0,1,4.96,2022-09-21 13:12:22,2024-09-17 18:04:17
915,13,0,58,0,0,5,2024-02-20 18:01:26,2024-10-05 15:34:01
2938,13,0,5,0,0,5,2020-07-21 18:24:50,2024-09-12 20:12:12
3276,4,0,0,0,0,NULL,2015-11-27 11:40:37,2021-02-28 2:30:24
708,4,0,0,0,0,NULL,2015-11-27 11:40:37,2021-02-28 2:30:24
548,16,6,51,1,1,4.91,2023-03-07 14:53:08,2024-09-25 10:23:22
3449,13,0,53,0,2,4.85,2022-05-21 10:38:46,2024-08-26 12:17:54
2839,16,0,52,1,0,4.92,2018-12-29 18:50:52,2024-09-10 18:08:24
2666,18,0,1,0,0,5,2024-06-14 20:29:58,2024-09-05 10:00:36
836,13,0,0,0,0,NULL,2024-07-22 20:36:01,2024-08-19 12:18:51
3441,2,0,0,0,0,NULL,2016-06-26 15:06:07,2021-08-30 1:10:04
778,2,0,0,0,0,NULL,2016-06-26 15:06:07,2021-08-30 1:10:04
1925,13,0,13,0,2,4.47,2024-01-09 21:52:07,2024-09-29 12:43:53
3014,16,14,196,0,6,4.87,2023-05-03 8:05:58,2024-09-29 13:44:47
2575,16,0,7,0,0,5,2020-12-15 18:13:13,2024-10-02 7:05:05
2302,13,5,12,0,3,4.13,2022-08-20 14:19:42,2024-10-01 20:16:17
3463,15,11,8,0,0,5,2023-10-10 17:43:08,2024-10-09 6:55:27
3652,13,9,24,0,0,5,2024-01-28 8:51:26,2024-10-09 11:40:00
2113,13,0,220,1,1,4.96,2022-04-15 6:45:18,2024-10-08 18:22:37
1839,18,6,6,0,1,4.43,2021-03-27 23:35:52,2024-10-08 19:00:17
1902,13,0,174,0,0,5,2021-08-10 20:24:54,2024-10-05 17:30:43
1672,13,2,13,0,0,5,2024-02-25 16:12:47,2024-10-05 15:17:07
991,13,10,47,0,0,5,2021-06-11 13:19:13,2024-10-07 10:16:17
578,16,15,44,1,2,4.74,2022-11-13 10:33:09,2024-10-06 19:17:31
1786,13,0,0,0,0,0,2024-05-20 8:02:57,2024-10-07 2:34:43
3124,13,0,2,0,0,5,2023-06-05 14:33:38,2024-10-07 14:05:56
3355,13,0,77,0,3,4.85,2023-03-05 19:08:23,2024-10-06 18:55:43
1123,13,4,76,0,0,5,2023-01-15 20:52:20,2024-10-08 18:35:17
2937,13,59,135,0,0,5,2022-01-27 12:19:41,2024-10-08 22:10:43
27,13,59,135,0,0,5,2022-01-27 12:19:41,2024-10-08 22:10:43
2340,13,7,215,0,6,4.89,2022-06-14 11:55:19,2024-10-09 7:34:18
465,13,0,370,1,0,4.99,2024-04-18 12:59:42,2024-10-09 9:13:38
1481,13,11,66,1,0,4.97,2022-04-12 20:33:45,2024-10-09 9:03:48
3603,15,2,16,0,16,3.06,2023-06-01 19:25:22,2024-10-09 15:06:19
2123,18,1,26,0,0,5,2023-06-05 18:08:03,2024-10-07 13:01:33
436,18,10,9,0,1,4.6,2022-11-27 7:57:06,2024-10-07 16:54:37
3655,13,54,930,1,31,4.86,2022-04-12 21:58:19,2024-10-09 16:03:53
3368,15,1,3,0,0,5,2024-07-21 19:35:22,2024-10-09 8:53:02
1881,13,5,28,0,1,4.86,2024-03-05 14:42:29,2024-10-09 15:13:41
3268,13,28,198,0,2,4.95,2022-04-02 20:12:16,2024-10-09 15:50:38
1209,13,42,224,0,1,4.98,2022-09-18 16:00:36,2024-10-09 15:20:01
796,13,35,189,0,0,5,2023-05-16 9:57:30,2024-10-09 15:51:12
1178,13,5,7,0,0,5,2019-08-11 20:50:37,2024-10-09 14:32:43
852,16,308,545,4,9,4.91,2018-09-07 11:09:12,2024-10-09 15:05:33
3548,22,120,299,0,6,4.92,2022-09-08 6:52:49,2024-10-09 14:42:37
3334,16,8,106,1,1,4.94,2020-03-09 23:58:45,2024-10-07 11:38:26
1497,13,0,508,1,6,4.94,2021-07-10 19:38:37,2024-10-07 15:50:19
3199,13,16,24,0,0,5,2023-10-04 9:35:24,2024-10-08 21:11:44
1850,18,2,44,0,1,4.87,2021-03-23 7:13:03,2024-10-08 19:41:29
3257,24,3,69,2,1,4.88,2022-12-21 20:02:16,2024-10-08 19:59:30
919,13,1,35,0,0,5,2021-05-09 21:03:48,2024-10-08 20:06:05
987,13,15,36,1,4,4.56,2023-01-23 17:46:50,2024-10-08 19:30:16
2583,13,2,10,0,0,5,2024-06-21 14:45:59,2024-10-09 9:10:43
2658,13,17,47,0,4,4.69,2022-09-06 9:13:42,2024-10-09 9:44:18
659,10,22,119,1,6,4.77,2020-08-07 13:48:33,2024-10-09 9:26:12
2067,13,6,6,0,4,3.4,2024-02-20 11:25:00,2024-10-09 14:01:01
2690,13,0,27,2,5,4.26,2022-03-25 22:52:53,2024-10-09 8:56:37
2284,16,26,75,0,14,4.35,2018-01-02 17:19:56,2024-10-09 15:48:16
1315,16,26,75,0,14,4.35,2018-01-02 17:19:56,2024-10-09 15:48:16
3454,2,0,0,0,0,NULL,2019-12-29 19:10:51,2022-04-30 19:48:13
2662,2,0,0,0,0,NULL,2019-12-29 19:10:51,2022-04-30 19:48:13
2362,14,0,0,0,0,NULL,2017-11-12 18:07:53,2022-07-30 9:35:08
1589,14,0,0,0,0,NULL,2017-11-12 18:07:53,2022-07-30 9:35:08
2201,13,0,4,0,0,5,2024-04-14 19:35:39,2024-09-23 15:39:48
579,21,56,329,4,15,4.77,2022-11-02 17:47:22,2024-09-26 22:16:32
3440,13,0,1,0,0,5,2024-06-04 7:12:41,2024-10-07 10:51:28
2472,7,7,1,0,0,5,2022-06-10 8:09:40,2024-10-07 12:19:18
1985,21,230,71,0,1,4.94,2021-10-17 11:59:56,2024-10-07 17:03:36
2667,18,0,5,0,0,5,2024-02-02 21:31:01,2024-10-07 15:36:40
3375,13,64,273,1,2,4.94,2020-09-01 1:41:17,2024-10-08 14:25:35
3048,15,0,0,0,1,1,2016-11-16 8:31:11,2021-12-27 2:03:17
3006,15,0,0,0,1,1,2016-11-16 8:31:11,2021-12-27 2:03:17
1352,15,0,0,0,1,1,2016-11-16 8:31:11,2021-12-27 2:03:17
1091,15,0,0,0,1,1,2016-11-16 8:31:11,2021-12-27 2:03:17
485,15,0,0,0,1,1,2016-11-16 8:31:11,2021-12-27 2:03:17
3511,2,0,0,0,0,NULL,2019-07-18 10:06:23,2020-10-06 1:04:05
2140,2,0,0,0,0,NULL,2019-07-18 10:06:23,2020-10-06 1:04:05
1285,16,0,10,0,0,5,2020-06-14 23:09:47,2024-09-27 8:37:35
2137,13,0,0,0,0,NULL,2024-01-01 9:37:15,2024-09-30 8:46:13
2253,13,6,46,0,0,4.98,2020-05-22 13:32:16,2024-10-02 9:46:17
1836,13,8,35,0,0,5,2021-11-23 23:08:27,2024-10-05 10:52:19
868,13,8,35,0,0,5,2021-11-23 23:08:27,2024-10-05 10:52:19
245,16,2,20,0,0,4.95,2017-05-02 16:37:23,2024-10-05 10:18:17
1843,15,25,61,0,4,4.75,2023-05-14 7:20:15,2024-09-30 11:55:27
1763,13,1,23,0,0,5,2023-08-04 18:29:02,2024-10-06 19:53:36
3387,13,29,50,0,7,4.47,2022-10-15 6:27:34,2024-10-07 15:20:11
3404,16,29,77,0,0,5,2013-06-06 6:43:58,2024-10-08 14:42:08
2232,16,29,77,0,0,5,2013-06-06 6:43:58,2024-10-08 14:42:08
2073,16,29,77,0,0,5,2013-06-06 6:43:58,2024-10-08 14:42:08
1094,16,29,77,0,0,5,2013-06-06 6:43:58,2024-10-08 14:42:08
571,16,29,77,0,0,5,2013-06-06 6:43:58,2024-10-08 14:42:08
477,16,29,77,0,0,5,2013-06-06 6:43:58,2024-10-08 14:42:08
420,16,29,77,0,0,5,2013-06-06 6:43:58,2024-10-08 14:42:08
19,16,29,77,0,0,5,2013-06-06 6:43:58,2024-10-08 14:42:08
3029,2,0,14,0,1,4.73,2012-09-21 9:28:02,2019-05-04 1:10:21
2739,2,0,14,0,1,4.73,2012-09-21 9:28:02,2019-05-04 1:10:21
2027,2,0,14,0,1,4.73,2012-09-21 9:28:02,2019-05-04 1:10:21
1999,2,0,14,0,1,4.73,2012-09-21 9:28:02,2019-05-04 1:10:21
1783,2,0,14,0,1,4.73,2012-09-21 9:28:02,2019-05-04 1:10:21
1565,2,0,14,0,1,4.73,2012-09-21 9:28:02,2019-05-04 1:10:21
1423,2,0,14,0,1,4.73,2012-09-21 9:28:02,2019-05-04 1:10:21
2163,16,19,16,0,6,3.91,2022-09-04 0:29:19,2024-09-06 12:35:37
577,10,19,118,2,7,4.68,2020-10-16 11:10:59,2024-09-13 14:28:48
2504,13,1,20,0,2,4.55,2022-05-23 11:13:30,2024-10-01 6:42:24
526,16,17,38,0,10,4.15,2021-05-15 22:09:59,2024-10-05 16:46:53
2616,13,42,86,0,0,5,2023-06-06 10:41:44,2024-10-04 12:15:18
941,16,11,43,0,1,4.89,2022-07-25 11:30:01,2024-10-07 14:16:05
1472,13,26,81,0,0,5,2023-09-13 10:36:20,2024-10-06 19:07:07
1747,13,3,450,1,24,4.79,2022-06-18 12:37:52,2024-10-09 9:53:41
472,13,20,58,0,1,4.92,2022-10-01 19:08:15,2024-10-09 9:43:43
2712,16,40,525,1,22,4.81,2018-01-06 11:18:24,2024-10-09 13:17:26
1532,16,40,525,1,22,4.81,2018-01-06 11:18:24,2024-10-09 13:17:26
3612,13,254,556,3,5,4.94,2022-07-13 20:46:22,2024-10-09 13:47:11
693,16,1,2,0,0,5,2022-09-25 11:43:55,2024-10-09 8:59:00
651,16,17,76,0,1,4.92,2017-05-07 18:48:59,2024-10-09 8:55:44
2926,13,0,419,2,15,4.83,2021-07-31 21:44:43,2024-10-07 18:50:23
1414,13,26,56,0,6,4.58,2022-03-17 3:31:54,2024-10-08 19:20:38
849,13,21,54,0,2,4.84,2022-07-31 13:22:30,2024-10-09 8:08:45
3001,13,14,79,0,3,4.85,2021-07-19 20:38:35,2024-10-09 13:55:55
1955,13,8,149,0,2,4.94,2022-04-14 6:52:29,2024-10-09 13:47:03
3441,13,3,259,0,3,4.94,2021-11-11 21:50:51,2024-10-09 13:52:04
778,13,3,259,0,3,4.94,2021-11-11 21:50:51,2024-10-09 13:52:04
28,16,3,18,0,6,4,2021-07-22 18:39:23,2024-10-09 15:49:59
482,13,1,127,0,1,4.96,2024-04-10 3:26:10,2024-10-09 15:46:45
791,10,27,76,0,0,4.99,2023-07-16 0:02:20,2024-10-09 14:22:33
511,13,7,272,0,16,4.77,2022-04-23 7:50:10,2024-10-08 22:20:32
2991,13,25,114,0,7,4.77,2021-04-27 16:36:50,2024-10-10 2:03:45
3423,13,6,117,0,0,5,2018-11-05 11:36:04,2024-10-10 0:58:17
1428,13,29,78,0,0,5,2022-09-28 14:34:19,2024-10-10 3:18:33
2055,13,233,219,3,12,4.75,2021-11-18 23:54:45,2024-10-10 2:25:20
407,13,233,219,3,12,4.75,2021-11-18 23:54:45,2024-10-10 2:25:20
392,15,78,45,0,12,4.16,2020-11-13 18:36:56,2024-10-10 6:49:06
3518,13,1,81,1,14,4.4,2023-09-12 14:00:28,2024-10-09 17:41:29
882,7,6,32,0,1,4.82,2021-10-18 16:19:29,2024-10-09 20:12:36
2529,13,35,31,0,0,5,2024-07-03 17:21:08,2024-10-09 18:45:03
1441,13,22,156,0,0,5,2021-04-27 15:17:04,2024-10-09 9:32:12
3316,16,17,1517,4,13,4.95,2018-02-24 13:23:12,2024-10-09 18:46:59
466,16,17,1517,4,13,4.95,2018-02-24 13:23:12,2024-10-09 18:46:59
2944,2,0,0,0,0,NULL,2018-05-06 20:51:11,2022-04-21 9:43:09
2116,2,0,0,0,0,NULL,2018-05-06 20:51:11,2022-04-21 9:43:09
3633,2,0,7,0,0,5,2014-09-30 10:28:36,2020-10-25 2:10:08
3241,2,0,7,0,0,5,2014-09-30 10:28:36,2020-10-25 2:10:08
3000,2,0,7,0,0,5,2014-09-30 10:28:36,2020-10-25 2:10:08
2395,2,0,7,0,0,5,2014-09-30 10:28:36,2020-10-25 2:10:08
2128,2,0,7,0,0,5,2014-09-30 10:28:36,2020-10-25 2:10:08
1759,2,0,7,0,0,5,2014-09-30 10:28:36,2020-10-25 2:10:08
1470,2,0,7,0,0,5,2014-09-30 10:28:36,2020-10-25 2:10:08
667,2,0,5,1,0,4.67,2017-04-14 12:07:36,2023-03-04 3:00:49
353,2,0,5,1,0,4.67,2017-04-14 12:07:36,2023-03-04 3:00:49
2535,18,10,0,0,0,0,2021-01-31 6:04:54,2024-04-18 13:36:33
1836,2,0,0,0,0,NULL,2017-01-21 10:40:49,2022-05-24 7:14:20
868,2,0,0,0,0,NULL,2017-01-21 10:40:49,2022-05-24 7:14:20
1817,2,0,0,0,0,NULL,2016-10-27 12:08:23,2022-05-11 11:44:15
1343,2,0,0,0,0,NULL,2016-10-27 12:08:23,2022-05-11 11:44:15
2258,2,0,0,0,0,NULL,2019-12-16 16:49:13,2022-04-30 16:05:08
2144,2,0,0,0,0,NULL,2019-12-16 16:49:13,2022-04-30 16:05:08
1302,2,0,0,0,0,NULL,2016-01-22 17:16:31,2021-08-20 1:21:36
837,2,0,0,0,0,NULL,2016-01-22 17:16:31,2021-08-20 1:21:36
3649,14,0,0,0,0,NULL,2014-02-06 16:17:23,2019-05-12 10:21:22
3054,14,0,0,0,0,NULL,2014-02-06 16:17:23,2019-05-12 10:21:22
2676,14,0,0,0,0,NULL,2014-02-06 16:17:23,2019-05-12 10:21:22
1569,14,0,0,0,0,NULL,2014-02-06 16:17:23,2019-05-12 10:21:22
1358,14,0,0,0,0,NULL,2014-02-06 16:17:23,2019-05-12 10:21:22
813,14,0,0,0,0,NULL,2014-02-06 16:17:23,2019-05-12 10:21:22
803,14,0,0,0,0,NULL,2014-02-06 16:17:23,2019-05-12 10:21:22
2608,2,0,0,0,0,NULL,2020-09-10 18:14:55,2022-05-15 11:03:10
1982,2,0,0,0,0,NULL,2020-09-10 18:14:55,2022-05-15 11:03:10
3678,2,13,5,0,0,5,2019-09-23 18:09:12,2022-05-20 13:39:07
1354,2,13,5,0,0,5,2019-09-23 18:09:12,2022-05-20 13:39:07
3393,2,0,0,0,0,NULL,2014-09-11 16:07:53,2019-11-12 2:10:10
2975,2,0,0,0,0,NULL,2014-09-11 16:07:53,2019-11-12 2:10:10
2684,2,0,0,0,0,NULL,2014-09-11 16:07:53,2019-11-12 2:10:10
2041,2,0,0,0,0,NULL,2014-09-11 16:07:53,2019-11-12 2:10:10
1708,2,0,0,0,0,NULL,2014-09-11 16:07:53,2019-11-12 2:10:10
1239,2,0,0,0,0,NULL,2014-09-11 16:07:53,2019-11-12 2:10:10
819,2,0,0,0,0,NULL,2014-09-11 16:07:53,2019-11-12 2:10:10
362,2,0,0,0,0,NULL,2014-09-11 16:07:53,2019-11-12 2:10:10
211,2,0,0,0,0,NULL,2014-09-11 16:07:53,2019-11-12 2:10:10
1648,14,0,0,0,0,NULL,2017-09-24 1:06:49,2022-07-30 0:13:03
1194,14,0,0,0,0,NULL,2017-09-24 1:06:49,2022-07-30 0:13:03
2790,2,0,0,0,0,NULL,2018-09-11 19:24:26,2022-04-22 13:08:12
2416,2,0,0,0,0,NULL,2018-09-11 19:24:26,2022-04-22 13:08:12
3393,14,0,0,0,0,NULL,2014-02-02 15:52:44,2020-08-07 10:10:19
2975,14,0,0,0,0,NULL,2014-02-02 15:52:44,2020-08-07 10:10:19
2684,14,0,0,0,0,NULL,2014-02-02 15:52:44,2020-08-07 10:10:19
2041,14,0,0,0,0,NULL,2014-02-02 15:52:44,2020-08-07 10:10:19
1708,14,0,0,0,0,NULL,2014-02-02 15:52:44,2020-08-07 10:10:19
1239,14,0,0,0,0,NULL,2014-02-02 15:52:44,2020-08-07 10:10:19
819,14,0,0,0,0,NULL,2014-02-02 15:52:44,2020-08-07 10:10:19
362,14,0,0,0,0,NULL,2014-02-02 15:52:44,2020-08-07 10:10:19
211,14,0,0,0,0,NULL,2014-02-02 15:52:44,2020-08-07 10:10:19
3690,3,0,1,0,0,NULL,2015-03-25 8:14:35,2020-06-04 1:10:09
3053,3,0,1,0,0,NULL,2015-03-25 8:14:35,2020-06-04 1:10:09
3051,3,0,1,0,0,NULL,2015-03-25 8:14:35,2020-06-04 1:10:09
2177,3,0,1,0,0,NULL,2015-03-25 8:14:35,2020-06-04 1:10:09
952,3,0,1,0,0,NULL,2015-03-25 8:14:35,2020-06-04 1:10:09
715,3,0,1,0,0,NULL,2015-03-25 8:14:35,2020-06-04 1:10:09
650,3,0,1,0,0,NULL,2015-03-25 8:14:35,2020-06-04 1:10:09
3685,3,46,25,0,0,5,2016-08-04 15:02:13,2023-07-09 1:36:56
2892,3,46,25,0,0,5,2016-08-04 15:02:13,2023-07-09 1:36:56
2677,3,46,25,0,0,5,2016-08-04 15:02:13,2023-07-09 1:36:56
1256,3,46,25,0,0,5,2016-08-04 15:02:13,2023-07-09 1:36:56
805,3,46,25,0,0,5,2016-08-04 15:02:13,2023-07-09 1:36:56
518,3,46,25,0,0,5,2016-08-04 15:02:13,2023-07-09 1:36:56
3029,14,0,0,0,0,NULL,2014-01-26 15:27:17,2019-04-28 11:50:05
2739,14,0,0,0,0,NULL,2014-01-26 15:27:17,2019-04-28 11:50:05
2027,14,0,0,0,0,NULL,2014-01-26 15:27:17,2019-04-28 11:50:05
1999,14,0,0,0,0,NULL,2014-01-26 15:27:17,2019-04-28 11:50:05
1783,14,0,0,0,0,NULL,2014-01-26 15:27:17,2019-04-28 11:50:05
1565,14,0,0,0,0,NULL,2014-01-26 15:27:17,2019-04-28 11:50:05
1423,14,0,0,0,0,NULL,2014-01-26 15:27:17,2019-04-28 11:50:05
2488,13,0,0,0,0,NULL,2023-10-09 13:05:12,2024-04-22 19:03:34
2405,2,0,2,0,0,5,2020-03-03 17:35:47,2022-05-02 10:44:12
1677,2,0,2,0,0,5,2020-03-03 17:35:47,2022-05-02 10:44:12
1236,2,32,8,0,0,5,2020-06-22 10:23:17,2022-05-04 15:36:18
8,2,32,8,0,0,5,2020-06-22 10:23:17,2022-05-04 15:36:18
1795,2,0,1,0,0,5,2019-01-14 13:02:44,2022-05-19 12:43:04
929,2,0,1,0,0,5,2019-01-14 13:02:44,2022-05-19 12:43:04
474,15,0,3,0,0,5,2021-09-28 18:38:59,2022-10-26 9:00:05
232,15,0,3,0,0,5,2021-09-28 18:38:59,2022-10-26 9:00:05
3521,2,0,2,0,0,5,2017-06-08 17:07:15,2022-05-24 12:32:07
964,2,0,2,0,0,5,2017-06-08 17:07:15,2022-05-24 12:32:07
1142,2,0,0,0,0,NULL,2020-10-02 5:06:24,2022-05-22 13:12:07
678,2,0,0,0,0,NULL,2020-10-02 5:06:24,2022-05-22 13:12:07
3545,14,0,1,0,0,5,2020-07-22 20:09:02,2022-08-06 21:53:17
2053,14,0,1,0,0,5,2020-07-22 20:09:02,2022-08-06 21:53:17
1979,2,0,0,0,0,NULL,2020-02-09 17:55:51,2022-05-01 21:22:05
1484,2,0,0,0,0,NULL,2020-02-09 17:55:51,2022-05-01 21:22:05
841,2,0,0,0,0,NULL,2020-08-21 13:02:36,2022-05-05 14:05:12
306,2,0,0,0,0,NULL,2020-08-21 13:02:36,2022-05-05 14:05:12
1943,2,0,0,0,0,NULL,2020-05-24 17:14:30,2022-05-04 2:49:04
1322,2,0,0,0,0,NULL,2020-05-24 17:14:30,2022-05-04 2:49:04
3549,18,41,30,0,0,5,2021-08-21 17:20:02,2024-10-08 20:52:23
3554,13,21,25,0,0,5,2023-05-19 13:02:44,2024-10-08 20:44:09
1478,13,0,96,0,5,4.8,2022-10-30 18:27:46,2024-10-09 16:32:42
822,16,49,2019,7,9,4.97,2020-01-25 21:18:53,2024-10-09 16:36:22
3098,13,13,39,0,0,5,2022-07-07 8:55:41,2024-10-09 11:59:45
2182,13,0,30,0,0,5,2021-04-15 17:21:13,2024-10-08 19:09:18
1752,21,0,22,0,2,4.63,2024-07-22 20:58:14,2024-10-09 9:47:41
2031,13,0,863,0,2,4.99,2021-01-19 22:20:29,2024-10-06 14:59:15
1019,13,9,17,0,3,4.4,2021-08-29 16:04:18,2024-10-08 6:22:57
3559,16,18,160,1,3,4.91,2020-06-06 22:19:18,2024-10-07 9:30:38
2496,16,5,159,2,5,4.83,2017-11-11 19:06:04,2024-10-07 10:24:43
888,16,5,159,2,5,4.83,2017-11-11 19:06:04,2024-10-07 10:24:43
3394,13,17,82,0,11,4.52,2022-03-13 17:09:44,2024-10-07 7:05:25
2057,2,2,0,0,0,NULL,2019-10-02 12:31:18,2022-04-29 3:37:14
543,2,2,0,0,0,NULL,2019-10-02 12:31:18,2022-04-29 3:37:14
3100,15,0,0,0,0,NULL,2015-03-09 22:06:15,2020-05-21 1:10:33
2610,15,0,0,0,0,NULL,2015-03-09 22:06:15,2020-05-21 1:10:33
1923,15,0,0,0,0,NULL,2015-03-09 22:06:15,2020-05-21 1:10:33
1381,15,0,0,0,0,NULL,2015-03-09 22:06:15,2020-05-21 1:10:33
1280,15,0,0,0,0,NULL,2015-03-09 22:06:15,2020-05-21 1:10:33
304,15,0,0,0,0,NULL,2015-03-09 22:06:15,2020-05-21 1:10:33
274,15,0,0,0,0,NULL,2015-03-09 22:06:15,2020-05-21 1:10:33
308,2,0,0,0,0,NULL,2019-05-06 14:56:01,2022-05-13 11:19:08
79,2,0,0,0,0,NULL,2019-05-06 14:56:01,2022-05-13 11:19:08
2498,2,5,0,0,0,NULL,2020-04-19 4:42:57,2022-05-03 10:05:11
2203,2,5,0,0,0,NULL,2020-04-19 4:42:57,2022-05-03 10:05:11
3096,2,0,0,0,0,NULL,2020-07-13 14:30:53,2022-05-15 4:50:07
2441,2,0,0,0,0,NULL,2020-07-13 14:30:53,2022-05-15 4:50:07
2712,14,0,0,0,0,NULL,2018-03-17 12:28:29,2022-07-31 22:32:10
1532,14,0,0,0,0,NULL,2018-03-17 12:28:29,2022-07-31 22:32:10
2665,2,0,11,0,0,5,2017-10-05 18:44:48,2019-01-25 2:03:39
2622,2,0,11,0,0,5,2017-10-05 18:44:48,2019-01-25 2:03:39
2481,2,0,1,0,0,4,2020-01-30 10:53:21,2022-05-01 15:14:13
2004,2,0,1,0,0,4,2020-01-30 10:53:21,2022-05-01 15:14:13
3475,2,0,0,0,0,NULL,2019-12-13 18:17:03,2022-04-30 14:59:09
2076,2,0,0,0,0,NULL,2019-12-13 18:17:03,2022-04-30 14:59:09
745,2,0,0,0,0,NULL,2019-10-13 20:05:55,2022-05-20 16:26:17
604,2,0,0,0,0,NULL,2019-10-13 20:05:55,2022-05-20 16:26:17
3396,14,0,0,0,0,NULL,2020-01-30 9:52:27,2022-08-05 9:57:05
2148,14,0,0,0,0,NULL,2020-01-30 9:52:27,2022-08-05 9:57:05
2492,2,0,0,0,0,NULL,2020-05-10 3:12:48,2022-05-26 22:00:05
1627,2,0,0,0,0,NULL,2020-05-10 3:12:48,2022-05-26 22:00:05
2561,14,0,0,0,0,NULL,2021-02-17 20:50:56,2022-08-09 3:12:09
2462,14,0,0,0,0,NULL,2021-02-17 20:50:56,2022-08-09 3:12:09
2040,2,0,0,0,0,NULL,2017-09-11 18:46:37,2022-12-19 3:03:34
1620,2,0,0,0,0,NULL,2017-09-11 18:46:37,2022-12-19 3:03:34
2805,13,0,0,0,0,NULL,2014-07-16 8:25:59,2019-09-25 2:11:08
1819,13,0,0,0,0,NULL,2014-07-16 8:25:59,2019-09-25 2:11:08
1809,13,0,0,0,0,NULL,2014-07-16 8:25:59,2019-09-25 2:11:08
1158,13,0,0,0,0,NULL,2014-07-16 8:25:59,2019-09-25 2:11:08
894,13,0,0,0,0,NULL,2014-07-16 8:25:59,2019-09-25 2:11:08
787,13,0,0,0,0,NULL,2014-07-16 8:25:59,2019-09-25 2:11:08
315,13,0,0,0,0,NULL,2014-07-16 8:25:59,2019-09-25 2:11:08
2390,15,0,0,0,0,NULL,2022-04-25 7:40:59,2022-11-04 17:16:03
925,15,0,0,0,0,NULL,2022-04-25 7:40:59,2022-11-04 17:16:03
1804,2,0,0,0,0,NULL,2020-04-30 8:14:44,2022-05-03 14:58:11
694,2,0,0,0,0,NULL,2020-04-30 8:14:44,2022-05-03 14:58:11
2103,4,0,0,0,0,NULL,2020-05-10 8:46:10,2020-07-14 1:05:10
735,4,0,0,0,0,NULL,2020-05-10 8:46:10,2020-07-14 1:05:10
3685,13,0,0,0,0,NULL,2014-09-25 12:37:14,2020-01-22 3:10:59
2892,13,0,0,0,0,NULL,2014-09-25 12:37:14,2020-01-22 3:10:59
2677,13,0,0,0,0,NULL,2014-09-25 12:37:14,2020-01-22 3:10:59
1256,13,0,0,0,0,NULL,2014-09-25 12:37:14,2020-01-22 3:10:59
805,13,0,0,0,0,NULL,2014-09-25 12:37:14,2020-01-22 3:10:59
518,13,0,0,0,0,NULL,2014-09-25 12:37:14,2020-01-22 3:10:59
1879,2,0,2,0,0,5,2015-11-23 21:06:16,2020-08-13 1:06:20
1670,2,0,2,0,0,5,2015-11-23 21:06:16,2020-08-13 1:06:20
2315,2,0,0,0,0,NULL,2013-04-15 12:12:11,2018-11-07 2:30:06
1736,2,0,0,0,0,NULL,2013-04-15 12:12:11,2018-11-07 2:30:06
565,2,0,0,0,0,NULL,2013-04-15 12:12:11,2018-11-07 2:30:06
2507,2,0,0,0,0,NULL,2020-10-27 18:27:31,2022-05-22 17:13:11
806,2,0,0,0,0,NULL,2020-10-27 18:27:31,2022-05-22 17:13:11
2384,2,9,0,0,0,NULL,2020-11-05 10:13:43,2022-05-22 18:18:08
1635,2,9,0,0,0,NULL,2020-11-05 10:13:43,2022-05-22 18:18:08
3564,14,0,0,0,0,NULL,2019-05-25 20:29:52,2022-08-03 18:44:08
176,14,0,0,0,0,NULL,2019-05-25 20:29:52,2022-08-03 18:44:08
1199,2,0,0,0,0,NULL,2020-09-22 18:55:00,2022-05-06 3:40:11
638,2,0,0,0,0,NULL,2020-09-22 18:55:00,2022-05-06 3:40:11
3343,1,0,0,0,0,NULL,2012-03-04 12:18:16,2018-10-23 1:21:11
3265,1,0,0,0,0,NULL,2012-03-04 12:18:16,2018-10-23 1:21:11
2946,1,0,0,0,0,NULL,2012-03-04 12:18:16,2018-10-23 1:21:11
2591,1,0,0,0,0,NULL,2012-03-04 12:18:16,2018-10-23 1:21:11
2511,1,0,0,0,0,NULL,2012-03-04 12:18:16,2018-10-23 1:21:11
2402,1,0,0,0,0,NULL,2012-03-04 12:18:16,2018-10-23 1:21:11
2292,1,0,0,0,0,NULL,2012-03-04 12:18:16,2018-10-23 1:21:11
401,1,0,0,0,0,NULL,2012-03-04 12:18:16,2018-10-23 1:21:11
136,1,0,0,0,0,NULL,2012-03-04 12:18:16,2018-10-23 1:21:11
3633,2,0,22,0,0,5,2012-11-05 21:12:28,2022-04-12 13:58:21
3241,2,0,22,0,0,5,2012-11-05 21:12:28,2022-04-12 13:58:21
3000,2,0,22,0,0,5,2012-11-05 21:12:28,2022-04-12 13:58:21
2395,2,0,22,0,0,5,2012-11-05 21:12:28,2022-04-12 13:58:21
2128,2,0,22,0,0,5,2012-11-05 21:12:28,2022-04-12 13:58:21
1759,2,0,22,0,0,5,2012-11-05 21:12:28,2022-04-12 13:58:21
1470,2,0,22,0,0,5,2012-11-05 21:12:28,2022-04-12 13:58:21
3653,3,0,0,0,0,NULL,2015-11-09 21:56:15,2021-01-10 2:10:29
3601,3,0,0,0,0,NULL,2015-11-09 21:56:15,2021-01-10 2:10:29
2981,3,0,0,0,0,NULL,2015-11-09 21:56:15,2021-01-10 2:10:29
1523,3,0,0,0,0,NULL,2015-11-09 21:56:15,2021-01-10 2:10:29
1164,3,0,0,0,0,NULL,2015-11-09 21:56:15,2021-01-10 2:10:29
593,3,0,0,0,0,NULL,2015-11-09 21:56:15,2021-01-10 2:10:29
70,3,0,0,0,0,NULL,2015-11-09 21:56:15,2021-01-10 2:10:29
2930,14,0,0,0,0,NULL,2016-11-08 13:40:06,2022-07-27 19:24:08
2630,14,0,0,0,0,NULL,2016-11-08 13:40:06,2022-07-27 19:24:08
2931,2,0,68,0,0,5,2013-04-23 10:50:25,2023-04-04 1:31:44
1502,2,0,68,0,0,5,2013-04-23 10:50:25,2023-04-04 1:31:44
848,2,0,68,0,0,5,2013-04-23 10:50:25,2023-04-04 1:31:44
391,2,0,68,0,0,5,2013-04-23 10:50:25,2023-04-04 1:31:44
3048,1,0,11,0,0,5,2018-02-12 12:52:10,2020-10-05 13:26:03
3006,1,0,11,0,0,5,2018-02-12 12:52:10,2020-10-05 13:26:03
1352,1,0,11,0,0,5,2018-02-12 12:52:10,2020-10-05 13:26:03
1091,1,0,11,0,0,5,2018-02-12 12:52:10,2020-10-05 13:26:03
485,1,0,11,0,0,5,2018-02-12 12:52:10,2020-10-05 13:26:03
3244,2,0,0,0,0,NULL,2016-03-04 5:46:50,2021-07-13 1:12:38
2379,2,0,0,0,0,NULL,2016-03-04 5:46:50,2021-07-13 1:12:38
3685,2,0,0,0,0,NULL,2015-02-18 9:51:42,2020-04-20 1:10:27
2892,2,0,0,0,0,NULL,2015-02-18 9:51:42,2020-04-20 1:10:27
2677,2,0,0,0,0,NULL,2015-02-18 9:51:42,2020-04-20 1:10:27
1256,2,0,0,0,0,NULL,2015-02-18 9:51:42,2020-04-20 1:10:27
805,2,0,0,0,0,NULL,2015-02-18 9:51:42,2020-04-20 1:10:27
518,2,0,0,0,0,NULL,2015-02-18 9:51:42,2020-04-20 1:10:27
3390,2,0,2,0,0,5,2017-02-01 15:31:54,2022-11-29 2:51:30
1519,2,0,2,0,0,5,2017-02-01 15:31:54,2022-11-29 2:51:30
2905,2,3,31,0,0,4.97,2011-09-28 11:47:37,2022-05-16 19:03:27
2323,2,3,31,0,0,4.97,2011-09-28 11:47:37,2022-05-16 19:03:27
2024,2,3,31,0,0,4.97,2011-09-28 11:47:37,2022-05-16 19:03:27
1450,2,3,31,0,0,4.97,2011-09-28 11:47:37,2022-05-16 19:03:27
1345,2,3,31,0,0,4.97,2011-09-28 11:47:37,2022-05-16 19:03:27
1026,2,3,31,0,0,4.97,2011-09-28 11:47:37,2022-05-16 19:03:27
996,2,3,31,0,0,4.97,2011-09-28 11:47:37,2022-05-16 19:03:27
3409,2,15,16,0,1,4.76,2016-01-08 10:33:24,2022-04-09 18:14:04
947,2,15,16,0,1,4.76,2016-01-08 10:33:24,2022-04-09 18:14:04
3343,3,9,16,0,0,5,2013-05-28 7:18:30,2024-01-10 2:30:32
3265,3,9,16,0,0,5,2013-05-28 7:18:30,2024-01-10 2:30:32
2946,3,9,16,0,0,5,2013-05-28 7:18:30,2024-01-10 2:30:32
2591,3,9,16,0,0,5,2013-05-28 7:18:30,2024-01-10 2:30:32
2511,3,9,16,0,0,5,2013-05-28 7:18:30,2024-01-10 2:30:32
2402,3,9,16,0,0,5,2013-05-28 7:18:30,2024-01-10 2:30:32
2292,3,9,16,0,0,5,2013-05-28 7:18:30,2024-01-10 2:30:32
401,3,9,16,0,0,5,2013-05-28 7:18:30,2024-01-10 2:30:32
136,3,9,16,0,0,5,2013-05-28 7:18:30,2024-01-10 2:30:32
768,2,0,0,0,0,NULL,2020-10-17 8:18:55,2022-05-06 15:27:14
198,2,0,0,0,0,NULL,2020-10-17 8:18:55,2022-05-06 15:27:14
2332,2,0,0,0,0,NULL,2018-01-12 20:20:14,2022-04-12 5:47:08
1226,2,0,0,0,0,NULL,2018-01-12 20:20:14,2022-04-12 5:47:08
2269,2,0,0,0,0,NULL,2016-04-05 20:19:19,2021-08-15 1:12:20
1720,2,0,0,0,0,NULL,2016-04-05 20:19:19,2021-08-15 1:12:20
3530,2,0,1,0,0,NULL,2016-02-26 12:04:06,2023-12-21 2:33:47
1996,2,0,1,0,0,NULL,2016-02-26 12:04:06,2023-12-21 2:33:47
1591,2,0,0,0,0,NULL,2020-03-10 16:45:23,2022-05-26 16:45:09
210,2,0,0,0,0,NULL,2020-03-10 16:45:23,2022-05-26 16:45:09
3063,2,1,0,0,0,NULL,2017-03-26 15:47:31,2022-04-18 5:08:12
115,2,1,0,0,0,NULL,2017-03-26 15:47:31,2022-04-18 5:08:12
1977,2,1,0,0,0,NULL,2017-05-12 16:50:27,2022-04-18 13:13:08
1613,2,1,0,0,0,NULL,2017-05-12 16:50:27,2022-04-18 13:13:08
3070,2,0,0,0,0,0,2019-03-31 12:40:42,2022-04-25 20:41:10
1630,2,0,0,0,0,0,2019-03-31 12:40:42,2022-04-25 20:41:10
1444,2,0,0,0,0,NULL,2016-08-03 16:11:08,2021-10-04 1:12:12
714,2,0,0,0,0,NULL,2016-08-03 16:11:08,2021-10-04 1:12:12
3532,14,0,0,0,0,NULL,2014-01-18 15:24:34,2019-06-27 10:20:45
2965,14,0,0,0,0,NULL,2014-01-18 15:24:34,2019-06-27 10:20:45
1651,14,0,0,0,0,NULL,2014-01-18 15:24:34,2019-06-27 10:20:45
1437,14,0,0,0,0,NULL,2014-01-18 15:24:34,2019-06-27 10:20:45
1095,14,0,0,0,0,NULL,2014-01-18 15:24:34,2019-06-27 10:20:45
908,14,0,0,0,0,NULL,2014-01-18 15:24:34,2019-06-27 10:20:45
843,14,0,0,0,0,NULL,2014-01-18 15:24:34,2019-06-27 10:20:45
674,14,0,0,0,0,NULL,2014-01-18 15:24:34,2019-06-27 10:20:45
26,14,0,0,0,0,NULL,2014-01-18 15:24:34,2019-06-27 10:20:45
3591,14,0,0,0,0,NULL,2014-03-31 12:14:30,2019-07-01 10:10:02
3350,14,0,0,0,0,NULL,2014-03-31 12:14:30,2019-07-01 10:10:02
2709,14,0,0,0,0,NULL,2014-03-31 12:14:30,2019-07-01 10:10:02
1961,14,0,0,0,0,NULL,2014-03-31 12:14:30,2019-07-01 10:10:02
1654,14,0,0,0,0,NULL,2014-03-31 12:14:30,2019-07-01 10:10:02
1571,14,0,0,0,0,NULL,2014-03-31 12:14:30,2019-07-01 10:10:02
1453,14,0,0,0,0,NULL,2014-03-31 12:14:30,2019-07-01 10:10:02
3174,2,0,0,0,0,NULL,2019-03-17 16:47:22,2022-04-25 13:27:10
2015,2,0,0,0,0,NULL,2019-03-17 16:47:22,2022-04-25 13:27:10
3539,14,0,0,0,0,NULL,2021-03-28 11:25:20,2022-08-09 16:36:10
2669,14,0,0,0,0,NULL,2021-03-28 11:25:20,2022-08-09 16:36:10
608,2,0,1,0,0,5,2016-05-16 17:26:44,2022-05-11 8:06:13
380,2,0,1,0,0,5,2016-05-16 17:26:44,2022-05-11 8:06:13
3393,1,0,32,0,0,5,2014-06-11 18:55:49,2020-11-03 17:23:51
2975,1,0,32,0,0,5,2014-06-11 18:55:49,2020-11-03 17:23:51
2684,1,0,32,0,0,5,2014-06-11 18:55:49,2020-11-03 17:23:51
2041,1,0,32,0,0,5,2014-06-11 18:55:49,2020-11-03 17:23:51
1708,1,0,32,0,0,5,2014-06-11 18:55:49,2020-11-03 17:23:51
1239,1,0,32,0,0,5,2014-06-11 18:55:49,2020-11-03 17:23:51
819,1,0,32,0,0,5,2014-06-11 18:55:49,2020-11-03 17:23:51
362,1,0,32,0,0,5,2014-06-11 18:55:49,2020-11-03 17:23:51
211,1,0,32,0,0,5,2014-06-11 18:55:49,2020-11-03 17:23:51
2537,2,0,0,0,0,NULL,2018-12-20 15:22:14,2019-12-16 2:03:52
2130,2,0,0,0,0,NULL,2018-12-20 15:22:14,2019-12-16 2:03:52
2950,2,7,91,0,2,4.9,2016-09-28 18:48:54,2022-04-16 20:50:12
1645,2,7,91,0,2,4.9,2016-09-28 18:48:54,2022-04-16 20:50:12
3358,13,0,0,0,0,NULL,2014-09-30 15:14:50,2019-12-02 3:12:54
1816,13,0,0,0,0,NULL,2014-09-30 15:14:50,2019-12-02 3:12:54
1805,13,0,0,0,0,NULL,2014-09-30 15:14:50,2019-12-02 3:12:54
1582,13,0,0,0,0,NULL,2014-09-30 15:14:50,2019-12-02 3:12:54
975,13,0,0,0,0,NULL,2014-09-30 15:14:50,2019-12-02 3:12:54
688,13,0,0,0,0,NULL,2014-09-30 15:14:50,2019-12-02 3:12:54
3393,3,0,0,0,0,NULL,2015-02-22 11:15:32,2020-04-23 1:10:02
2975,3,0,0,0,0,NULL,2015-02-22 11:15:32,2020-04-23 1:10:02
2684,3,0,0,0,0,NULL,2015-02-22 11:15:32,2020-04-23 1:10:02
2041,3,0,0,0,0,NULL,2015-02-22 11:15:32,2020-04-23 1:10:02
1708,3,0,0,0,0,NULL,2015-02-22 11:15:32,2020-04-23 1:10:02
1239,3,0,0,0,0,NULL,2015-02-22 11:15:32,2020-04-23 1:10:02
819,3,0,0,0,0,NULL,2015-02-22 11:15:32,2020-04-23 1:10:02
362,3,0,0,0,0,NULL,2015-02-22 11:15:32,2020-04-23 1:10:02
211,3,0,0,0,0,NULL,2015-02-22 11:15:32,2020-04-23 1:10:02
2068,2,0,0,0,0,NULL,2020-02-02 16:01:15,2020-04-03 1:04:13
1607,2,0,0,0,0,NULL,2020-02-02 16:01:15,2020-04-03 1:04:13
2459,2,0,0,0,0,NULL,2016-03-16 17:14:34,2021-05-17 1:12:41
92,2,0,0,0,0,NULL,2016-03-16 17:14:34,2021-05-17 1:12:41
2905,14,0,0,0,0,NULL,2013-12-04 20:11:05,2019-03-06 11:30:32
2323,14,0,0,0,0,NULL,2013-12-04 20:11:05,2019-03-06 11:30:32
2024,14,0,0,0,0,NULL,2013-12-04 20:11:05,2019-03-06 11:30:32
1450,14,0,0,0,0,NULL,2013-12-04 20:11:05,2019-03-06 11:30:32
1345,14,0,0,0,0,NULL,2013-12-04 20:11:05,2019-03-06 11:30:32
1026,14,0,0,0,0,NULL,2013-12-04 20:11:05,2019-03-06 11:30:32
996,14,0,0,0,0,NULL,2013-12-04 20:11:05,2019-03-06 11:30:32
2408,2,0,0,0,0,NULL,2020-11-08 15:15:31,2022-05-15 18:07:09
1063,2,0,0,0,0,NULL,2020-11-08 15:15:31,2022-05-15 18:07:09
2805,14,0,0,0,0,NULL,2014-01-21 22:00:45,2019-05-04 10:10:54
1819,14,0,0,0,0,NULL,2014-01-21 22:00:45,2019-05-04 10:10:54
1809,14,0,0,0,0,NULL,2014-01-21 22:00:45,2019-05-04 10:10:54
1158,14,0,0,0,0,NULL,2014-01-21 22:00:45,2019-05-04 10:10:54
894,14,0,0,0,0,NULL,2014-01-21 22:00:45,2019-05-04 10:10:54
787,14,0,0,0,0,NULL,2014-01-21 22:00:45,2019-05-04 10:10:54
315,14,0,0,0,0,NULL,2014-01-21 22:00:45,2019-05-04 10:10:54
3649,3,0,4,0,0,NULL,2015-05-25 10:46:16,2020-11-09 2:10:21
3054,3,0,4,0,0,NULL,2015-05-25 10:46:16,2020-11-09 2:10:21
2676,3,0,4,0,0,NULL,2015-05-25 10:46:16,2020-11-09 2:10:21
1569,3,0,4,0,0,NULL,2015-05-25 10:46:16,2020-11-09 2:10:21
1358,3,0,4,0,0,NULL,2015-05-25 10:46:16,2020-11-09 2:10:21
813,3,0,4,0,0,NULL,2015-05-25 10:46:16,2020-11-09 2:10:21
803,3,0,4,0,0,NULL,2015-05-25 10:46:16,2020-11-09 2:10:21
3690,2,0,6,0,0,5,2012-10-29 12:57:44,2021-10-09 1:12:09
3053,2,0,6,0,0,5,2012-10-29 12:57:44,2021-10-09 1:12:09
3051,2,0,6,0,0,5,2012-10-29 12:57:44,2021-10-09 1:12:09
2177,2,0,6,0,0,5,2012-10-29 12:57:44,2021-10-09 1:12:09
952,2,0,6,0,0,5,2012-10-29 12:57:44,2021-10-09 1:12:09
715,2,0,6,0,0,5,2012-10-29 12:57:44,2021-10-09 1:12:09
650,2,0,6,0,0,5,2012-10-29 12:57:44,2021-10-09 1:12:09
3343,14,0,0,0,0,NULL,2013-12-12 15:56:03,2020-02-26 11:10:06
3265,14,0,0,0,0,NULL,2013-12-12 15:56:03,2020-02-26 11:10:06
2946,14,0,0,0,0,NULL,2013-12-12 15:56:03,2020-02-26 11:10:06
2591,14,0,0,0,0,NULL,2013-12-12 15:56:03,2020-02-26 11:10:06
2511,14,0,0,0,0,NULL,2013-12-12 15:56:03,2020-02-26 11:10:06
2402,14,0,0,0,0,NULL,2013-12-12 15:56:03,2020-02-26 11:10:06
2292,14,0,0,0,0,NULL,2013-12-12 15:56:03,2020-02-26 11:10:06
401,14,0,0,0,0,NULL,2013-12-12 15:56:03,2020-02-26 11:10:06
136,14,0,0,0,0,NULL,2013-12-12 15:56:03,2020-02-26 11:10:06
2931,3,1,7,0,0,5,2019-07-12 11:51:13,2022-09-01 5:31:13
1502,3,1,7,0,0,5,2019-07-12 11:51:13,2022-09-01 5:31:13
848,3,1,7,0,0,5,2019-07-12 11:51:13,2022-09-01 5:31:13
391,3,1,7,0,0,5,2019-07-12 11:51:13,2022-09-01 5:31:13
3591,13,0,0,0,0,NULL,2014-11-18 11:42:16,2020-02-06 3:10:42
3350,13,0,0,0,0,NULL,2014-11-18 11:42:16,2020-02-06 3:10:42
2709,13,0,0,0,0,NULL,2014-11-18 11:42:16,2020-02-06 3:10:42
1961,13,0,0,0,0,NULL,2014-11-18 11:42:16,2020-02-06 3:10:42
1654,13,0,0,0,0,NULL,2014-11-18 11:42:16,2020-02-06 3:10:42
1571,13,0,0,0,0,NULL,2014-11-18 11:42:16,2020-02-06 3:10:42
1453,13,0,0,0,0,NULL,2014-11-18 11:42:16,2020-02-06 3:10:42
3215,2,0,0,0,0,NULL,2015-07-18 14:13:28,2020-09-19 1:13:35
2875,2,0,0,0,0,NULL,2015-07-18 14:13:28,2020-09-19 1:13:35
1959,14,0,0,0,0,0,2016-12-22 5:50:18,2020-07-27 10:47:03
736,14,0,0,0,0,0,2016-12-22 5:50:18,2020-07-27 10:47:03
3404,1,0,0,0,0,NULL,2013-03-04 15:39:06,2018-10-26 0:20:20
2232,1,0,0,0,0,NULL,2013-03-04 15:39:06,2018-10-26 0:20:20
2073,1,0,0,0,0,NULL,2013-03-04 15:39:06,2018-10-26 0:20:20
1094,1,0,0,0,0,NULL,2013-03-04 15:39:06,2018-10-26 0:20:20
571,1,0,0,0,0,NULL,2013-03-04 15:39:06,2018-10-26 0:20:20
477,1,0,0,0,0,NULL,2013-03-04 15:39:06,2018-10-26 0:20:20
420,1,0,0,0,0,NULL,2013-03-04 15:39:06,2018-10-26 0:20:20
19,1,0,0,0,0,NULL,2013-03-04 15:39:06,2018-10-26 0:20:20
2905,13,0,0,0,0,NULL,2014-04-19 21:12:20,2019-07-20 2:10:55
2323,13,0,0,0,0,NULL,2014-04-19 21:12:20,2019-07-20 2:10:55
2024,13,0,0,0,0,NULL,2014-04-19 21:12:20,2019-07-20 2:10:55
1450,13,0,0,0,0,NULL,2014-04-19 21:12:20,2019-07-20 2:10:55
1345,13,0,0,0,0,NULL,2014-04-19 21:12:20,2019-07-20 2:10:55
1026,13,0,0,0,0,NULL,2014-04-19 21:12:20,2019-07-20 2:10:55
996,13,0,0,0,0,NULL,2014-04-19 21:12:20,2019-07-20 2:10:55
2047,7,0,0,0,0,NULL,2024-01-11 16:56:21,2024-03-01 17:24:32
2409,2,29,2,0,0,5,2018-06-25 17:55:12,2022-04-21 20:15:03
560,2,29,2,0,0,5,2018-06-25 17:55:12,2022-04-21 20:15:03
3487,4,0,0,0,0,NULL,2019-08-30 23:04:23,2022-04-28 9:52:10
821,4,0,0,0,0,NULL,2019-08-30 23:04:23,2022-04-28 9:52:10
3474,2,0,0,0,0,NULL,2017-11-09 14:19:41,2022-05-18 11:35:07
247,2,0,0,0,0,NULL,2017-11-09 14:19:41,2022-05-18 11:35:07
1356,2,0,0,0,0,NULL,2019-11-23 1:47:11,2022-05-20 21:03:11
132,2,0,0,0,0,NULL,2019-11-23 1:47:11,2022-05-20 21:03:11
2655,2,0,0,0,0,NULL,2020-05-03 23:30:23,2020-11-04 10:21:35
1506,2,0,0,0,0,NULL,2020-05-03 23:30:23,2020-11-04 10:21:35
483,2,0,0,0,0,NULL,2020-05-03 23:30:23,2020-11-04 10:21:35
44,2,0,0,0,0,NULL,2020-05-03 23:30:23,2020-11-04 10:21:35
2774,2,3,1,0,0,5,2016-02-26 9:09:17,2021-12-24 2:00:43
2136,2,3,1,0,0,5,2016-02-26 9:09:17,2021-12-24 2:00:43
993,2,3,1,0,0,5,2016-02-26 9:09:17,2021-12-24 2:00:43
898,2,3,1,0,0,5,2016-02-26 9:09:17,2021-12-24 2:00:43
830,2,3,1,0,0,5,2016-02-26 9:09:17,2021-12-24 2:00:43
292,2,3,1,0,0,5,2016-02-26 9:09:17,2021-12-24 2:00:43
3591,2,0,0,0,0,NULL,2015-05-12 7:52:33,2016-07-07 4:12:06
3350,2,0,0,0,0,NULL,2015-05-12 7:52:33,2016-07-07 4:12:06
2709,2,0,0,0,0,NULL,2015-05-12 7:52:33,2016-07-07 4:12:06
1961,2,0,0,0,0,NULL,2015-05-12 7:52:33,2016-07-07 4:12:06
1654,2,0,0,0,0,NULL,2015-05-12 7:52:33,2016-07-07 4:12:06
1571,2,0,0,0,0,NULL,2015-05-12 7:52:33,2016-07-07 4:12:06
1453,2,0,0,0,0,NULL,2015-05-12 7:52:33,2016-07-07 4:12:06
1903,2,0,0,0,0,NULL,2015-11-09 14:47:39,2021-01-12 2:31:04
1308,2,0,0,0,0,NULL,2015-11-09 14:47:39,2021-01-12 2:31:04
1802,2,0,0,0,0,NULL,2016-02-11 19:45:32,2021-04-12 1:21:00
1096,2,0,0,0,0,NULL,2016-02-11 19:45:32,2021-04-12 1:21:00
2939,2,0,15,0,0,5,2019-08-21 8:33:22,2020-10-20 1:00:30
226,2,0,15,0,0,5,2019-08-21 8:33:22,2020-10-20 1:00:30
1263,2,10,4,0,0,5,2020-07-14 9:26:45,2020-08-24 14:12:20
478,2,10,4,0,0,5,2020-07-14 9:26:45,2020-08-24 14:12:20
3517,14,0,0,0,0,NULL,2016-04-29 15:58:11,2022-10-22 10:34:07
974,14,0,0,0,0,NULL,2016-04-29 15:58:11,2022-10-22 10:34:07
2315,15,0,0,0,0,0,2017-09-21 14:16:11,2020-07-28 2:06:46
1736,15,0,0,0,0,0,2017-09-21 14:16:11,2020-07-28 2:06:46
565,15,0,0,0,0,0,2017-09-21 14:16:11,2020-07-28 2:06:46
3100,14,0,0,0,0,NULL,2014-02-23 4:52:59,2019-06-30 10:12:14
2610,14,0,0,0,0,NULL,2014-02-23 4:52:59,2019-06-30 10:12:14
1923,14,0,0,0,0,NULL,2014-02-23 4:52:59,2019-06-30 10:12:14
1381,14,0,0,0,0,NULL,2014-02-23 4:52:59,2019-06-30 10:12:14
1280,14,0,0,0,0,NULL,2014-02-23 4:52:59,2019-06-30 10:12:14
304,14,0,0,0,0,NULL,2014-02-23 4:52:59,2019-06-30 10:12:14
274,14,0,0,0,0,NULL,2014-02-23 4:52:59,2019-06-30 10:12:14
2393,2,0,0,0,0,NULL,2019-04-15 6:25:47,2022-05-19 22:23:15
1908,2,0,0,0,0,NULL,2019-04-15 6:25:47,2022-05-19 22:23:15
1871,15,0,15,0,0,5,2022-02-10 6:05:37,2022-11-01 9:24:11
288,15,0,15,0,0,5,2022-02-10 6:05:37,2022-11-01 9:24:11
3186,2,0,0,0,0,NULL,2020-01-05 14:32:33,2022-04-30 23:11:17
339,2,0,0,0,0,NULL,2020-01-05 14:32:33,2022-04-30 23:11:17
3532,2,0,0,0,1,NULL,2012-06-26 17:34:18,2022-09-11 1:00:25
2965,2,0,0,0,1,NULL,2012-06-26 17:34:18,2022-09-11 1:00:25
1651,2,0,0,0,1,NULL,2012-06-26 17:34:18,2022-09-11 1:00:25
1437,2,0,0,0,1,NULL,2012-06-26 17:34:18,2022-09-11 1:00:25
1095,2,0,0,0,1,NULL,2012-06-26 17:34:18,2022-09-11 1:00:25
908,2,0,0,0,1,NULL,2012-06-26 17:34:18,2022-09-11 1:00:25
843,2,0,0,0,1,NULL,2012-06-26 17:34:18,2022-09-11 1:00:25
674,2,0,0,0,1,NULL,2012-06-26 17:34:18,2022-09-11 1:00:25
26,2,0,0,0,1,NULL,2012-06-26 17:34:18,2022-09-11 1:00:25
3358,14,0,0,0,0,NULL,2014-03-13 4:07:40,2021-08-01 10:54:01
1816,14,0,0,0,0,NULL,2014-03-13 4:07:40,2021-08-01 10:54:01
1805,14,0,0,0,0,NULL,2014-03-13 4:07:40,2021-08-01 10:54:01
1582,14,0,0,0,0,NULL,2014-03-13 4:07:40,2021-08-01 10:54:01
975,14,0,0,0,0,NULL,2014-03-13 4:07:40,2021-08-01 10:54:01
688,14,0,0,0,0,NULL,2014-03-13 4:07:40,2021-08-01 10:54:01
3494,2,0,0,0,0,NULL,2016-08-05 18:49:21,2016-11-09 3:00:07
897,2,0,0,0,0,NULL,2016-08-05 18:49:21,2016-11-09 3:00:07
3489,14,0,0,0,0,NULL,2021-09-22 9:27:20,2022-08-11 17:45:01
684,14,0,0,0,0,NULL,2021-09-22 9:27:20,2022-08-11 17:45:01
3586,2,0,0,0,0,NULL,2015-10-08 10:58:32,2022-04-09 15:15:08
3488,2,0,0,0,0,NULL,2015-10-08 10:58:32,2022-04-09 15:15:08
926,14,0,47,0,0,5,2019-06-09 14:15:20,2022-08-03 20:46:08
766,14,0,47,0,0,5,2019-06-09 14:15:20,2022-08-03 20:46:08
3343,2,3,20,0,0,5,2013-08-07 6:55:26,2020-11-17 18:49:06
3265,2,3,20,0,0,5,2013-08-07 6:55:26,2020-11-17 18:49:06
2946,2,3,20,0,0,5,2013-08-07 6:55:26,2020-11-17 18:49:06
2591,2,3,20,0,0,5,2013-08-07 6:55:26,2020-11-17 18:49:06
2511,2,3,20,0,0,5,2013-08-07 6:55:26,2020-11-17 18:49:06
2402,2,3,20,0,0,5,2013-08-07 6:55:26,2020-11-17 18:49:06
2292,2,3,20,0,0,5,2013-08-07 6:55:26,2020-11-17 18:49:06
401,2,3,20,0,0,5,2013-08-07 6:55:26,2020-11-17 18:49:06
136,2,3,20,0,0,5,2013-08-07 6:55:26,2020-11-17 18:49:06
3653,15,0,1,0,0,5,2015-03-19 16:34:25,2022-09-19 10:40:18
3601,15,0,1,0,0,5,2015-03-19 16:34:25,2022-09-19 10:40:18
2981,15,0,1,0,0,5,2015-03-19 16:34:25,2022-09-19 10:40:18
1523,15,0,1,0,0,5,2015-03-19 16:34:25,2022-09-19 10:40:18
1164,15,0,1,0,0,5,2015-03-19 16:34:25,2022-09-19 10:40:18
593,15,0,1,0,0,5,2015-03-19 16:34:25,2022-09-19 10:40:18
70,15,0,1,0,0,5,2015-03-19 16:34:25,2022-09-19 10:40:18
3393,2,0,43,0,0,5,2012-10-22 10:52:37,2022-10-06 1:31:43
2975,2,0,43,0,0,5,2012-10-22 10:52:37,2022-10-06 1:31:43
2684,2,0,43,0,0,5,2012-10-22 10:52:37,2022-10-06 1:31:43
2041,2,0,43,0,0,5,2012-10-22 10:52:37,2022-10-06 1:31:43
1708,2,0,43,0,0,5,2012-10-22 10:52:37,2022-10-06 1:31:43
1239,2,0,43,0,0,5,2012-10-22 10:52:37,2022-10-06 1:31:43
819,2,0,43,0,0,5,2012-10-22 10:52:37,2022-10-06 1:31:43
362,2,0,43,0,0,5,2012-10-22 10:52:37,2022-10-06 1:31:43
211,2,0,43,0,0,5,2012-10-22 10:52:37,2022-10-06 1:31:43
978,2,12,0,0,0,NULL,2017-12-28 18:28:47,2022-05-18 14:04:20
637,2,12,0,0,0,NULL,2017-12-28 18:28:47,2022-05-18 14:04:20
2774,2,0,28,0,0,5,2013-05-11 11:32:25,2019-04-22 2:50:10
2136,2,0,28,0,0,5,2013-05-11 11:32:25,2019-04-22 2:50:10
993,2,0,28,0,0,5,2013-05-11 11:32:25,2019-04-22 2:50:10
898,2,0,28,0,0,5,2013-05-11 11:32:25,2019-04-22 2:50:10
830,2,0,28,0,0,5,2013-05-11 11:32:25,2019-04-22 2:50:10
292,2,0,28,0,0,5,2013-05-11 11:32:25,2019-04-22 2:50:10
3343,15,0,0,0,0,NULL,2013-07-13 22:31:07,2018-10-26 1:00:52
3265,15,0,0,0,0,NULL,2013-07-13 22:31:07,2018-10-26 1:00:52
2946,15,0,0,0,0,NULL,2013-07-13 22:31:07,2018-10-26 1:00:52
2591,15,0,0,0,0,NULL,2013-07-13 22:31:07,2018-10-26 1:00:52
2511,15,0,0,0,0,NULL,2013-07-13 22:31:07,2018-10-26 1:00:52
2402,15,0,0,0,0,NULL,2013-07-13 22:31:07,2018-10-26 1:00:52
2292,15,0,0,0,0,NULL,2013-07-13 22:31:07,2018-10-26 1:00:52
401,15,0,0,0,0,NULL,2013-07-13 22:31:07,2018-10-26 1:00:52
136,15,0,0,0,0,NULL,2013-07-13 22:31:07,2018-10-26 1:00:52
3284,2,0,0,0,0,NULL,2017-03-13 13:05:19,2022-06-14 1:32:05
1553,2,0,0,0,0,NULL,2017-03-13 13:05:19,2022-06-14 1:32:05
3496,10,0,2,0,0,5,2021-01-29 9:01:47,2024-07-26 11:53:39
2095,13,66,49,0,4,4.68,2023-07-09 14:13:06,2024-09-28 14:15:58
1915,10,0,27,1,0,4.89,2020-08-25 17:17:04,2024-09-29 14:22:04
59,13,0,10,0,0,5,2023-07-04 8:46:18,2024-10-01 21:26:32
1374,18,34,66,0,1,4.87,2021-02-23 22:22:09,2024-10-03 10:31:34
606,13,7,0,0,0,NULL,2024-08-25 14:00:39,2024-10-06 19:43:20
1525,16,12,88,0,2,4.89,2021-11-03 16:47:23,2024-10-06 19:17:21
3181,19,113,412,3,29,4.7,2018-10-29 22:10:57,2024-10-05 19:23:43
1984,13,8,48,0,0,5,2023-06-04 6:44:14,2024-10-04 19:09:36
2967,13,2,69,0,3,4.83,2023-04-28 19:07:53,2024-10-04 13:11:35
2408,13,8,67,1,5,4.68,2022-02-20 15:22:27,2024-10-03 18:31:52
1063,13,8,67,1,5,4.68,2022-02-20 15:22:27,2024-10-03 18:31:52
647,22,19,13,0,1,4.79,2022-06-18 19:22:16,2024-10-03 16:49:28
1186,10,0,3,0,0,5,2024-07-23 10:19:42,2024-10-01 16:15:11
3406,16,31,39,0,1,4.9,2019-09-19 18:07:58,2024-10-01 6:57:41
94,13,0,0,0,0,NULL,2023-11-01 1:54:52,2024-08-28 11:58:25
2466,13,3,6,0,1,4.43,2024-01-08 0:27:58,2024-10-05 15:42:33
1090,13,1,17,0,1,4.78,2022-11-08 12:08:31,2024-10-06 21:09:49
3100,16,6,128,0,3,4.9,2013-07-17 15:27:31,2024-10-06 20:33:57
2610,16,6,128,0,3,4.9,2013-07-17 15:27:31,2024-10-06 20:33:57
1923,16,6,128,0,3,4.9,2013-07-17 15:27:31,2024-10-06 20:33:57
1381,16,6,128,0,3,4.9,2013-07-17 15:27:31,2024-10-06 20:33:57
1280,16,6,128,0,3,4.9,2013-07-17 15:27:31,2024-10-06 20:33:57
304,16,6,128,0,3,4.9,2013-07-17 15:27:31,2024-10-06 20:33:57
274,16,6,128,0,3,4.9,2013-07-17 15:27:31,2024-10-06 20:33:57
906,16,219,405,2,9,4.88,2016-11-20 16:33:46,2024-10-07 15:24:37
3147,13,12,1883,4,62,4.86,2017-12-27 15:15:37,2024-10-09 13:40:43
2670,13,167,908,0,0,5,2022-02-01 11:40:13,2024-10-09 13:12:12
93,13,167,908,0,0,5,2022-02-01 11:40:13,2024-10-09 13:12:12
2824,13,635,544,4,16,4.86,2021-04-20 15:40:35,2024-10-09 8:23:53
765,15,13,18,0,1,4.79,2024-02-06 16:16:49,2024-10-09 8:11:26
1936,21,17,30,0,1,4.87,2024-07-27 15:57:54,2024-10-09 8:26:25
1219,18,0,429,3,8,4.9,2021-04-01 11:13:14,2024-10-09 8:30:16
1853,13,4,11,0,0,4.82,2023-02-11 12:20:52,2024-10-09 15:15:54
2078,16,43,54,1,5,4.63,2018-09-14 8:38:24,2024-10-09 15:38:17
3649,2,0,1,0,0,NULL,2012-11-11 14:25:37,2024-02-06 2:31:34
3054,2,0,1,0,0,NULL,2012-11-11 14:25:37,2024-02-06 2:31:34
2676,2,0,1,0,0,NULL,2012-11-11 14:25:37,2024-02-06 2:31:34
1569,2,0,1,0,0,NULL,2012-11-11 14:25:37,2024-02-06 2:31:34
1358,2,0,1,0,0,NULL,2012-11-11 14:25:37,2024-02-06 2:31:34
813,2,0,1,0,0,NULL,2012-11-11 14:25:37,2024-02-06 2:31:34
803,2,0,1,0,0,NULL,2012-11-11 14:25:37,2024-02-06 2:31:34
2891,2,0,0,0,0,NULL,2019-08-03 8:40:09,2022-05-20 8:24:15
1355,2,0,0,0,0,NULL,2019-08-03 8:40:09,2022-05-20 8:24:15
2308,4,0,0,0,0,NULL,2019-02-16 21:28:06,2022-05-25 13:07:12
809,4,0,0,0,0,NULL,2019-02-16 21:28:06,2022-05-25 13:07:12
3514,2,0,0,0,0,NULL,2018-02-10 20:09:57,2022-04-20 13:51:03
1545,2,0,0,0,0,NULL,2018-02-10 20:09:57,2022-04-20 13:51:03
3649,2,0,9,0,0,5,2014-10-07 7:57:44,2020-11-22 6:52:02
3054,2,0,9,0,0,5,2014-10-07 7:57:44,2020-11-22 6:52:02
2676,2,0,9,0,0,5,2014-10-07 7:57:44,2020-11-22 6:52:02
1569,2,0,9,0,0,5,2014-10-07 7:57:44,2020-11-22 6:52:02
1358,2,0,9,0,0,5,2014-10-07 7:57:44,2020-11-22 6:52:02
813,2,0,9,0,0,5,2014-10-07 7:57:44,2020-11-22 6:52:02
803,2,0,9,0,0,5,2014-10-07 7:57:44,2020-11-22 6:52:02
3575,2,0,0,0,0,NULL,2013-07-13 16:49:17,2018-11-15 3:10:20
2928,2,0,0,0,0,NULL,2013-07-13 16:49:17,2018-11-15 3:10:20
2305,2,0,0,0,0,NULL,2013-07-13 16:49:17,2018-11-15 3:10:20
2112,2,0,0,0,0,NULL,2013-07-13 16:49:17,2018-11-15 3:10:20
88,2,0,0,0,0,NULL,2013-07-13 16:49:17,2018-11-15 3:10:20
3162,13,0,16,0,0,5,2024-03-09 16:23:39,2024-09-17 19:42:43
3195,13,0,0,0,0,NULL,2024-07-24 20:53:15,2024-09-05 19:57:18
2080,13,0,26,0,0,5,2021-11-15 22:10:22,2024-10-04 9:54:10
1949,13,0,26,0,0,5,2021-11-15 22:10:22,2024-10-04 9:54:10
3253,16,17,61,1,0,4.97,2022-12-29 18:58:14,2024-10-07 15:13:06
3225,13,119,102,3,8,4.65,2023-10-17 19:20:50,2024-10-07 15:46:26
1022,13,1,110,1,3,4.87,2022-09-09 18:22:32,2024-10-08 18:17:30
620,7,82,45,0,2,4.83,2021-07-30 16:13:16,2024-10-08 18:33:37
2969,16,0,21,0,1,4.82,2021-11-14 18:34:59,2024-10-08 19:54:28
534,16,0,21,0,1,4.82,2021-11-14 18:34:59,2024-10-08 19:54:28
3085,15,3,348,1,24,4.73,2014-04-16 13:32:20,2024-10-09 5:41:49
2419,13,164,347,0,7,4.92,2021-11-09 17:57:36,2024-10-09 15:37:47
3683,2,0,0,0,0,NULL,2016-02-13 16:12:28,2021-04-15 1:10:16
2761,2,0,0,0,0,NULL,2016-02-13 16:12:28,2021-04-15 1:10:16
1916,2,0,0,0,0,NULL,2016-02-13 16:12:28,2021-04-15 1:10:16
1290,2,0,0,0,0,NULL,2016-02-13 16:12:28,2021-04-15 1:10:16
191,2,0,0,0,0,NULL,2016-02-13 16:12:28,2021-04-15 1:10:16
3692,2,0,0,0,0,NULL,2019-10-29 19:47:51,2022-05-20 18:19:19
1530,2,0,0,0,0,NULL,2019-10-29 19:47:51,2022-05-20 18:19:19
2767,14,1,0,0,0,NULL,2019-03-27 5:02:35,2022-08-03 10:02:16
966,14,1,0,0,0,NULL,2019-03-27 5:02:35,2022-08-03 10:02:16
3296,14,0,0,0,0,NULL,2016-02-23 22:05:35,2022-10-11 12:35:35
2035,14,0,0,0,0,NULL,2016-02-23 22:05:35,2022-10-11 12:35:35
2737,16,0,159,0,1,4.96,2023-10-30 14:32:15,2024-10-09 15:28:36
1872,14,0,0,0,0,NULL,2019-08-27 15:15:19,2022-08-04 8:27:13
310,14,0,0,0,0,NULL,2019-08-27 15:15:19,2022-08-04 8:27:13
954,2,0,0,0,0,NULL,2020-04-21 14:48:58,2022-05-03 11:13:13
697,2,0,0,0,0,NULL,2020-04-21 14:48:58,2022-05-03 11:13:13
2655,15,3,2,0,0,5,2020-06-13 9:02:47,2022-10-01 11:15:14
1506,15,3,2,0,0,5,2020-06-13 9:02:47,2022-10-01 11:15:14
483,15,3,2,0,0,5,2020-06-13 9:02:47,2022-10-01 11:15:14
44,15,3,2,0,0,5,2020-06-13 9:02:47,2022-10-01 11:15:14
739,19,0,2,0,0,5,2021-10-24 9:52:38,2024-08-02 22:14:57
3173,13,4,4,0,0,5,2022-01-31 0:00:27,2024-10-01 23:10:32
951,13,4,4,0,0,5,2022-01-31 0:00:27,2024-10-01 23:10:32
835,16,0,6,0,0,5,2024-07-01 9:24:20,2024-09-29 21:01:33
1336,12,11,37,0,1,4.87,2024-02-20 6:56:58,2024-10-08 18:11:11
1887,13,52,45,0,0,5,2023-04-30 14:30:06,2024-10-08 16:10:28
3274,2,0,2,0,1,3.67,2016-06-20 17:21:19,2021-10-28 1:10:20
2175,2,0,2,0,1,3.67,2016-06-20 17:21:19,2021-10-28 1:10:20
3029,13,0,0,0,0,NULL,2014-07-29 18:31:48,2019-09-30 2:30:31
2739,13,0,0,0,0,NULL,2014-07-29 18:31:48,2019-09-30 2:30:31
2027,13,0,0,0,0,NULL,2014-07-29 18:31:48,2019-09-30 2:30:31
1999,13,0,0,0,0,NULL,2014-07-29 18:31:48,2019-09-30 2:30:31
1783,13,0,0,0,0,NULL,2014-07-29 18:31:48,2019-09-30 2:30:31
1565,13,0,0,0,0,NULL,2014-07-29 18:31:48,2019-09-30 2:30:31
1423,13,0,0,0,0,NULL,2014-07-29 18:31:48,2019-09-30 2:30:31
1884,2,0,2,0,0,5,2015-11-15 17:18:54,2022-10-04 1:35:59
1170,2,0,2,0,0,5,2015-11-15 17:18:54,2022-10-04 1:35:59
3395,2,0,3,0,0,5,2019-09-27 8:42:10,2022-04-29 0:31:02
31,2,0,3,0,0,5,2019-09-27 8:42:10,2022-04-29 0:31:02
3293,13,7,4,0,0,5,2023-06-16 11:42:50,2024-02-06 17:16:58
2519,13,0,0,0,0,NULL,2024-01-31 13:19:13,2024-02-06 11:58:28
3481,2,1,0,0,0,NULL,2018-05-31 14:30:24,2022-05-18 22:06:07
2208,2,1,0,0,0,NULL,2018-05-31 14:30:24,2022-05-18 22:06:07
1431,2,0,0,0,0,NULL,2017-09-08 13:58:21,2022-12-09 3:03:16
1051,2,0,0,0,0,NULL,2017-09-08 13:58:21,2022-12-09 3:03:16
3029,1,0,3,0,0,NULL,2014-02-22 16:02:50,2019-06-29 0:10:09
2739,1,0,3,0,0,NULL,2014-02-22 16:02:50,2019-06-29 0:10:09
2027,1,0,3,0,0,NULL,2014-02-22 16:02:50,2019-06-29 0:10:09
1999,1,0,3,0,0,NULL,2014-02-22 16:02:50,2019-06-29 0:10:09
1783,1,0,3,0,0,NULL,2014-02-22 16:02:50,2019-06-29 0:10:09
1565,1,0,3,0,0,NULL,2014-02-22 16:02:50,2019-06-29 0:10:09
1423,1,0,3,0,0,NULL,2014-02-22 16:02:50,2019-06-29 0:10:09
1360,14,0,0,0,0,NULL,2017-07-30 21:54:32,2022-07-29 11:52:21
786,14,0,0,0,0,NULL,2017-07-30 21:54:32,2022-07-29 11:52:21
2282,16,0,16,0,0,4.94,2019-12-07 15:28:15,2024-09-03 14:37:17
3527,13,3,25,0,2,4.67,2023-06-24 11:05:54,2024-09-17 18:59:03
3384,13,1,3,0,0,5,2022-10-15 21:59:51,2024-10-01 23:14:57
2678,13,0,145,0,0,5,2021-02-06 19:51:00,2024-10-01 17:47:05
1362,13,0,13,0,0,5,2023-09-16 8:56:21,2024-10-05 5:50:00
1855,16,7,114,0,9,4.69,2017-03-04 21:07:27,2024-10-05 9:06:29
2912,13,0,18,0,0,5,2022-03-07 12:34:42,2024-10-05 9:48:04
3491,13,25,67,0,12,4.35,2020-04-29 16:58:04,2024-10-06 19:39:34
1818,10,23,18,1,1,4.7,2023-09-21 18:07:22,2024-10-07 13:35:53
3235,13,12,40,0,0,5,2023-03-21 19:05:05,2024-10-06 19:36:55
960,13,39,26,0,0,5,2023-07-01 16:15:57,2024-10-09 10:07:20
3143,13,0,16,0,0,5,2022-09-14 19:10:09,2024-10-09 9:55:17
2803,7,29,73,0,8,4.59,2023-04-29 22:38:35,2024-10-09 8:20:02
2234,13,5,12,0,0,5,2023-03-15 21:10:45,2024-10-09 15:13:14
2294,3,21,138,1,16,4.57,2021-04-24 18:13:40,2024-10-09 14:39:28
1957,3,21,138,1,16,4.57,2021-04-24 18:13:40,2024-10-09 14:39:28
1863,15,0,1,0,0,5,2023-06-23 20:08:51,2024-08-26 13:03:26
3682,13,0,29,0,0,5,2023-05-03 8:09:34,2024-09-15 14:15:54
962,13,10,20,0,2,4.64,2022-10-20 10:03:26,2024-09-28 18:13:37
3244,13,16,150,0,1,4.98,2021-10-08 20:49:37,2024-10-04 20:56:02
2379,13,16,150,0,1,4.98,2021-10-08 20:49:37,2024-10-04 20:56:02
2540,13,0,4,0,0,5,2022-06-05 15:05:28,2024-10-05 16:19:54
3342,13,0,3,0,0,5,2024-06-30 12:19:06,2024-10-07 12:51:37
2902,13,21,62,0,0,4.98,2022-03-06 13:24:41,2024-10-06 18:18:49
2668,14,0,0,0,0,NULL,2016-09-13 19:30:57,2022-07-24 15:17:17
2346,14,0,0,0,0,NULL,2016-09-13 19:30:57,2022-07-24 15:17:17
3631,13,0,1,0,0,5,2024-06-27 7:30:46,2024-08-29 16:18:44
2351,16,16,17,2,1,4.55,2018-04-20 13:36:13,2024-10-05 12:49:10
2249,13,0,229,0,0,4.99,2021-04-11 13:58:11,2024-10-07 12:41:26
2333,13,15,299,1,0,4.99,2021-07-22 21:17:05,2024-10-06 19:22:44
846,13,39,157,0,55,3.96,2023-07-16 18:01:29,2024-10-07 9:27:51
1021,16,2,61,0,0,5,2020-04-06 19:31:08,2024-10-09 7:47:28
2523,13,44,81,0,6,4.7,2024-07-13 16:23:02,2024-10-09 9:30:12
1443,13,25,184,0,0,5,2023-02-12 16:15:12,2024-10-09 13:12:46
3427,14,3,0,0,0,NULL,2018-01-17 20:12:16,2022-07-30 22:58:09
1213,14,3,0,0,0,NULL,2018-01-17 20:12:16,2022-07-30 22:58:09
3683,15,2,0,0,0,NULL,2018-03-17 20:47:45,2022-09-05 17:24:25
2761,15,2,0,0,0,NULL,2018-03-17 20:47:45,2022-09-05 17:24:25
1916,15,2,0,0,0,NULL,2018-03-17 20:47:45,2022-09-05 17:24:25
1290,15,2,0,0,0,NULL,2018-03-17 20:47:45,2022-09-05 17:24:25
191,15,2,0,0,0,NULL,2018-03-17 20:47:45,2022-09-05 17:24:25
1195,2,2,0,0,0,NULL,2019-01-06 19:58:51,2022-05-13 0:44:08
324,2,2,0,0,0,NULL,2019-01-06 19:58:51,2022-05-13 0:44:08
2747,14,0,0,0,0,NULL,2015-10-22 22:02:01,2021-02-07 11:50:11
2453,14,0,0,0,0,NULL,2015-10-22 22:02:01,2021-02-07 11:50:11
1144,15,76,29,0,5,4.38,2023-09-12 8:41:28,2024-10-09 7:13:54
3530,13,11,42,0,2,4.82,2021-10-05 18:42:36,2024-10-09 7:59:38
1996,13,11,42,0,2,4.82,2021-10-05 18:42:36,2024-10-09 7:59:38
3126,13,76,266,1,4,4.93,2023-04-20 19:24:50,2024-10-09 14:00:20
586,13,17,31,1,3,4.57,2022-11-30 0:54:59,2024-10-09 8:32:20
2772,13,94,584,1,6,4.95,2022-09-22 15:37:27,2024-10-09 14:29:40
2259,10,75,98,0,1,4.92,2019-09-11 14:24:54,2024-10-09 14:38:32
2877,2,14,3,0,0,5,2020-09-05 17:22:52,2022-01-17 5:45:20
2291,2,14,3,0,0,5,2020-09-05 17:22:52,2022-01-17 5:45:20
2104,2,8,0,0,0,NULL,2017-10-16 11:17:01,2022-05-24 17:05:10
698,2,8,0,0,0,NULL,2017-10-16 11:17:01,2022-05-24 17:05:10
3316,14,0,0,0,0,NULL,2021-01-07 20:13:57,2022-08-08 12:39:05
466,14,0,0,0,0,NULL,2021-01-07 20:13:57,2022-08-08 12:39:05
2910,13,0,236,1,5,4.91,2022-02-18 19:10:33,2024-10-05 13:15:39
1390,13,0,236,1,5,4.91,2022-02-18 19:10:33,2024-10-05 13:15:39
1202,13,42,99,0,0,4.99,2022-10-12 8:05:27,2024-10-08 12:41:00
2931,15,0,0,0,0,NULL,2017-11-15 14:54:43,2023-02-17 2:32:53
1502,15,0,0,0,0,NULL,2017-11-15 14:54:43,2023-02-17 2:32:53
848,15,0,0,0,0,NULL,2017-11-15 14:54:43,2023-02-17 2:32:53
391,15,0,0,0,0,NULL,2017-11-15 14:54:43,2023-02-17 2:32:53
2594,16,1,5,0,2,3.86,2022-09-07 15:42:02,2024-08-20 15:54:11
2872,10,6,40,1,1,4.86,2020-07-01 11:42:44,2024-09-28 11:39:34
290,13,0,10,0,0,5,2023-03-11 8:52:37,2024-09-30 9:08:48
437,27,21,18,0,0,5,2023-09-05 15:11:01,2024-10-02 9:25:27
2281,13,4,14,0,0,5,2024-07-14 16:54:44,2024-10-06 17:29:02
3545,16,3,36,4,6,4.28,2018-02-13 6:19:01,2024-10-06 17:12:36
2053,16,3,36,4,6,4.28,2018-02-13 6:19:01,2024-10-06 17:12:36
999,13,58,61,0,5,4.7,2022-04-10 15:05:23,2024-10-07 12:12:43
1891,13,16,178,0,2,4.96,2022-05-02 8:35:02,2024-10-06 19:14:14
1016,10,83,288,0,2,4.96,2020-10-31 15:47:26,2024-10-06 19:12:32
2607,13,0,65,1,10,4.45,2021-11-25 20:12:52,2024-10-06 19:52:45
903,13,0,65,1,10,4.45,2021-11-25 20:12:52,2024-10-06 19:52:45
2088,13,1,27,0,0,5,2023-01-23 5:40:20,2024-10-08 14:09:29
1665,13,40,218,0,0,5,2022-04-08 17:27:25,2024-10-09 14:54:23
2342,16,38,444,1,0,4.99,2020-01-16 13:25:34,2024-10-09 14:12:34
1873,2,0,0,0,0,NULL,2017-09-16 22:07:46,2022-04-11 17:00:09
385,2,0,0,0,0,NULL,2017-09-16 22:07:46,2022-04-11 17:00:09
1711,13,0,55,0,1,4.93,2023-11-13 17:41:15,2024-08-03 21:55:03
2640,16,0,92,1,1,4.9,2021-06-29 8:47:56,2024-08-31 16:33:34
1724,2,0,0,0,0,NULL,2018-12-25 18:31:49,2024-09-16 1:30:17
746,2,0,0,0,0,NULL,2018-12-25 18:31:49,2024-09-16 1:30:17
2225,13,0,0,0,0,NULL,2024-08-07 20:19:42,2024-08-07 22:45:42
1709,13,3,18,0,0,4.94,2022-12-06 8:57:56,2024-10-03 17:13:54
126,13,0,67,0,3,4.84,2024-03-23 10:47:04,2024-10-04 8:31:18
1250,13,0,17,0,0,5,2023-07-09 16:38:44,2024-10-05 8:07:11
3283,7,51,120,0,10,4.66,2021-03-21 19:22:11,2024-10-05 11:21:10
2066,13,51,86,1,14,4.43,2022-03-01 8:10:45,2024-10-06 20:37:33
1606,16,29,275,1,5,4.91,2018-07-13 7:59:41,2024-10-06 19:33:15
2814,13,33,362,1,1,4.98,2022-05-29 20:02:54,2024-10-07 14:03:46
1319,13,0,5,0,0,5,2023-01-08 20:27:21,2024-09-30 11:25:37
1402,13,1,227,0,0,4.98,2022-09-24 12:04:14,2024-10-05 16:33:12
2811,13,0,40,0,0,4.98,2022-05-09 20:53:33,2024-10-05 16:18:23
3697,1,31,63,0,4,4.76,2013-11-15 13:20:06,2024-10-07 10:51:54
1099,10,20,22,2,0,4.79,2019-09-02 16:37:52,2024-10-07 14:12:33
112,13,36,44,0,0,5,2023-03-25 22:56:52,2024-10-09 13:31:41
717,15,1,3,0,0,5,2024-08-17 19:46:36,2024-10-09 9:05:30
748,13,22,136,0,0,5,2023-02-25 8:09:22,2024-08-28 19:52:19
255,13,0,0,0,0,NULL,2024-08-22 21:03:04,2024-08-24 12:27:20
1757,16,13,16,1,1,4.56,2022-11-25 17:56:46,2024-09-28 18:50:08
2576,13,0,70,0,1,4.94,2023-04-01 17:21:28,2024-10-02 10:44:59
77,13,32,21,0,0,5,2023-11-05 20:09:11,2024-10-07 6:43:43
1167,13,27,36,0,0,5,2021-05-10 13:13:59,2024-10-07 16:37:59
3005,13,19,48,0,1,4.92,2021-10-25 12:46:57,2024-10-06 14:41:19
3543,15,74,625,0,1,4.99,2021-04-26 12:06:35,2024-10-09 14:26:50
2387,21,24,580,0,15,4.88,2021-06-20 18:33:46,2024-10-09 14:52:10
2314,13,0,0,0,0,NULL,2024-07-01 9:31:30,2024-07-14 10:30:59
751,13,3,53,0,1,4.93,2021-10-13 14:10:28,2024-09-02 23:41:44
1787,16,0,87,2,2,4.88,2023-02-15 21:45:16,2024-09-27 17:00:07
2278,13,0,6,0,0,5,2024-04-15 16:44:33,2024-09-27 20:31:49
169,10,0,2,0,0,5,2021-01-27 8:27:54,2024-10-05 12:35:37
978,10,2,36,0,0,5,2021-12-07 18:03:44,2024-09-27 17:43:26
637,10,2,36,0,0,5,2021-12-07 18:03:44,2024-09-27 17:43:26
1169,16,75,58,1,3,4.76,2021-04-18 17:13:35,2024-10-05 10:55:46
1785,15,17,99,0,2,4.9,2021-12-01 13:18:08,2024-10-04 20:40:06
800,13,1,3,0,0,5,2022-05-29 7:24:43,2024-10-05 11:29:23
10,13,19,319,0,39,4.56,2022-10-15 8:47:27,2024-10-07 9:37:55
1053,16,3,0,0,0,0,2023-03-15 10:26:28,2024-10-07 10:27:27
1151,16,10,74,0,3,4.83,2018-02-11 21:15:32,2024-10-07 12:26:17
223,13,41,149,0,3,4.92,2021-06-21 13:30:38,2024-10-07 12:23:20
3634,3,0,0,0,0,NULL,2021-01-10 14:47:01,2021-03-11 2:00:09
3022,3,0,0,0,0,NULL,2021-01-10 14:47:01,2021-03-11 2:00:09
2110,3,0,0,0,0,NULL,2021-01-10 14:47:01,2021-03-11 2:00:09
570,3,0,0,0,0,NULL,2021-01-10 14:47:01,2021-03-11 2:00:09
275,3,0,0,0,0,NULL,2021-01-10 14:47:01,2021-03-11 2:00:09
2904,2,0,0,0,0,0,2016-02-15 13:59:54,2021-12-22 2:31:43
2432,2,0,0,0,0,0,2016-02-15 13:59:54,2021-12-22 2:31:43
1420,2,0,0,0,0,NULL,2020-01-10 14:28:57,2022-05-01 2:44:16
1405,2,0,0,0,0,NULL,2020-01-10 14:28:57,2022-05-01 2:44:16
2905,3,0,0,0,0,NULL,2013-03-16 15:22:16,2021-04-11 1:10:35
2323,3,0,0,0,0,NULL,2013-03-16 15:22:16,2021-04-11 1:10:35
2024,3,0,0,0,0,NULL,2013-03-16 15:22:16,2021-04-11 1:10:35
1450,3,0,0,0,0,NULL,2013-03-16 15:22:16,2021-04-11 1:10:35
1345,3,0,0,0,0,NULL,2013-03-16 15:22:16,2021-04-11 1:10:35
1026,3,0,0,0,0,NULL,2013-03-16 15:22:16,2021-04-11 1:10:35
996,3,0,0,0,0,NULL,2013-03-16 15:22:16,2021-04-11 1:10:35
2937,2,0,0,0,0,NULL,2020-02-28 19:22:55,2022-05-02 8:15:14
27,2,0,0,0,0,NULL,2020-02-28 19:22:55,2022-05-02 8:15:14
2777,2,0,0,0,0,NULL,2018-06-18 7:04:19,2022-05-18 22:57:13
1281,2,0,0,0,0,NULL,2018-06-18 7:04:19,2022-05-18 22:57:13
3167,2,0,0,0,0,NULL,2020-04-28 20:24:20,2022-05-26 20:47:17
605,2,0,0,0,0,NULL,2020-04-28 20:24:20,2022-05-26 20:47:17
1268,2,0,0,0,0,NULL,2019-12-18 8:41:03,2022-05-14 5:50:11
567,2,0,0,0,0,NULL,2019-12-18 8:41:03,2022-05-14 5:50:11
770,2,0,0,0,0,NULL,2019-08-02 16:00:53,2022-05-20 8:22:03
335,2,0,0,0,0,NULL,2019-08-02 16:00:53,2022-05-20 8:22:03
3579,2,0,0,0,0,NULL,2020-06-13 16:03:38,2022-05-04 11:17:09
2550,2,0,0,0,0,NULL,2020-06-13 16:03:38,2022-05-04 11:17:09
1662,2,0,0,0,0,NULL,2019-04-24 15:06:26,2022-04-26 6:32:15
774,2,0,0,0,0,NULL,2019-04-24 15:06:26,2022-04-26 6:32:15
3024,13,0,0,0,0,NULL,2024-07-01 12:23:54,2024-10-09 14:50:34
1541,13,56,196,1,1,4.96,2024-03-24 19:53:32,2024-10-09 15:30:48
2650,13,37,313,0,5,4.93,2022-02-16 18:24:02,2024-10-09 15:13:19
1074,13,37,313,0,5,4.93,2022-02-16 18:24:02,2024-10-09 15:13:19
2854,13,20,43,0,0,5,2021-10-14 13:49:55,2024-10-09 15:12:29
314,13,33,95,0,4,4.82,2024-03-18 14:37:39,2024-10-09 15:52:37
1326,13,78,59,0,12,4.32,2022-08-20 12:43:42,2024-10-09 14:48:32
3208,13,152,357,1,2,4.97,2022-09-26 22:00:18,2024-10-08 22:13:44
2682,13,0,1,0,0,5,2022-02-25 8:44:11,2024-08-10 13:44:13
3305,25,62,4,0,0,5,2024-06-14 14:59:29,2024-10-02 10:06:13
140,16,2,372,1,28,4.71,2016-08-21 16:19:23,2024-10-02 5:46:27
3494,18,21,89,0,0,4.98,2021-11-14 10:25:20,2024-10-01 20:51:09
897,18,21,89,0,0,4.98,2021-11-14 10:25:20,2024-10-01 20:51:09
2999,19,0,80,0,3,4.86,2019-03-03 21:48:01,2024-10-05 9:08:09
949,13,38,189,0,3,4.93,2022-04-26 10:01:59,2024-10-06 20:06:17
1383,13,5,15,0,5,4,2024-05-08 16:44:15,2024-10-07 16:21:37
3082,13,17,271,0,1,4.98,2021-08-14 12:28:48,2024-10-07 13:36:47
2888,13,0,41,1,0,4.95,2022-10-22 16:06:56,2024-10-07 15:31:22
1693,13,305,504,0,43,4.68,2019-06-13 11:27:59,2024-10-08 18:21:07
3633,3,0,145,2,3,4.89,2015-04-29 16:04:47,2019-11-25 2:45:26
3241,3,0,145,2,3,4.89,2015-04-29 16:04:47,2019-11-25 2:45:26
3000,3,0,145,2,3,4.89,2015-04-29 16:04:47,2019-11-25 2:45:26
2395,3,0,145,2,3,4.89,2015-04-29 16:04:47,2019-11-25 2:45:26
2128,3,0,145,2,3,4.89,2015-04-29 16:04:47,2019-11-25 2:45:26
1759,3,0,145,2,3,4.89,2015-04-29 16:04:47,2019-11-25 2:45:26
1470,3,0,145,2,3,4.89,2015-04-29 16:04:47,2019-11-25 2:45:26
1781,13,0,1,0,0,5,2023-12-07 18:15:34,2024-07-10 17:56:31
752,7,77,18,0,2,4.6,2020-08-24 15:36:24,2024-10-05 10:38:47
1138,10,24,59,0,5,4.69,2020-10-28 13:13:05,2024-10-07 10:58:12
279,13,0,42,0,0,5,2023-05-10 20:16:59,2024-10-07 14:27:07
416,16,4,15,1,0,4.88,2021-01-03 15:22:29,2024-10-06 14:20:57
814,16,76,393,0,10,4.89,2018-04-13 12:50:31,2024-10-08 19:11:14
162,13,45,67,0,1,4.93,2024-03-14 18:06:23,2024-10-09 9:30:45
2220,13,109,226,1,11,4.79,2021-08-23 11:16:25,2024-10-09 9:42:37
857,18,13,4,0,0,5,2020-09-26 12:35:53,2024-02-20 13:57:12
3297,2,0,5,0,0,5,2020-06-09 14:27:43,2022-05-27 0:56:05
816,2,0,5,0,0,5,2020-06-09 14:27:43,2022-05-27 0:56:05
197,13,0,10,0,0,5,2021-11-02 16:04:17,2024-09-16 11:35:18
206,13,1,12,0,0,5,2023-03-21 9:56:00,2024-09-17 6:32:21
1302,13,21,85,0,0,5,2021-09-10 17:13:28,2024-09-30 18:00:53
837,13,21,85,0,0,5,2021-09-10 17:13:28,2024-09-30 18:00:53
1877,19,76,110,1,15,4.48,2019-05-08 18:50:10,2024-10-05 16:54:00
2254,13,23,7,0,0,5,2024-04-04 22:21:44,2024-10-07 9:36:00
938,24,55,102,0,1,4.96,2024-04-08 12:38:10,2024-10-08 11:11:39
1223,2,0,0,0,0,NULL,2019-02-24 18:11:03,2022-04-25 2:43:08
1006,2,0,0,0,0,NULL,2019-02-24 18:11:03,2022-04-25 2:43:08
1975,2,0,0,0,0,NULL,2020-04-22 17:19:09,2022-05-14 18:52:07
486,2,0,0,0,0,NULL,2020-04-22 17:19:09,2022-05-14 18:52:07
2927,2,1,0,0,0,NULL,2020-07-17 12:23:15,2022-05-05 1:51:09
2786,2,1,0,0,0,NULL,2020-07-17 12:23:15,2022-05-05 1:51:09
1339,13,1,41,1,0,4.95,2022-11-12 21:19:02,2024-09-17 18:15:42
1266,19,157,368,5,49,4.5,2016-04-04 23:23:49,2024-10-02 7:29:32
3373,13,56,50,0,1,4.92,2023-03-13 21:23:35,2024-10-02 23:14:37
3228,13,41,128,0,0,4.98,2022-09-07 18:59:20,2024-10-09 14:13:18
2905,15,0,0,0,0,NULL,2013-07-02 20:20:06,2018-10-24 1:50:18
2323,15,0,0,0,0,NULL,2013-07-02 20:20:06,2018-10-24 1:50:18
2024,15,0,0,0,0,NULL,2013-07-02 20:20:06,2018-10-24 1:50:18
1450,15,0,0,0,0,NULL,2013-07-02 20:20:06,2018-10-24 1:50:18
1345,15,0,0,0,0,NULL,2013-07-02 20:20:06,2018-10-24 1:50:18
1026,15,0,0,0,0,NULL,2013-07-02 20:20:06,2018-10-24 1:50:18
996,15,0,0,0,0,NULL,2013-07-02 20:20:06,2018-10-24 1:50:18
2670,2,0,0,0,0,NULL,2020-04-22 18:31:05,2020-07-01 1:01:48
93,2,0,0,0,0,NULL,2020-04-22 18:31:05,2020-07-01 1:01:48
3378,2,0,9,0,0,5,2013-10-06 18:58:10,2023-04-11 1:31:49
2945,2,0,9,0,0,5,2013-10-06 18:58:10,2023-04-11 1:31:49
1044,2,0,9,0,0,5,2013-10-06 18:58:10,2023-04-11 1:31:49
2502,13,0,0,0,0,0,2024-01-28 21:12:11,2024-05-14 20:08:04
177,7,0,0,0,0,NULL,2024-01-07 18:32:17,2024-02-20 17:06:20
628,13,0,0,0,0,NULL,2024-07-28 14:18:02,2024-07-29 13:58:29
981,16,4,5,0,0,5,2023-04-03 10:17:50,2024-08-28 20:10:10
2054,16,2,48,1,0,4.9,2022-07-16 20:09:56,2024-08-15 10:38:55
2446,13,8,11,0,2,4.46,2024-05-27 9:31:09,2024-10-05 6:51:33
2469,13,28,157,0,4,4.9,2021-11-10 16:38:08,2024-10-07 15:38:37
337,13,0,241,0,0,4.98,2023-02-20 14:11:24,2024-10-07 15:26:18
2496,14,0,0,0,0,NULL,2016-08-09 4:45:20,2022-07-24 9:42:09
888,14,0,0,0,0,NULL,2016-08-09 4:45:20,2022-07-24 9:42:09
3261,2,0,0,0,0,0,2018-03-05 21:09:28,2022-05-24 22:07:08
869,2,0,0,0,0,0,2018-03-05 21:09:28,2022-05-24 22:07:08
2611,16,7,1,0,0,5,2024-05-10 5:46:28,2024-09-15 13:27:34
3649,16,0,187,1,7,4.84,2013-07-11 17:59:29,2024-09-17 5:23:08
3054,16,0,187,1,7,4.84,2013-07-11 17:59:29,2024-09-17 5:23:08
2676,16,0,187,1,7,4.84,2013-07-11 17:59:29,2024-09-17 5:23:08
1569,16,0,187,1,7,4.84,2013-07-11 17:59:29,2024-09-17 5:23:08
1358,16,0,187,1,7,4.84,2013-07-11 17:59:29,2024-09-17 5:23:08
813,16,0,187,1,7,4.84,2013-07-11 17:59:29,2024-09-17 5:23:08
803,16,0,187,1,7,4.84,2013-07-11 17:59:29,2024-09-17 5:23:08
3261,16,64,24,1,3,4.46,2021-12-10 21:20:36,2024-09-24 7:28:11
869,16,64,24,1,3,4.46,2021-12-10 21:20:36,2024-09-24 7:28:11
2087,13,39,350,0,3,4.95,2022-12-19 23:05:46,2024-10-05 16:33:14
2270,13,9,114,0,0,4.99,2024-02-18 14:25:57,2024-10-08 13:20:01
481,10,52,468,4,19,4.82,2020-07-24 9:33:36,2024-10-08 12:40:21
1683,1,1,0,0,0,NULL,2024-07-11 8:08:00,2024-10-08 19:44:47
2344,10,39,73,0,2,4.87,2020-08-19 20:02:13,2024-10-09 7:41:11
3532,13,0,0,0,0,NULL,2014-06-17 18:58:49,2019-09-19 2:11:05
2965,13,0,0,0,0,NULL,2014-06-17 18:58:49,2019-09-19 2:11:05
1651,13,0,0,0,0,NULL,2014-06-17 18:58:49,2019-09-19 2:11:05
1437,13,0,0,0,0,NULL,2014-06-17 18:58:49,2019-09-19 2:11:05
1095,13,0,0,0,0,NULL,2014-06-17 18:58:49,2019-09-19 2:11:05
908,13,0,0,0,0,NULL,2014-06-17 18:58:49,2019-09-19 2:11:05
843,13,0,0,0,0,NULL,2014-06-17 18:58:49,2019-09-19 2:11:05
674,13,0,0,0,0,NULL,2014-06-17 18:58:49,2019-09-19 2:11:05
26,13,0,0,0,0,NULL,2014-06-17 18:58:49,2019-09-19 2:11:05
3591,15,0,0,0,0,NULL,2016-04-19 17:48:32,2021-06-24 1:03:38
3350,15,0,0,0,0,NULL,2016-04-19 17:48:32,2021-06-24 1:03:38
2709,15,0,0,0,0,NULL,2016-04-19 17:48:32,2021-06-24 1:03:38
1961,15,0,0,0,0,NULL,2016-04-19 17:48:32,2021-06-24 1:03:38
1654,15,0,0,0,0,NULL,2016-04-19 17:48:32,2021-06-24 1:03:38
1571,15,0,0,0,0,NULL,2016-04-19 17:48:32,2021-06-24 1:03:38
1453,15,0,0,0,0,NULL,2016-04-19 17:48:32,2021-06-24 1:03:38
1001,2,0,3,0,0,5,2020-05-11 18:25:47,2022-05-03 20:53:01
236,2,0,3,0,0,5,2020-05-11 18:25:47,2022-05-03 20:53:01
673,2,0,1,0,0,5,2020-04-03 0:56:43,2022-05-03 2:23:08
295,2,0,1,0,0,5,2020-04-03 0:56:43,2022-05-03 2:23:08
3035,2,0,0,0,0,NULL,2018-11-14 8:45:51,2022-04-23 13:56:10
1043,2,0,0,0,0,NULL,2018-11-14 8:45:51,2022-04-23 13:56:10
3365,13,0,8,0,0,5,2021-08-02 11:22:34,2024-10-07 14:31:55
1204,13,8,189,0,1,4.98,2023-11-22 19:36:42,2024-10-09 13:12:32
2156,16,13,59,0,4,4.75,2017-02-14 7:22:28,2024-10-09 13:16:14
1231,13,9,25,1,6,4.19,2023-09-16 22:04:25,2024-10-09 13:15:50
189,13,22,355,0,3,4.96,2023-01-31 15:50:10,2024-10-09 16:04:50
2835,16,259,125,1,0,4.98,2016-07-24 21:00:56,2024-10-09 14:20:35
750,13,0,0,0,0,NULL,2024-01-04 3:53:22,2024-01-06 1:00:46
686,13,2,0,0,0,NULL,2024-05-25 5:08:22,2024-07-09 13:16:00
467,18,0,2,0,0,5,2023-09-03 18:32:36,2024-09-17 20:24:59
3227,13,0,13,0,0,5,2024-05-14 8:16:23,2024-10-06 19:50:58
1680,13,4,21,0,0,5,2022-10-23 18:24:41,2024-10-07 14:09:58
3510,10,6,14,0,0,5,2024-01-07 15:09:56,2024-10-07 13:26:24
312,13,12,70,0,0,5,2014-03-29 22:17:51,2024-10-08 22:32:16
2413,2,27,8,0,0,5,2019-03-21 19:36:30,2022-11-17 14:26:12
1198,2,27,8,0,0,5,2019-03-21 19:36:30,2022-11-17 14:26:12
3216,13,0,13,0,1,4.64,2023-11-13 1:57:37,2024-08-21 12:39:56
3091,13,0,118,0,17,4.48,2021-07-03 8:13:36,2024-10-05 8:25:13
1007,13,32,36,0,0,4.97,2023-09-21 16:39:04,2024-10-07 14:21:28
480,16,3,49,0,1,4.88,2020-02-02 0:42:45,2024-10-07 16:39:46
2141,16,35,96,0,7,4.73,2019-07-02 20:34:19,2024-10-07 19:06:10
1962,13,10,31,0,2,4.76,2021-02-22 14:02:15,2024-10-08 12:29:15
3226,16,115,442,0,5,4.95,2018-10-28 14:16:03,2024-10-09 13:41:37
2979,13,7,39,0,1,4.9,2023-02-19 13:26:54,2024-10-09 0:37:12
3670,10,57,89,0,1,4.94,2019-10-17 19:21:41,2024-10-09 15:13:04
1445,13,1,27,0,3,4.6,2023-09-11 16:38:48,2024-10-09 14:46:36
761,2,12,2,0,0,5,2016-11-13 13:45:51,2022-05-17 16:33:07
669,2,12,2,0,0,5,2016-11-13 13:45:51,2022-05-17 16:33:07
3025,14,0,0,0,0,NULL,2021-10-10 16:57:55,2022-08-12 0:07:07
521,14,0,0,0,0,NULL,2021-10-10 16:57:55,2022-08-12 0:07:07
1882,2,0,0,0,0,0,2018-09-03 17:47:10,2020-06-26 1:00:09
1087,2,0,0,0,0,0,2018-09-03 17:47:10,2020-06-26 1:00:09
788,16,0,17,0,0,4.88,2023-04-16 15:22:59,2024-10-02 11:22:00
389,16,8,20,0,0,4.9,2018-11-10 18:24:10,2024-10-05 8:46:27
3062,13,3,17,0,0,5,2023-03-17 8:36:26,2024-10-06 19:27:15
1124,13,13,23,0,0,5,2022-11-02 22:26:28,2024-10-06 17:16:58
143,10,9,54,0,2,4.86,2020-12-30 9:47:11,2024-10-07 14:06:08
2565,16,62,109,0,0,4.99,2020-12-05 8:22:28,2024-10-07 16:07:39
3340,13,32,166,0,0,5,2022-10-19 21:59:31,2024-10-07 9:05:04
2194,18,1,88,0,4,4.83,2023-02-10 15:56:38,2024-10-08 13:57:51
2093,16,0,34,0,0,5,2023-11-13 17:46:26,2024-10-08 8:07:57
49,13,19,78,0,1,4.94,2021-11-02 12:20:18,2024-10-08 18:15:24
646,13,91,91,0,2,4.92,2022-03-05 18:22:57,2024-10-09 14:09:26
3120,13,74,237,0,1,4.98,2022-06-26 14:45:29,2024-10-09 14:06:59
3133,13,4,9,0,0,5,2024-02-25 18:41:15,2024-10-09 1:02:40
215,16,73,58,1,0,4.95,2019-10-06 8:00:24,2024-10-09 15:27:18
2901,13,27,107,0,10,4.63,2022-01-06 11:05:11,2024-10-09 14:51:24
2748,13,27,107,0,10,4.63,2022-01-06 11:05:11,2024-10-09 14:51:24
3698,2,0,0,0,0,NULL,2017-01-18 20:51:07,2022-04-21 2:00:24
3163,2,0,0,0,0,NULL,2017-01-18 20:51:07,2022-04-21 2:00:24
2425,2,0,0,0,0,NULL,2017-01-18 20:51:07,2022-04-21 2:00:24
1820,2,0,0,0,0,NULL,2017-01-18 20:51:07,2022-04-21 2:00:24
147,2,0,0,0,0,NULL,2017-01-18 20:51:07,2022-04-21 2:00:24
3029,3,0,0,0,0,NULL,2014-09-29 20:19:30,2019-11-30 2:10:20
2739,3,0,0,0,0,NULL,2014-09-29 20:19:30,2019-11-30 2:10:20
2027,3,0,0,0,0,NULL,2014-09-29 20:19:30,2019-11-30 2:10:20
1999,3,0,0,0,0,NULL,2014-09-29 20:19:30,2019-11-30 2:10:20
1783,3,0,0,0,0,NULL,2014-09-29 20:19:30,2019-11-30 2:10:20
1565,3,0,0,0,0,NULL,2014-09-29 20:19:30,2019-11-30 2:10:20
1423,3,0,0,0,0,NULL,2014-09-29 20:19:30,2019-11-30 2:10:20
1932,14,0,0,0,0,NULL,2015-11-02 14:58:03,2021-02-10 12:06:01
263,14,0,0,0,0,NULL,2015-11-02 14:58:03,2021-02-10 12:06:01
525,16,0,4,0,0,5,2024-03-25 22:18:32,2024-06-16 14:57:53
1272,10,27,308,3,15,4.78,2020-10-17 13:28:33,2024-09-28 22:10:12
1621,13,0,170,1,2,4.94,2022-06-11 15:33:09,2024-09-30 8:37:00
3203,13,0,29,0,0,5,2022-06-25 17:12:43,2024-10-07 15:40:00
3524,13,34,84,1,23,4.13,2021-05-16 8:08:29,2024-10-09 13:27:52
3100,3,8,1,0,0,5,2015-10-25 18:53:37,2022-11-25 23:55:22
2610,3,8,1,0,0,5,2015-10-25 18:53:37,2022-11-25 23:55:22
1923,3,8,1,0,0,5,2015-10-25 18:53:37,2022-11-25 23:55:22
1381,3,8,1,0,0,5,2015-10-25 18:53:37,2022-11-25 23:55:22
1280,3,8,1,0,0,5,2015-10-25 18:53:37,2022-11-25 23:55:22
304,3,8,1,0,0,5,2015-10-25 18:53:37,2022-11-25 23:55:22
274,3,8,1,0,0,5,2015-10-25 18:53:37,2022-11-25 23:55:22
1994,13,0,3,0,0,5,2022-12-30 12:30:01,2024-08-05 8:38:41
3433,13,0,64,0,7,4.61,2022-10-03 18:16:31,2024-08-16 13:24:40
977,7,0,0,0,0,NULL,2024-07-07 15:05:56,2024-07-23 7:09:00
2916,13,2,2,0,0,5,2024-05-20 17:01:08,2024-07-26 17:26:37
3692,10,9,6,0,3,3.67,2022-01-17 18:06:07,2024-10-02 14:14:32
1530,10,9,6,0,3,3.67,2022-01-17 18:06:07,2024-10-02 14:14:32
2129,16,10,45,1,12,4.12,2018-03-06 17:51:10,2024-10-05 13:12:33
1814,16,10,45,1,12,4.12,2018-03-06 17:51:10,2024-10-05 13:12:33
617,18,0,1,0,0,5,2024-06-26 10:21:18,2024-10-05 7:46:59
1304,13,0,12,0,12,3,2021-03-31 18:32:31,2024-10-07 14:04:28
2129,14,0,0,0,0,NULL,2021-04-19 2:02:33,2021-04-19 7:26:44
1814,14,0,0,0,0,NULL,2021-04-19 2:02:33,2021-04-19 7:26:44
3393,15,0,0,0,0,NULL,2014-09-20 7:32:39,2014-09-27 10:54:01
2975,15,0,0,0,0,NULL,2014-09-20 7:32:39,2014-09-27 10:54:01
2684,15,0,0,0,0,NULL,2014-09-20 7:32:39,2014-09-27 10:54:01
2041,15,0,0,0,0,NULL,2014-09-20 7:32:39,2014-09-27 10:54:01
1708,15,0,0,0,0,NULL,2014-09-20 7:32:39,2014-09-27 10:54:01
1239,15,0,0,0,0,NULL,2014-09-20 7:32:39,2014-09-27 10:54:01
819,15,0,0,0,0,NULL,2014-09-20 7:32:39,2014-09-27 10:54:01
362,15,0,0,0,0,NULL,2014-09-20 7:32:39,2014-09-27 10:54:01
211,15,0,0,0,0,NULL,2014-09-20 7:32:39,2014-09-27 10:54:01
2886,16,5,69,2,5,4.67,2022-10-06 19:03:05,2024-09-04 16:06:43
1547,13,0,18,1,1,4.7,2023-02-27 21:38:55,2024-10-03 22:42:45
2173,13,0,146,0,2,4.95,2021-06-18 12:08:30,2024-10-04 20:46:26
1518,18,0,9,0,0,5,2024-07-29 8:58:19,2024-10-04 5:28:19
349,13,3,43,0,0,5,2023-12-06 13:02:00,2024-10-07 15:01:39
3202,13,13,33,0,3,4.67,2022-11-01 11:11:40,2024-10-07 16:16:42
1713,16,1,42,1,11,4.11,2022-07-09 18:06:11,2024-10-07 8:51:31
1179,24,0,31,0,0,5,2023-03-04 12:00:43,2024-09-09 11:24:17
414,13,27,93,0,1,4.95,2020-08-31 20:10:53,2024-10-06 18:27:37
3667,13,193,225,0,1,4.98,2023-03-26 16:54:31,2024-10-09 13:22:11
3296,16,245,306,5,8,4.87,2017-09-14 21:04:38,2024-10-09 13:10:55
2035,16,245,306,5,8,4.87,2017-09-14 21:04:38,2024-10-09 13:10:55
1330,13,2,75,0,1,4.93,2021-04-14 20:18:09,2024-10-09 0:52:19
3442,13,0,19,1,1,4.67,2024-01-27 19:05:55,2024-10-02 7:20:09
965,13,33,166,0,2,4.95,2021-04-26 11:34:25,2024-10-09 15:51:10
2567,13,0,23,0,0,5,2023-04-29 17:44:01,2024-10-06 9:46:04
1235,13,26,98,0,1,4.95,2021-10-29 14:34:06,2024-10-08 15:11:34
576,13,1,64,0,0,5,2022-12-04 13:27:25,2024-10-07 17:19:20
3015,16,38,38,1,0,4.95,2022-10-19 17:04:59,2024-10-07 18:47:45
1986,10,50,186,1,3,4.91,2019-10-30 17:35:58,2024-10-09 11:15:34
1813,13,36,183,1,1,4.95,2023-03-11 8:20:11,2024-10-08 21:56:25
1646,15,37,352,2,8,4.89,2022-10-03 8:47:51,2024-10-07 17:44:09
901,18,99,417,3,7,4.9,2022-02-28 13:09:55,2024-10-09 14:02:29
1238,18,0,0,0,0,NULL,2024-09-25 15:15:17,2024-09-25 15:59:28
1932,16,177,221,1,10,4.81,2017-01-22 13:31:36,2024-10-09 8:33:29
263,16,177,221,1,10,4.81,2017-01-22 13:31:36,2024-10-09 8:33:29
1131,16,9,28,0,13,3.68,2024-01-20 20:36:35,2024-10-09 14:11:43
24,13,7,17,0,1,4.78,2024-03-28 11:37:58,2024-10-09 14:32:39
1128,16,65,216,1,14,4.73,2017-05-01 13:46:06,2024-10-08 22:44:21
1028,15,138,125,0,7,4.78,2023-06-11 12:45:40,2024-10-09 13:16:53
3027,13,0,89,0,4,4.83,2022-03-03 17:13:44,2024-10-09 8:56:41
503,13,3,79,0,41,3.63,2024-02-24 17:28:52,2024-10-09 8:47:14
2101,13,21,386,1,1,4.98,2021-11-07 10:19:30,2024-10-09 8:32:50
413,13,21,386,1,1,4.98,2021-11-07 10:19:30,2024-10-09 8:32:50
1365,13,0,524,1,15,4.87,2023-05-09 9:25:54,2024-08-21 20:28:44
3084,7,0,0,0,0,0,2021-08-15 11:12:26,2024-07-30 15:52:38
2000,13,3,0,0,0,0,2022-11-01 0:43:48,2024-07-30 15:42:34
2836,2,0,0,0,0,NULL,2016-10-16 18:35:42,2022-04-24 2:01:49
2327,2,0,0,0,0,NULL,2016-10-16 18:35:42,2022-04-24 2:01:49
3400,14,0,0,0,0,NULL,2015-10-31 19:33:29,2022-08-22 12:07:22
3364,14,0,0,0,0,NULL,2015-10-31 19:33:29,2022-08-22 12:07:22
383,13,6,1,0,0,5,2023-09-02 15:25:47,2024-07-09 13:16:00
1940,13,23,7,0,2,4.11,2023-04-17 18:23:20,2024-09-28 8:40:25
238,7,1,11,0,1,4.75,2023-09-06 6:38:53,2024-10-01 10:27:39
3192,13,0,13,0,3,4.31,2020-10-18 14:35:19,2024-10-01 18:39:29
3562,13,0,14,0,2,4.56,2024-05-29 14:22:51,2024-10-05 16:51:38
3558,7,4,26,1,1,4.79,2023-04-03 12:16:27,2024-10-06 14:37:54
834,16,0,46,0,4,4.58,2016-12-30 16:00:37,2024-09-04 12:12:30
907,18,16,59,0,2,4.84,2021-03-27 13:44:07,2024-10-09 6:02:44
3278,16,34,115,0,13,4.52,2021-08-21 23:16:50,2024-10-09 9:20:10
2061,13,64,60,0,2,4.87,2021-08-23 15:52:04,2024-10-09 9:31:17
3436,13,2,10,0,0,5,2024-07-06 17:25:28,2024-10-09 13:57:57
1832,13,0,15,0,0,5,2023-12-14 1:25:21,2024-10-09 16:09:11
1467,13,26,563,2,11,4.9,2024-03-04 21:07:50,2024-10-09 15:35:34
159,13,62,163,0,11,4.75,2022-06-27 10:03:13,2024-10-09 14:32:16
3034,2,0,0,0,0,NULL,2017-04-18 18:53:20,2022-04-11 2:31:10
328,2,0,0,0,0,NULL,2017-04-18 18:53:20,2022-04-11 2:31:10
2341,2,0,1,0,1,3,2018-05-07 15:38:32,2022-05-25 0:17:14
1886,2,0,1,0,1,3,2018-05-07 15:38:32,2022-05-25 0:17:14
3324,13,0,11,0,0,5,2023-08-12 7:51:17,2024-08-28 10:19:37
1866,16,8,3,0,0,5,2018-09-15 11:49:00,2024-09-08 10:00:48
2505,16,50,207,1,5,4.89,2019-12-23 18:32:10,2024-09-26 9:29:35
2392,13,0,0,0,0,0,2024-08-21 11:59:04,2024-09-18 8:36:13
2009,13,2,30,0,0,5,2021-06-01 12:46:14,2024-10-02 15:30:23
3693,18,16,27,0,0,4.96,2021-10-15 18:24:19,2024-10-05 11:56:28
828,16,1,20,0,0,5,2023-04-08 11:42:17,2024-10-04 20:42:18
3662,2,4,1,0,0,5,2020-07-06 14:45:30,2022-05-27 3:29:11
3525,2,4,1,0,0,5,2020-07-06 14:45:30,2022-05-27 3:29:11
2424,2,0,8,0,0,5,2016-05-29 20:25:29,2019-07-25 2:22:16
2022,2,0,8,0,0,5,2016-05-29 20:25:29,2019-07-25 2:22:16
3634,2,0,1,0,0,5,2017-02-01 12:34:38,2022-07-24 1:31:12
3022,2,0,1,0,0,5,2017-02-01 12:34:38,2022-07-24 1:31:12
2110,2,0,1,0,0,5,2017-02-01 12:34:38,2022-07-24 1:31:12
570,2,0,1,0,0,5,2017-02-01 12:34:38,2022-07-24 1:31:12
275,2,0,1,0,0,5,2017-02-01 12:34:38,2022-07-24 1:31:12
2805,2,0,33,0,1,4.88,2014-05-10 11:38:48,2020-08-24 15:04:45
1819,2,0,33,0,1,4.88,2014-05-10 11:38:48,2020-08-24 15:04:45
1809,2,0,33,0,1,4.88,2014-05-10 11:38:48,2020-08-24 15:04:45
1158,2,0,33,0,1,4.88,2014-05-10 11:38:48,2020-08-24 15:04:45
894,2,0,33,0,1,4.88,2014-05-10 11:38:48,2020-08-24 15:04:45
787,2,0,33,0,1,4.88,2014-05-10 11:38:48,2020-08-24 15:04:45
315,2,0,33,0,1,4.88,2014-05-10 11:38:48,2020-08-24 15:04:45
3503,14,0,0,0,0,NULL,2015-10-24 4:42:10,2021-02-07 12:12:54
2389,14,0,0,0,0,NULL,2015-10-24 4:42:10,2021-02-07 12:12:54
1200,18,0,3,0,1,4,2023-10-18 9:25:21,2024-09-13 9:52:33
334,13,0,0,0,0,NULL,2024-07-30 13:56:57,2024-09-29 17:28:59
229,7,62,25,0,3,4.54,2021-09-19 18:21:28,2024-10-01 22:30:45
1743,16,1,63,0,5,4.71,2019-06-10 15:17:16,2024-10-05 8:02:27
3371,13,9,47,0,0,5,2022-03-20 20:46:41,2024-10-05 10:30:12
501,13,15,138,0,2,4.94,2023-06-17 12:19:12,2024-10-05 17:08:05
1861,13,3,67,0,0,5,2021-06-05 12:58:12,2024-09-27 10:04:38
2528,13,3,3,0,0,5,2023-04-11 21:16:11,2024-10-07 15:27:35
2268,13,0,1148,2,5,4.97,2023-08-18 15:24:16,2024-10-08 20:09:59
242,13,6,9,0,0,5,2024-05-19 18:41:34,2024-10-08 19:42:12
779,16,3,301,5,29,4.59,2018-06-13 12:57:00,2024-10-08 16:15:21
1460,1,133,86,0,0,5,2022-11-05 11:47:35,2024-10-09 8:18:46
895,13,49,112,0,0,5,2023-04-02 19:03:37,2024-10-09 14:45:47
1876,2,52,24,0,0,5,2021-01-24 23:41:45,2024-10-09 14:29:17
2700,13,16,106,0,7,4.73,2023-07-03 19:19:27,2024-10-09 14:49:31
1581,13,32,44,0,2,4.8,2022-11-12 8:39:46,2024-10-08 23:07:12
2646,14,0,0,0,0,NULL,2017-03-01 9:30:45,2022-07-28 3:28:09
713,14,0,0,0,0,NULL,2017-03-01 9:30:45,2022-07-28 3:28:09
509,2,0,0,0,0,NULL,2019-03-03 10:41:10,2022-05-25 14:07:16
309,2,0,0,0,0,NULL,2019-03-03 10:41:10,2022-05-25 14:07:16
3320,13,6,25,0,0,5,2022-08-24 11:47:16,2024-09-02 13:09:06
109,18,1,13,0,0,5,2023-01-02 15:54:21,2024-10-01 18:10:56
2364,13,0,0,0,0,NULL,2024-07-29 13:51:11,2024-10-02 13:13:07
1658,13,1,268,1,10,4.84,2022-08-23 15:52:45,2024-10-08 14:46:38
1642,10,162,301,1,1,4.97,2020-08-13 10:21:32,2024-10-08 7:34:21
911,16,8,16,1,1,4.67,2023-07-22 17:51:06,2024-10-08 12:39:44
3189,13,5,161,0,1,4.96,2022-02-21 10:16:27,2024-10-09 9:16:09
196,13,102,248,0,6,4.89,2022-11-27 14:08:52,2024-10-09 14:51:05
1930,13,0,1535,2,22,4.94,2021-09-25 19:04:44,2024-10-08 22:42:04
3633,13,0,0,0,0,NULL,2014-08-15 7:19:40,2019-10-17 2:20:37
3241,13,0,0,0,0,NULL,2014-08-15 7:19:40,2019-10-17 2:20:37
3000,13,0,0,0,0,NULL,2014-08-15 7:19:40,2019-10-17 2:20:37
2395,13,0,0,0,0,NULL,2014-08-15 7:19:40,2019-10-17 2:20:37
2128,13,0,0,0,0,NULL,2014-08-15 7:19:40,2019-10-17 2:20:37
1759,13,0,0,0,0,NULL,2014-08-15 7:19:40,2019-10-17 2:20:37
1470,13,0,0,0,0,NULL,2014-08-15 7:19:40,2019-10-17 2:20:37
2969,2,0,0,0,0,NULL,2016-08-17 10:56:24,2022-08-29 1:34:45
534,2,0,0,0,0,NULL,2016-08-17 10:56:24,2022-08-29 1:34:45
3575,3,0,0,0,0,NULL,2020-11-07 14:01:14,2021-02-22 2:00:13
2928,3,0,0,0,0,NULL,2020-11-07 14:01:14,2021-02-22 2:00:13
2305,3,0,0,0,0,NULL,2020-11-07 14:01:14,2021-02-22 2:00:13
2112,3,0,0,0,0,NULL,2020-11-07 14:01:14,2021-02-22 2:00:13
88,3,0,0,0,0,NULL,2020-11-07 14:01:14,2021-02-22 2:00:13
649,16,0,58,0,0,4.98,2023-08-20 20:39:02,2024-10-02 12:17:42
3113,13,4,44,0,0,4.98,2024-04-06 19:53:18,2024-10-09 9:22:06
2495,16,1,0,0,0,NULL,2024-02-12 23:54:13,2024-04-05 23:26:49
2809,2,4,0,0,0,NULL,2017-10-27 21:11:24,2022-04-19 18:06:09
2169,2,4,0,0,0,NULL,2017-10-27 21:11:24,2022-04-19 18:06:09
1416,2,0,0,0,0,NULL,2020-07-27 19:27:00,2022-05-05 5:42:09
522,2,0,0,0,0,NULL,2020-07-27 19:27:00,2022-05-05 5:42:09
2845,2,0,0,0,0,NULL,2020-01-03 22:12:42,2022-05-21 0:20:15
2723,2,0,0,0,0,NULL,2020-01-03 22:12:42,2022-05-21 0:20:15
2774,15,0,0,0,0,NULL,2018-04-01 17:36:36,2023-07-05 1:30:16
2136,15,0,0,0,0,NULL,2018-04-01 17:36:36,2023-07-05 1:30:16
993,15,0,0,0,0,NULL,2018-04-01 17:36:36,2023-07-05 1:30:16
898,15,0,0,0,0,NULL,2018-04-01 17:36:36,2023-07-05 1:30:16
830,15,0,0,0,0,NULL,2018-04-01 17:36:36,2023-07-05 1:30:16
292,15,0,0,0,0,NULL,2018-04-01 17:36:36,2023-07-05 1:30:16
3404,2,0,0,0,0,NULL,2013-12-08 23:00:35,2019-03-27 2:10:07
2232,2,0,0,0,0,NULL,2013-12-08 23:00:35,2019-03-27 2:10:07
2073,2,0,0,0,0,NULL,2013-12-08 23:00:35,2019-03-27 2:10:07
1094,2,0,0,0,0,NULL,2013-12-08 23:00:35,2019-03-27 2:10:07
571,2,0,0,0,0,NULL,2013-12-08 23:00:35,2019-03-27 2:10:07
477,2,0,0,0,0,NULL,2013-12-08 23:00:35,2019-03-27 2:10:07
420,2,0,0,0,0,NULL,2013-12-08 23:00:35,2019-03-27 2:10:07
19,2,0,0,0,0,NULL,2013-12-08 23:00:35,2019-03-27 2:10:07
1217,7,0,1,0,0,5,2024-07-01 16:04:17,2024-09-01 9:53:48
2361,10,1,3,0,1,4,2024-07-23 9:23:51,2024-09-27 16:13:57
3486,16,40,14,0,0,5,2024-06-12 15:38:07,2024-09-27 16:12:53
2790,18,76,189,0,3,4.93,2021-12-19 12:53:31,2024-09-30 8:53:57
2416,18,76,189,0,3,4.93,2021-12-19 12:53:31,2024-09-30 8:53:57
3673,13,44,30,0,0,5,2023-04-03 16:36:27,2024-10-01 19:37:28
671,16,2,49,0,0,4.98,2023-11-12 13:18:01,2024-10-07 16:50:04
2274,16,74,553,7,23,4.81,2019-12-31 11:24:53,2024-10-09 16:49:04
1477,13,54,27,0,2,4.72,2024-07-13 11:08:59,2024-10-09 11:03:30
2851,14,0,0,0,0,NULL,2016-06-08 3:59:04,2022-11-22 11:59:24
1828,14,0,0,0,0,NULL,2016-06-08 3:59:04,2022-11-22 11:59:24
3007,2,0,0,0,0,NULL,2016-01-24 17:57:01,2021-04-14 1:13:12
2185,2,0,0,0,0,NULL,2016-01-24 17:57:01,2021-04-14 1:13:12
3273,2,0,0,0,0,NULL,2015-06-03 16:07:22,2020-08-04 1:20:13
1548,2,0,0,0,0,NULL,2015-06-03 16:07:22,2020-08-04 1:20:13
3683,2,0,4,0,0,5,2013-05-08 16:57:06,2019-03-29 2:10:54
2761,2,0,4,0,0,5,2013-05-08 16:57:06,2019-03-29 2:10:54
1916,2,0,4,0,0,5,2013-05-08 16:57:06,2019-03-29 2:10:54
1290,2,0,4,0,0,5,2013-05-08 16:57:06,2019-03-29 2:10:54
191,2,0,4,0,0,5,2013-05-08 16:57:06,2019-03-29 2:10:54
790,13,88,210,0,6,4.87,2021-04-01 7:15:54,2024-10-07 17:23:29
405,16,41,160,0,4,4.9,2020-12-12 23:40:31,2024-10-07 18:27:41
1435,13,11,32,0,2,4.74,2022-03-28 4:30:03,2024-10-08 12:26:01
104,16,546,151,1,2,4.92,2019-04-09 19:59:04,2024-10-08 17:23:24
1848,13,3,27,0,1,4.86,2023-04-10 14:23:09,2024-10-09 11:06:26
2918,13,18,186,1,3,4.93,2022-04-02 13:41:59,2024-10-09 10:39:39
3553,16,6,3,0,0,5,2024-06-07 13:32:15,2024-10-09 6:34:18
250,13,0,44,0,0,5,2021-09-23 10:57:30,2024-10-09 11:45:27
1998,13,6,39,0,0,5,2023-11-09 11:39:16,2024-10-08 22:05:22
50,18,85,85,1,8,4.61,2023-06-01 14:35:04,2024-10-09 10:09:39
785,13,120,145,2,24,4.39,2021-03-08 14:49:56,2024-10-09 9:59:53
2397,13,1,279,0,9,4.88,2023-02-16 9:55:46,2024-10-08 19:45:13
3532,15,0,0,0,0,NULL,2014-02-09 20:03:59,2020-02-29 2:10:02
2965,15,0,0,0,0,NULL,2014-02-09 20:03:59,2020-02-29 2:10:02
1651,15,0,0,0,0,NULL,2014-02-09 20:03:59,2020-02-29 2:10:02
1437,15,0,0,0,0,NULL,2014-02-09 20:03:59,2020-02-29 2:10:02
1095,15,0,0,0,0,NULL,2014-02-09 20:03:59,2020-02-29 2:10:02
908,15,0,0,0,0,NULL,2014-02-09 20:03:59,2020-02-29 2:10:02
843,15,0,0,0,0,NULL,2014-02-09 20:03:59,2020-02-29 2:10:02
674,15,0,0,0,0,NULL,2014-02-09 20:03:59,2020-02-29 2:10:02
26,15,0,0,0,0,NULL,2014-02-09 20:03:59,2020-02-29 2:10:02
2101,2,0,5,0,0,5,2016-04-26 8:02:05,2023-08-23 1:35:32
413,2,0,5,0,0,5,2016-04-26 8:02:05,2023-08-23 1:35:32
1251,7,0,9,0,0,5,2024-05-09 16:49:18,2024-09-23 12:41:39
1349,16,9,155,1,13,4.62,2020-12-01 14:55:11,2024-10-02 13:28:40
371,16,3,21,0,0,5,2022-05-28 19:05:07,2024-09-21 19:05:59
303,13,9,30,0,0,5,2021-08-20 17:24:17,2024-10-05 15:16:52
3028,13,69,101,1,0,4.98,2023-06-06 10:14:41,2024-10-07 6:51:00
3122,16,33,305,0,4,4.95,2020-12-03 10:36:22,2024-10-07 11:09:36
725,16,16,373,0,1,4.98,2020-03-21 19:31:43,2024-10-07 12:37:45
2482,13,0,1,0,0,5,2023-10-29 17:11:57,2024-10-07 12:44:54
130,13,9,127,0,9,4.74,2022-02-21 10:49:58,2024-10-09 9:13:03
580,13,45,30,0,2,4.75,2024-06-21 13:56:42,2024-10-09 15:55:29
2524,10,0,206,0,3,4.93,2019-12-11 14:26:47,2024-10-09 8:37:51
994,13,18,330,1,13,4.83,2020-09-10 13:54:43,2024-10-09 8:49:17
509,16,4,43,0,1,4.82,2022-01-02 9:05:37,2024-10-09 15:18:58
309,16,4,43,0,1,4.82,2022-01-02 9:05:37,2024-10-09 15:18:58
2325,13,63,451,2,8,4.9,2017-03-17 17:39:34,2024-10-09 15:26:17
3140,13,69,750,1,6,4.96,2023-02-10 21:31:24,2024-10-09 15:19:33
2512,13,11,145,2,4,4.86,2022-12-23 12:33:05,2024-10-09 14:16:09
1926,10,0,7,0,1,4.63,2022-01-02 19:46:53,2024-10-06 18:57:40
554,10,0,7,0,1,4.63,2022-01-02 19:46:53,2024-10-06 18:57:40
2870,16,56,147,1,4,4.86,2018-10-27 16:13:38,2024-10-07 20:40:26
2183,13,4,288,0,2,4.97,2022-07-24 12:46:01,2024-10-09 13:44:29
3156,7,10,10,0,1,4.64,2022-03-29 8:35:02,2024-10-09 14:07:26
2907,15,11,5,0,0,5,2023-11-13 16:22:04,2024-10-09 8:55:15
2023,10,58,735,2,52,4.7,2021-07-13 13:27:16,2024-10-09 8:46:07
831,13,3,1396,6,41,4.87,2022-07-08 13:45:17,2024-10-09 16:03:51
2829,13,42,245,0,6,4.89,2023-03-26 13:17:04,2024-10-09 15:53:07
1794,16,20,437,1,21,4.8,2020-01-28 21:09:08,2024-10-09 8:06:30
1293,18,66,54,0,0,5,2021-01-18 19:52:01,2024-10-07 15:24:04
881,10,8,339,1,4,4.88,2019-06-28 15:48:03,2024-10-09 9:17:40
914,13,62,248,0,0,4.99,2021-02-14 21:25:46,2024-10-09 13:35:21
2545,13,0,16,0,0,5,2023-08-14 22:21:02,2024-10-09 8:28:27
2869,15,17,22,0,0,5,2022-08-15 17:51:32,2024-10-09 8:13:26
3344,13,0,51,0,0,5,2024-05-08 14:35:06,2024-10-08 9:20:31
1404,2,0,0,0,0,NULL,2020-11-05 22:30:48,2022-05-06 23:55:02
134,2,0,0,0,0,NULL,2020-11-05 22:30:48,2022-05-06 23:55:02
1002,16,58,205,2,1,4.96,2018-10-14 19:53:54,2024-09-18 11:18:51
2780,13,8,5,0,0,5,2023-01-31 18:20:41,2024-10-01 18:51:02
3358,16,0,386,1,6,4.91,2013-09-08 19:36:22,2024-10-01 18:41:31
1816,16,0,386,1,6,4.91,2013-09-08 19:36:22,2024-10-01 18:41:31
1805,16,0,386,1,6,4.91,2013-09-08 19:36:22,2024-10-01 18:41:31
1582,16,0,386,1,6,4.91,2013-09-08 19:36:22,2024-10-01 18:41:31
975,16,0,386,1,6,4.91,2013-09-08 19:36:22,2024-10-01 18:41:31
688,16,0,386,1,6,4.91,2013-09-08 19:36:22,2024-10-01 18:41:31
2119,25,92,10,0,1,4.73,2023-06-01 11:39:07,2024-10-03 8:10:17
3233,24,89,12,0,0,5,2023-04-04 15:16:55,2024-10-08 12:53:34
1155,13,95,40,1,1,4.83,2023-10-16 17:35:53,2024-10-09 13:14:53
1840,13,2,10,0,1,4.64,2023-08-15 20:56:03,2024-10-09 15:53:46
515,16,137,244,2,5,4.88,2018-09-15 15:21:04,2024-10-09 14:51:38
2785,10,27,9,1,1,4.45,2022-10-31 9:48:32,2024-10-08 7:18:33
379,13,7,21,0,0,5,2023-11-07 14:02:06,2024-10-07 18:39:56
3397,19,1,14,0,0,4.93,2019-08-18 12:34:50,2024-10-09 16:03:18
535,13,11,9,0,1,4.6,2024-09-16 20:31:40,2024-10-09 14:28:51
2070,13,49,214,1,9,4.83,2022-05-10 20:52:58,2024-10-09 14:30:20
1769,13,27,18,0,2,4.5,2022-08-23 14:33:17,2024-10-07 14:53:12
2768,13,24,126,0,3,4.88,2020-06-21 12:48:21,2024-10-07 17:03:15
3653,16,78,130,0,2,4.92,2013-07-17 22:53:34,2024-10-07 20:46:07
3601,16,78,130,0,2,4.92,2013-07-17 22:53:34,2024-10-07 20:46:07
2981,16,78,130,0,2,4.92,2013-07-17 22:53:34,2024-10-07 20:46:07
1523,16,78,130,0,2,4.92,2013-07-17 22:53:34,2024-10-07 20:46:07
1164,16,78,130,0,2,4.92,2013-07-17 22:53:34,2024-10-07 20:46:07
593,16,78,130,0,2,4.92,2013-07-17 22:53:34,2024-10-07 20:46:07
70,16,78,130,0,2,4.92,2013-07-17 22:53:34,2024-10-07 20:46:07
2771,16,0,126,1,1,4.95,2020-10-27 18:40:42,2024-10-07 17:33:58
1397,13,51,53,0,4,4.7,2024-03-10 13:18:49,2024-10-09 10:49:22
1451,13,5,113,0,0,5,2022-05-02 18:26:17,2024-10-08 21:21:46
2458,16,12,154,1,2,4.9,2022-12-31 2:08:47,2024-10-08 19:35:36
56,16,34,72,0,4,4.76,2017-01-26 11:09:44,2024-10-09 16:09:13
1420,13,46,227,0,0,5,2022-01-22 21:42:05,2024-10-09 15:19:05
1405,13,46,227,0,0,5,2022-01-22 21:42:05,2024-10-09 15:19:05
1522,2,0,0,0,0,NULL,2020-05-03 11:36:35,2022-05-21 16:24:07
1140,2,0,0,0,0,NULL,2020-05-03 11:36:35,2022-05-21 16:24:07
1341,13,0,11,0,0,5,2024-01-13 11:11:40,2024-08-28 20:41:09
921,13,8,27,0,4,4.45,2022-08-10 19:34:09,2024-09-09 14:56:36
3032,24,2,12,0,0,5,2023-05-25 22:20:14,2024-09-29 3:38:30
2308,13,2,51,0,5,4.64,2021-12-31 13:08:16,2024-10-01 11:02:50
809,13,2,51,0,5,4.64,2021-12-31 13:08:16,2024-10-01 11:02:50
1556,13,5,110,0,10,4.67,2021-09-30 13:07:18,2024-10-06 14:41:04
1480,1,18,12,0,2,4.36,2021-01-11 14:46:08,2024-10-06 14:46:01
985,18,35,5,0,2,3.86,2022-11-02 15:13:10,2024-10-07 11:03:40
2050,13,7,66,0,0,5,2024-07-26 10:14:34,2024-10-09 13:25:14
2199,16,33,254,1,0,4.99,2017-05-23 6:17:38,2024-10-09 13:42:14
2960,15,131,70,0,1,4.92,2020-06-25 18:20:48,2024-10-09 15:02:29
1192,13,18,229,0,0,5,2023-04-12 13:11:29,2024-10-09 14:12:07
2584,13,58,75,2,9,4.53,2023-10-08 18:12:35,2024-10-09 14:56:51
2457,16,42,40,0,1,4.9,2024-01-13 19:33:51,2024-10-08 22:29:42
2607,2,0,0,0,0,NULL,2017-02-12 21:53:03,2022-06-13 2:30:56
903,2,0,0,0,0,NULL,2017-02-12 21:53:03,2022-06-13 2:30:56
3404,13,0,0,0,0,NULL,2014-05-26 16:37:10,2019-09-13 2:11:38
2232,13,0,0,0,0,NULL,2014-05-26 16:37:10,2019-09-13 2:11:38
2073,13,0,0,0,0,NULL,2014-05-26 16:37:10,2019-09-13 2:11:38
1094,13,0,0,0,0,NULL,2014-05-26 16:37:10,2019-09-13 2:11:38
571,13,0,0,0,0,NULL,2014-05-26 16:37:10,2019-09-13 2:11:38
477,13,0,0,0,0,NULL,2014-05-26 16:37:10,2019-09-13 2:11:38
420,13,0,0,0,0,NULL,2014-05-26 16:37:10,2019-09-13 2:11:38
19,13,0,0,0,0,NULL,2014-05-26 16:37:10,2019-09-13 2:11:38
2094,16,7,279,3,3,4.92,2020-06-03 19:17:39,2024-09-11 5:38:00
2794,13,21,7,0,3,3.8,2021-07-28 12:51:09,2024-10-02 15:33:14
500,13,3,13,0,0,5,2024-03-19 10:54:12,2024-10-01 22:34:41
668,13,0,29,0,1,4.8,2024-01-09 11:15:12,2024-10-06 20:57:57
1049,13,37,346,1,1,4.98,2022-03-12 3:21:55,2024-10-07 15:31:18
1418,16,2,6,0,0,5,2023-11-05 14:13:42,2024-10-07 18:48:34
36,3,1,11,0,0,5,2023-02-23 12:32:07,2024-10-08 6:47:36
1885,15,0,6,0,0,5,2022-10-28 15:12:25,2024-10-09 13:11:18
1508,16,1,866,16,184,4.23,2019-07-06 12:20:07,2024-10-09 14:01:36
2131,16,0,75,0,2,4.9,2019-05-27 10:45:47,2024-07-17 20:21:09
716,16,22,37,1,7,4.33,2022-10-12 13:54:27,2024-08-29 8:18:17
1386,16,0,189,0,0,5,2022-01-29 20:35:00,2024-10-03 10:17:17
3386,16,83,102,2,1,4.91,2019-03-27 9:57:32,2024-10-06 20:19:32
861,13,11,20,0,2,4.64,2024-03-19 17:39:38,2024-10-07 8:26:04
166,7,61,38,0,0,4.95,2024-06-13 22:25:16,2024-10-09 4:09:56
432,13,12,24,0,1,4.8,2024-02-25 20:57:40,2024-10-08 18:49:06
2989,13,2,85,0,1,4.94,2021-04-22 16:12:37,2024-10-08 19:38:50
2787,10,5,4,0,0,5,2024-03-20 19:57:33,2024-10-09 9:57:40
3500,18,7,1,0,0,5,2024-08-03 20:21:44,2024-10-09 10:09:38
2908,2,0,0,0,0,0,2017-02-11 23:39:37,2020-07-28 2:29:02
423,2,0,0,0,0,0,2017-02-11 23:39:37,2020-07-28 2:29:02
3404,3,0,0,0,0,NULL,2014-01-03 18:40:39,2019-04-26 1:10:04
2232,3,0,0,0,0,NULL,2014-01-03 18:40:39,2019-04-26 1:10:04
2073,3,0,0,0,0,NULL,2014-01-03 18:40:39,2019-04-26 1:10:04
1094,3,0,0,0,0,NULL,2014-01-03 18:40:39,2019-04-26 1:10:04
571,3,0,0,0,0,NULL,2014-01-03 18:40:39,2019-04-26 1:10:04
477,3,0,0,0,0,NULL,2014-01-03 18:40:39,2019-04-26 1:10:04
420,3,0,0,0,0,NULL,2014-01-03 18:40:39,2019-04-26 1:10:04
19,3,0,0,0,0,NULL,2014-01-03 18:40:39,2019-04-26 1:10:04
3026,16,2,6,0,1,4.57,2019-08-02 7:49:19,2024-09-23 16:31:42
1967,13,35,91,0,4,4.84,2022-03-13 23:18:52,2024-10-04 17:43:06
2887,16,23,13,0,2,4.4,2019-01-03 9:10:23,2024-10-05 9:22:23
82,18,0,76,0,0,5,2022-07-07 5:47:34,2024-10-07 13:58:04
858,16,12,45,0,3,4.75,2022-01-07 14:33:24,2024-10-07 19:50:48
330,16,12,45,0,3,4.75,2022-01-07 14:33:24,2024-10-07 19:50:48
3649,13,0,0,0,0,NULL,2014-08-17 8:21:11,2019-10-18 2:10:17
3054,13,0,0,0,0,NULL,2014-08-17 8:21:11,2019-10-18 2:10:17
2676,13,0,0,0,0,NULL,2014-08-17 8:21:11,2019-10-18 2:10:17
1569,13,0,0,0,0,NULL,2014-08-17 8:21:11,2019-10-18 2:10:17
1358,13,0,0,0,0,NULL,2014-08-17 8:21:11,2019-10-18 2:10:17
813,13,0,0,0,0,NULL,2014-08-17 8:21:11,2019-10-18 2:10:17
803,13,0,0,0,0,NULL,2014-08-17 8:21:11,2019-10-18 2:10:17
3048,3,0,0,0,0,NULL,2018-02-11 16:56:26,2023-05-12 1:31:54
3006,3,0,0,0,0,NULL,2018-02-11 16:56:26,2023-05-12 1:31:54
1352,3,0,0,0,0,NULL,2018-02-11 16:56:26,2023-05-12 1:31:54
1091,3,0,0,0,0,NULL,2018-02-11 16:56:26,2023-05-12 1:31:54
485,3,0,0,0,0,NULL,2018-02-11 16:56:26,2023-05-12 1:31:54
2058,13,0,10,0,0,5,2021-09-03 9:21:23,2024-09-02 18:22:36
1614,15,0,0,0,0,NULL,2024-03-15 12:51:15,2024-09-04 11:02:34
2335,13,0,2,0,0,5,2024-01-01 3:19:56,2024-09-05 11:25:32
2435,16,1,34,1,3,4.63,2018-09-21 10:46:52,2024-09-24 9:31:34
3438,18,0,1,0,0,5,2022-11-14 20:47:51,2024-09-24 10:07:24
2273,13,32,25,0,5,4.33,2023-09-26 11:53:53,2024-10-02 11:31:53
2125,7,52,302,0,1,4.97,2021-02-03 10:24:03,2024-10-05 10:55:17
1858,7,52,302,0,1,4.97,2021-02-03 10:24:03,2024-10-05 10:55:17
454,13,3,51,0,1,4.92,2022-12-03 12:08:19,2024-10-05 16:59:39
296,18,0,1,0,0,5,2024-05-16 11:11:00,2024-10-02 10:20:51
3653,2,0,0,0,0,NULL,2012-12-18 12:00:20,2018-11-09 2:00:07
3601,2,0,0,0,0,NULL,2012-12-18 12:00:20,2018-11-09 2:00:07
2981,2,0,0,0,0,NULL,2012-12-18 12:00:20,2018-11-09 2:00:07
1523,2,0,0,0,0,NULL,2012-12-18 12:00:20,2018-11-09 2:00:07
1164,2,0,0,0,0,NULL,2012-12-18 12:00:20,2018-11-09 2:00:07
593,2,0,0,0,0,NULL,2012-12-18 12:00:20,2018-11-09 2:00:07
70,2,0,0,0,0,NULL,2012-12-18 12:00:20,2018-11-09 2:00:07
2774,1,0,0,0,0,NULL,2020-08-31 10:30:30,2020-08-31 10:35:10
2136,1,0,0,0,0,NULL,2020-08-31 10:30:30,2020-08-31 10:35:10
993,1,0,0,0,0,NULL,2020-08-31 10:30:30,2020-08-31 10:35:10
898,1,0,0,0,0,NULL,2020-08-31 10:30:30,2020-08-31 10:35:10
830,1,0,0,0,0,NULL,2020-08-31 10:30:30,2020-08-31 10:35:10
292,1,0,0,0,0,NULL,2020-08-31 10:30:30,2020-08-31 10:35:10
491,16,40,54,0,0,4.98,2018-03-07 20:23:44,2024-09-03 16:48:19
281,13,0,0,0,0,NULL,2024-07-29 4:36:18,2024-10-01 19:57:50
453,13,0,77,0,0,4.99,2023-12-17 10:30:54,2024-10-05 0:32:25
3176,13,0,5,0,0,5,2023-09-27 22:52:44,2024-10-05 4:01:40
2964,13,6,13,0,0,5,2022-08-30 18:41:15,2024-10-04 16:58:30
970,13,17,8,0,0,5,2024-06-25 17:20:25,2024-10-06 18:20:48
2122,13,0,170,0,1,4.97,2024-02-06 10:55:54,2024-10-06 19:06:32
3299,3,110,216,0,0,5,2018-03-24 10:20:52,2024-10-02 16:00:39
1644,3,110,216,0,0,5,2018-03-24 10:20:52,2024-10-02 16:00:39
1701,18,15,100,0,3,4.86,2022-08-30 6:29:11,2024-10-09 15:45:25
912,13,265,1512,1,2,4.99,2023-06-28 6:50:18,2024-10-09 15:03:38
2623,14,0,0,0,0,NULL,2020-02-11 0:27:40,2022-08-05 12:08:12
1303,14,0,0,0,0,NULL,2020-02-11 0:27:40,2022-08-05 12:08:12
2949,2,2,0,0,0,NULL,2017-08-31 13:28:36,2022-05-12 0:37:06
1490,2,2,0,0,0,NULL,2017-08-31 13:28:36,2022-05-12 0:37:06
3057,14,0,0,0,0,NULL,2019-02-10 9:11:08,2022-08-03 2:13:05
918,14,0,0,0,0,NULL,2019-02-10 9:11:08,2022-08-03 2:13:05
1712,2,0,0,0,0,NULL,2017-01-08 19:01:37,2022-04-10 12:15:06
566,2,0,0,0,0,NULL,2017-01-08 19:01:37,2022-04-10 12:15:06
3404,15,0,0,0,0,NULL,2013-10-29 0:12:57,2019-01-30 2:10:16
2232,15,0,0,0,0,NULL,2013-10-29 0:12:57,2019-01-30 2:10:16
2073,15,0,0,0,0,NULL,2013-10-29 0:12:57,2019-01-30 2:10:16
1094,15,0,0,0,0,NULL,2013-10-29 0:12:57,2019-01-30 2:10:16
571,15,0,0,0,0,NULL,2013-10-29 0:12:57,2019-01-30 2:10:16
477,15,0,0,0,0,NULL,2013-10-29 0:12:57,2019-01-30 2:10:16
420,15,0,0,0,0,NULL,2013-10-29 0:12:57,2019-01-30 2:10:16
19,15,0,0,0,0,NULL,2013-10-29 0:12:57,2019-01-30 2:10:16
2373,2,0,0,0,0,NULL,2016-09-07 15:57:00,2021-11-08 2:21:06
2338,2,0,0,0,0,NULL,2016-09-07 15:57:00,2021-11-08 2:21:06
3591,3,0,1,0,0,5,2017-06-19 20:37:14,2022-09-29 1:01:47
3350,3,0,1,0,0,5,2017-06-19 20:37:14,2022-09-29 1:01:47
2709,3,0,1,0,0,5,2017-06-19 20:37:14,2022-09-29 1:01:47
1961,3,0,1,0,0,5,2017-06-19 20:37:14,2022-09-29 1:01:47
1654,3,0,1,0,0,5,2017-06-19 20:37:14,2022-09-29 1:01:47
1571,3,0,1,0,0,5,2017-06-19 20:37:14,2022-09-29 1:01:47
1453,3,0,1,0,0,5,2017-06-19 20:37:14,2022-09-29 1:01:47
2109,2,0,0,0,0,NULL,2015-06-10 14:15:31,2020-08-11 1:12:38
1726,2,0,0,0,0,NULL,2015-06-10 14:15:31,2020-08-11 1:12:38
3495,13,39,44,0,0,5,2022-11-15 10:57:11,2024-10-09 13:57:35
1586,7,6,22,0,8,3.93,2024-02-24 1:18:45,2024-10-09 8:49:15
1689,2,0,0,0,0,NULL,2016-08-09 20:43:40,2021-10-12 1:10:13
1385,2,0,0,0,0,NULL,2016-08-09 20:43:40,2021-10-12 1:10:13
3327,13,0,9,0,0,5,2023-07-10 15:03:11,2024-08-31 12:30:37
48,13,13,9,0,4,3.77,2023-08-11 13:10:03,2024-09-03 10:44:04
2955,13,0,0,0,2,1,2023-01-05 21:48:43,2024-08-28 12:42:43
2865,13,0,0,0,0,NULL,2024-08-05 19:50:48,2024-09-18 11:27:59
557,16,1,79,0,13,4.39,2019-02-21 18:05:42,2024-09-30 5:47:07
83,13,5,21,0,0,4.95,2022-11-01 19:46:16,2024-10-01 18:09:38
1468,7,2,1,0,2,2.33,2021-08-19 23:17:37,2024-09-30 22:13:02
3209,24,1,7,0,0,5,2023-04-27 12:13:02,2024-09-30 15:48:34
2650,2,0,0,0,0,NULL,2020-09-29 22:04:19,2022-05-15 13:16:05
1074,2,0,0,0,0,NULL,2020-09-29 22:04:19,2022-05-15 13:16:05
2318,2,2,1,0,0,5,2020-09-01 7:48:11,2022-05-22 8:45:15
268,2,2,1,0,0,5,2020-09-01 7:48:11,2022-05-22 8:45:15
1748,2,0,0,0,0,NULL,2020-07-18 14:13:28,2022-05-22 3:23:14
757,2,0,0,0,0,NULL,2020-07-18 14:13:28,2022-05-22 3:23:14
1485,2,0,0,0,0,NULL,2017-01-20 18:14:17,2022-04-21 2:30:11
1210,2,0,0,0,0,NULL,2017-01-20 18:14:17,2022-04-21 2:30:11
3477,16,0,0,0,0,0,2024-02-27 14:12:47,2024-04-10 6:47:14
926,16,30,195,3,10,4.76,2018-01-20 9:16:24,2024-10-09 11:24:17
766,16,30,195,3,10,4.76,2018-01-20 9:16:24,2024-10-09 11:24:17
2587,13,12,34,0,3,4.68,2022-06-13 14:41:10,2024-10-09 11:36:05
3555,16,6,140,3,6,4.76,2019-04-06 19:08:09,2024-10-08 18:54:27
2742,13,49,204,0,2,4.96,2023-08-27 10:53:15,2024-10-09 9:10:38
161,13,18,228,1,2,4.95,2023-08-29 6:21:13,2024-10-09 15:44:01
1971,16,56,866,2,29,4.86,2018-03-11 13:45:58,2024-10-09 15:05:44
1889,12,10,65,1,0,4.94,2024-01-16 20:17:24,2024-10-09 15:07:36
1018,16,47,140,0,0,4.97,2019-05-31 16:04:17,2024-10-09 14:41:29
1760,13,76,114,0,0,5,2021-07-27 14:06:41,2024-10-09 13:22:22
1987,13,6,1,0,1,3,2023-07-19 10:25:40,2024-10-09 14:44:25
2075,13,9,11,0,0,5,2022-04-30 13:37:16,2024-10-06 19:11:42
1585,2,9,12,0,0,5,2019-12-08 15:40:52,2022-04-30 13:13:14
490,2,9,12,0,0,5,2019-12-08 15:40:52,2022-04-30 13:13:14
2483,2,0,0,0,0,NULL,2019-04-03 17:44:16,2022-05-19 21:20:09
1114,2,0,0,0,0,NULL,2019-04-03 17:44:16,2022-05-19 21:20:09
747,13,0,41,0,9,4.3,2023-04-09 16:12:29,2024-08-18 21:07:53
2614,13,2,15,1,0,4.88,2023-04-09 17:58:45,2024-08-08 17:25:36
1669,16,0,82,0,4,4.79,2018-11-10 23:49:37,2024-09-14 14:37:19
3618,13,0,23,0,0,5,2021-10-21 14:57:53,2024-09-23 13:14:23
3471,10,3,54,0,1,4.89,2021-02-19 9:17:58,2024-09-29 13:29:52
2705,13,0,20,0,0,5,2024-01-24 18:36:25,2024-10-02 6:37:17
3669,13,2,112,0,0,4.99,2022-08-25 21:51:36,2024-10-02 16:57:22
119,16,2,12,0,0,4.92,2022-11-16 11:09:06,2024-10-05 9:39:28
2300,13,5,59,0,0,5,2023-04-04 21:09:24,2024-10-08 21:39:46
2124,10,104,63,2,0,4.92,2020-04-02 18:18:53,2024-10-09 7:30:23
3642,16,291,486,2,26,4.78,2022-08-14 17:50:19,2024-10-09 14:09:05
1526,13,22,49,0,1,4.92,2022-04-05 21:14:50,2024-10-09 15:36:09
3399,13,14,97,0,0,5,2021-04-16 6:11:45,2024-10-09 15:16:46
325,13,88,79,0,2,4.89,2021-02-09 0:40:27,2024-10-09 15:38:07
2159,10,18,104,0,1,4.91,2020-09-30 13:08:27,2024-10-09 15:38:37
2081,2,0,0,0,0,NULL,2020-09-29 10:03:40,2022-05-27 10:45:13
2025,2,0,0,0,0,NULL,2020-09-29 10:03:40,2022-05-27 10:45:13
1410,16,0,13,0,0,5,2023-05-22 9:47:53,2024-07-29 16:09:38
3339,16,3,40,0,1,4.85,2019-11-05 21:56:03,2024-10-04 20:34:36
1294,18,4,6,0,0,5,2022-12-19 18:58:18,2024-10-07 15:13:44
1844,13,4,37,1,4,4.55,2023-07-29 12:20:16,2024-10-07 15:27:17
2593,13,97,59,1,7,4.54,2023-04-13 21:49:45,2024-10-09 11:46:38
244,13,57,30,0,12,3.86,2022-11-16 13:19:06,2024-10-08 19:36:32
3541,13,8,43,0,9,4.31,2023-08-24 16:57:26,2024-10-08 19:33:55
1888,13,0,14,0,0,5,2023-11-17 16:53:14,2024-10-09 9:46:25
946,18,101,79,0,2,4.9,2023-09-19 16:43:57,2024-10-09 13:22:04
961,13,0,20,0,0,5,2022-04-10 10:32:05,2024-10-05 16:47:23
3325,13,42,24,0,0,5,2022-04-12 17:42:20,2024-10-06 20:25:54
1248,13,0,0,0,0,NULL,2024-09-08 16:59:57,2024-10-07 16:14:19
2326,10,7,7,0,0,5,2022-10-22 21:32:14,2024-10-07 16:37:47
3701,13,0,31,0,0,5,2022-03-04 15:22:26,2024-10-06 22:28:19
1184,13,6,38,0,0,5,2022-08-11 2:00:56,2024-10-06 19:03:05
2586,13,16,34,0,0,5,2021-07-04 18:32:26,2024-10-08 13:43:32
428,13,14,28,1,7,4.17,2023-08-09 18:47:46,2024-10-08 13:53:01
2126,13,5,34,0,5,4.49,2022-07-15 23:41:44,2024-10-08 8:12:08
3391,24,6,34,0,0,5,2022-11-05 9:08:08,2024-10-06 16:08:14
1171,18,10,14,0,0,5,2022-12-25 15:00:31,2024-10-08 20:12:19
2491,13,13,54,0,2,4.84,2022-05-06 7:25:48,2024-10-08 19:49:04
3690,15,0,10,0,0,5,2014-10-12 10:52:00,2019-07-17 1:56:59
3053,15,0,10,0,0,5,2014-10-12 10:52:00,2019-07-17 1:56:59
3051,15,0,10,0,0,5,2014-10-12 10:52:00,2019-07-17 1:56:59
2177,15,0,10,0,0,5,2014-10-12 10:52:00,2019-07-17 1:56:59
952,15,0,10,0,0,5,2014-10-12 10:52:00,2019-07-17 1:56:59
715,15,0,10,0,0,5,2014-10-12 10:52:00,2019-07-17 1:56:59
650,15,0,10,0,0,5,2014-10-12 10:52:00,2019-07-17 1:56:59
1983,2,0,66,0,0,5,2016-10-21 16:44:26,2021-05-24 1:01:17
734,2,0,66,0,0,5,2016-10-21 16:44:26,2021-05-24 1:01:17
2750,16,5,12,0,0,4.92,2020-10-19 13:28:42,2024-09-12 17:57:02
351,16,0,1,0,0,5,2024-06-17 9:06:16,2024-09-20 12:34:12
3025,16,0,660,8,6,4.92,2018-03-22 21:57:23,2024-10-05 6:21:14
521,16,0,660,8,6,4.92,2018-03-22 21:57:23,2024-10-05 6:21:14
496,16,568,264,1,7,4.87,2019-04-27 7:19:22,2024-10-08 21:22:53
1416,13,46,117,1,3,4.88,2022-02-11 0:20:15,2024-10-07 16:51:31
522,13,46,117,1,3,4.88,2022-02-11 0:20:15,2024-10-07 16:51:31
782,4,41,12,0,1,4.69,2013-10-03 18:23:04,2024-10-07 16:36:49
1039,10,17,17,0,0,5,2019-08-25 18:58:13,2024-10-08 8:17:54
3390,13,29,96,0,1,4.96,2021-11-24 21:04:30,2024-10-09 9:17:06
1519,13,29,96,0,1,4.96,2021-11-24 21:04:30,2024-10-09 9:17:06
139,16,0,123,0,2,4.93,2022-11-17 13:59:33,2024-10-08 4:10:36
3347,18,79,797,5,9,4.92,2022-06-21 10:27:28,2024-10-09 13:50:25
3614,7,33,98,2,3,4.79,2022-01-07 18:29:16,2024-10-09 15:30:14
1297,7,33,98,2,3,4.79,2022-01-07 18:29:16,2024-10-09 15:30:14
3289,13,69,459,0,8,4.92,2021-06-21 9:55:24,2024-10-09 15:02:36
1388,16,21,540,1,4,4.95,2019-12-11 8:38:36,2024-10-08 19:57:38
3038,13,22,128,0,0,4.98,2021-09-10 22:01:59,2024-10-08 19:30:30
1587,18,30,93,0,1,4.96,2022-03-23 18:14:25,2024-10-08 19:30:21
988,13,1,3,0,0,5,2024-02-04 20:23:38,2024-10-09 6:51:21
3614,2,0,0,0,0,NULL,2019-05-25 5:55:20,2019-12-12 2:01:55
1297,2,0,0,0,0,NULL,2019-05-25 5:55:20,2019-12-12 2:01:55
2020,13,2,3,0,0,5,2022-12-30 12:15:15,2024-08-30 5:02:17
2649,10,0,2,0,0,5,2024-02-24 16:43:53,2024-09-12 11:21:07
1103,18,20,179,0,4,4.88,2021-02-02 14:08:17,2024-10-02 5:13:53
1493,10,0,7,0,1,4.5,2022-11-15 16:21:08,2024-10-02 6:26:07
105,13,25,11,1,0,4.83,2022-10-09 20:38:28,2024-10-02 16:52:33
1357,15,76,43,0,4,4.66,2020-10-02 9:32:28,2024-10-05 16:18:53
2369,7,9,12,0,0,5,2020-10-17 22:52:28,2024-10-07 13:46:41
220,16,9,175,0,4,4.9,2018-04-19 0:04:51,2024-10-08 13:14:44
2297,13,0,173,0,5,4.86,2023-10-11 12:01:31,2024-10-08 7:19:07
1882,13,18,341,2,15,4.82,2021-12-18 20:52:27,2024-10-09 13:44:31
1087,13,18,341,2,15,4.82,2021-12-18 20:52:27,2024-10-09 13:44:31
91,16,64,1083,7,85,4.68,2018-12-20 7:46:36,2024-10-09 8:24:40
3593,19,143,498,4,14,4.86,2018-09-23 19:46:16,2024-10-09 8:49:57
3061,13,24,30,0,0,5,2022-02-22 21:58:49,2024-10-09 8:44:57
886,13,14,12,0,0,5,2023-09-19 19:34:07,2024-10-09 15:31:57
2192,10,0,46,0,0,4.96,2021-05-07 19:17:50,2024-10-09 15:42:10
1896,16,8,78,0,0,4.99,2021-06-16 11:57:04,2024-10-09 15:53:15
3121,13,34,72,1,3,4.82,2023-04-11 20:41:03,2024-10-09 13:48:41
2161,16,25,133,2,5,4.83,2020-08-12 21:00:32,2024-10-09 8:25:34
1928,18,96,83,0,0,5,2021-01-05 19:23:16,2024-10-09 8:58:32
235,16,49,28,1,2,4.68,2023-06-05 20:17:39,2024-09-02 16:05:02
3466,16,0,54,1,0,4.96,2017-10-01 15:15:49,2024-09-30 5:43:50
3088,16,0,54,1,0,4.96,2017-10-01 15:15:49,2024-09-30 5:43:50
2994,13,0,213,1,4,4.91,2021-05-09 22:32:35,2024-09-20 17:14:44
326,13,0,4,0,0,5,2022-04-15 15:36:27,2024-10-03 10:22:55
2062,13,10,0,0,3,1,2022-05-05 7:44:26,2024-10-05 13:36:01
2845,13,19,39,0,3,4.71,2022-01-22 9:13:54,2024-10-05 9:20:18
2723,13,19,39,0,3,4.71,2022-01-22 9:13:54,2024-10-05 9:20:18
2181,16,42,896,12,37,4.79,2016-04-15 7:11:32,2024-10-07 13:26:30
959,13,0,37,0,0,5,2023-07-26 12:16:37,2024-10-07 8:41:12
1042,24,11,1,0,0,5,2023-01-20 14:56:54,2024-09-26 15:25:00
17,13,20,35,0,3,4.68,2022-12-07 22:48:39,2024-10-02 11:37:05
227,13,0,76,0,5,4.72,2022-10-13 18:42:55,2024-10-03 12:30:52
1092,13,63,148,0,4,4.9,2015-07-22 14:45:15,2024-10-05 16:16:33
1723,25,0,20,0,3,4.48,2024-05-07 4:54:54,2024-10-06 5:56:40
3166,13,0,226,0,0,5,2021-12-15 10:23:58,2024-10-07 10:02:00
2659,13,0,226,0,0,5,2021-12-15 10:23:58,2024-10-07 10:02:00
968,13,21,39,0,4,4.58,2021-06-21 14:12:11,2024-10-07 9:25:39
3509,13,8,44,0,6,4.52,2023-03-31 0:24:04,2024-10-07 10:28:39
3218,16,0,202,1,11,4.78,2019-06-09 4:10:05,2024-10-07 4:01:23
1409,13,6,19,0,0,5,2023-06-06 12:30:24,2024-10-01 17:05:22
1236,7,30,127,2,5,4.83,2022-02-07 20:29:06,2024-10-06 22:21:37
8,7,30,127,2,5,4.83,2022-02-07 20:29:06,2024-10-06 22:21:37
3287,13,49,180,0,0,5,2023-03-16 15:45:08,2024-10-08 16:39:41
185,16,2,157,7,7,4.73,2021-10-10 11:20:36,2024-10-07 13:34:25
3392,16,8,12,1,8,3.43,2023-01-05 16:39:11,2024-10-07 9:05:19
1329,13,0,51,0,0,5,2024-05-08 18:13:54,2024-10-08 0:23:46
3249,13,14,50,0,0,5,2023-03-02 19:42:09,2024-10-09 14:02:10
1953,13,7,53,0,1,4.93,2023-05-16 21:15:27,2024-10-09 8:44:42
3662,13,69,137,3,77,3.53,2022-02-09 8:10:15,2024-10-09 14:39:25
3525,13,69,137,3,77,3.53,2022-02-09 8:10:15,2024-10-09 14:39:25
2848,13,12,359,0,0,5,2022-04-10 19:50:48,2024-10-09 15:48:34
652,13,1,4,0,0,5,2023-09-06 19:24:18,2024-10-09 15:00:24
1102,18,50,59,0,0,4.98,2024-07-21 22:22:16,2024-10-09 14:44:40
2980,13,37,95,0,3,4.87,2023-11-12 13:50:38,2024-10-08 22:38:14
2176,13,16,78,0,2,4.9,2023-09-24 8:12:55,2024-10-07 5:38:34
517,13,0,5,0,0,5,2023-09-29 10:35:51,2024-09-30 12:28:21
2193,13,0,21,0,0,5,2022-09-24 22:15:48,2024-10-05 17:54:45
359,13,43,652,1,2,4.98,2023-03-09 8:45:21,2024-10-09 16:12:15
1512,16,108,253,2,3,4.92,2016-09-28 12:18:58,2024-10-08 17:38:38
1359,13,68,91,0,0,4.98,2021-08-24 19:28:14,2024-10-09 11:32:03
1751,13,8,35,1,15,3.8,2024-01-28 11:43:30,2024-10-09 10:07:50
487,25,10,24,0,0,5,2023-05-22 19:17:37,2024-10-09 8:44:27
3328,13,0,95,0,0,4.99,2021-06-15 16:20:15,2024-10-07 14:02:59
502,16,0,396,2,12,4.85,2019-11-10 13:17:41,2024-10-06 18:46:02
3458,13,30,57,0,4,4.74,2022-11-03 11:55:49,2024-10-07 9:03:14
2757,16,6,88,2,2,4.86,2019-01-02 19:54:59,2024-10-09 8:06:58
75,18,39,59,0,0,5,2022-06-11 9:04:04,2024-10-09 8:32:39
866,10,5,72,0,1,4.93,2023-08-21 20:30:41,2024-10-09 15:59:37
118,16,2,690,8,53,4.68,2019-09-08 8:44:03,2024-10-09 15:13:07
1859,13,154,508,1,4,4.96,2022-04-25 13:39:47,2024-10-09 15:54:00
1432,16,101,71,0,0,4.97,2020-10-26 9:09:18,2024-10-08 22:53:11
2207,2,0,0,0,0,NULL,2015-11-17 18:59:56,2021-01-18 2:30:22
1878,2,0,0,0,0,NULL,2015-11-17 18:59:56,2021-01-18 2:30:22
769,13,0,0,0,0,NULL,2024-02-02 22:34:07,2024-04-27 20:04:21
3690,14,0,0,0,0,NULL,2014-02-03 18:03:53,2019-05-09 10:10:40
3053,14,0,0,0,0,NULL,2014-02-03 18:03:53,2019-05-09 10:10:40
3051,14,0,0,0,0,NULL,2014-02-03 18:03:53,2019-05-09 10:10:40
2177,14,0,0,0,0,NULL,2014-02-03 18:03:53,2019-05-09 10:10:40
952,14,0,0,0,0,NULL,2014-02-03 18:03:53,2019-05-09 10:10:40
715,14,0,0,0,0,NULL,2014-02-03 18:03:53,2019-05-09 10:10:40
650,14,0,0,0,0,NULL,2014-02-03 18:03:53,2019-05-09 10:10:40
1538,13,0,17,0,0,4.94,2023-01-01 13:09:10,2024-08-04 16:12:55
264,13,0,1,0,0,5,2024-08-01 10:00:30,2024-08-17 8:54:44
243,16,13,138,0,8,4.78,2019-09-29 20:22:29,2024-10-07 12:28:09
3109,13,11,25,1,0,4.92,2022-07-17 22:07:52,2024-10-08 6:38:38
587,13,15,31,0,8,4.15,2022-05-18 18:40:48,2024-10-08 12:14:47
2049,13,1,259,0,2,4.96,2022-03-23 13:04:56,2024-10-08 12:25:26
1993,13,12,44,1,1,4.85,2023-02-02 21:38:40,2024-10-08 18:42:34
3665,13,15,32,0,0,5,2021-09-14 7:50:46,2024-10-08 19:46:20
1625,13,2,30,0,0,5,2021-11-04 11:18:41,2024-10-08 19:19:42
2934,16,40,293,4,4,4.91,2018-04-27 20:20:48,2024-10-03 17:18:03
2465,13,7,46,2,0,4.92,2022-07-24 15:14:49,2024-10-09 9:52:10
1109,2,30,53,0,0,4.98,2024-01-24 15:34:49,2024-10-09 13:17:08
950,21,9,11,0,0,5,2024-08-05 11:31:36,2024-10-09 15:40:11
2134,16,1,103,1,13,4.53,2023-10-06 23:40:52,2024-10-09 15:34:42
810,16,124,35,1,0,4.89,2023-01-19 20:09:43,2024-10-09 15:16:46
592,18,49,213,0,0,4.99,2022-11-20 17:35:32,2024-10-09 14:34:08
2968,13,225,246,2,9,4.84,2020-09-02 17:20:08,2024-10-07 17:22:49
1714,13,54,252,0,6,4.9,2021-04-15 16:58:19,2024-10-08 12:19:27
3302,2,0,0,0,0,NULL,2017-12-10 19:46:11,2022-05-18 13:18:13
2784,2,0,0,0,0,NULL,2017-12-10 19:46:11,2022-05-18 13:18:13
2774,3,0,0,0,0,NULL,2019-11-20 5:56:17,2020-01-22 2:00:12
2136,3,0,0,0,0,NULL,2019-11-20 5:56:17,2020-01-22 2:00:12
993,3,0,0,0,0,NULL,2019-11-20 5:56:17,2020-01-22 2:00:12
898,3,0,0,0,0,NULL,2019-11-20 5:56:17,2020-01-22 2:00:12
830,3,0,0,0,0,NULL,2019-11-20 5:56:17,2020-01-22 2:00:12
292,3,0,0,0,0,NULL,2019-11-20 5:56:17,2020-01-22 2:00:12
3532,3,0,0,0,0,NULL,2014-04-17 10:48:06,2019-07-18 1:10:07
2965,3,0,0,0,0,NULL,2014-04-17 10:48:06,2019-07-18 1:10:07
1651,3,0,0,0,0,NULL,2014-04-17 10:48:06,2019-07-18 1:10:07
1437,3,0,0,0,0,NULL,2014-04-17 10:48:06,2019-07-18 1:10:07
1095,3,0,0,0,0,NULL,2014-04-17 10:48:06,2019-07-18 1:10:07
908,3,0,0,0,0,NULL,2014-04-17 10:48:06,2019-07-18 1:10:07
843,3,0,0,0,0,NULL,2014-04-17 10:48:06,2019-07-18 1:10:07
674,3,0,0,0,0,NULL,2014-04-17 10:48:06,2019-07-18 1:10:07
26,3,0,0,0,0,NULL,2014-04-17 10:48:06,2019-07-18 1:10:07
2805,3,0,0,0,0,NULL,2014-06-19 20:07:45,2019-09-20 1:10:22
1819,3,0,0,0,0,NULL,2014-06-19 20:07:45,2019-09-20 1:10:22
1809,3,0,0,0,0,NULL,2014-06-19 20:07:45,2019-09-20 1:10:22
1158,3,0,0,0,0,NULL,2014-06-19 20:07:45,2019-09-20 1:10:22
894,3,0,0,0,0,NULL,2014-06-19 20:07:45,2019-09-20 1:10:22
787,3,0,0,0,0,NULL,2014-06-19 20:07:45,2019-09-20 1:10:22
315,3,0,0,0,0,NULL,2014-06-19 20:07:45,2019-09-20 1:10:22
3343,10,0,0,0,0,0,2016-09-06 15:58:29,2021-12-25 2:00:36
3265,10,0,0,0,0,0,2016-09-06 15:58:29,2021-12-25 2:00:36
2946,10,0,0,0,0,0,2016-09-06 15:58:29,2021-12-25 2:00:36
2591,10,0,0,0,0,0,2016-09-06 15:58:29,2021-12-25 2:00:36
2511,10,0,0,0,0,0,2016-09-06 15:58:29,2021-12-25 2:00:36
2402,10,0,0,0,0,0,2016-09-06 15:58:29,2021-12-25 2:00:36
2292,10,0,0,0,0,0,2016-09-06 15:58:29,2021-12-25 2:00:36
401,10,0,0,0,0,0,2016-09-06 15:58:29,2021-12-25 2:00:36
136,10,0,0,0,0,0,2016-09-06 15:58:29,2021-12-25 2:00:36
3606,2,0,0,0,0,NULL,2019-10-01 19:28:44,2022-05-20 14:44:13
1464,2,0,0,0,0,NULL,2019-10-01 19:28:44,2022-05-20 14:44:13
3161,13,3,108,0,28,4.18,2023-01-02 20:00:22,2024-10-08 21:28:41
2098,16,62,96,1,6,4.76,2017-09-17 18:54:05,2024-10-09 9:56:56
775,16,62,96,1,6,4.76,2017-09-17 18:54:05,2024-10-09 9:56:56
2393,13,2,27,0,1,4.82,2022-01-04 21:52:07,2024-10-05 13:00:01
1908,13,2,27,0,1,4.82,2022-01-04 21:52:07,2024-10-05 13:00:01
2889,13,0,5,0,0,5,2024-03-27 17:36:31,2024-10-09 13:35:11
338,16,7,1488,9,12,4.93,2018-05-24 10:03:25,2024-10-09 15:41:13
3459,19,6,101,0,1,4.96,2020-02-10 12:15:33,2024-10-09 15:25:12
1229,13,2,11,0,0,5,2023-12-14 9:59:28,2024-10-08 23:05:13
3563,16,4,183,4,10,4.72,2021-04-02 11:44:44,2024-10-09 13:00:18
1141,13,30,333,0,0,5,2021-09-02 14:00:33,2024-10-09 10:15:13
2474,13,30,126,0,1,4.96,2021-09-09 15:50:35,2024-10-08 18:44:24
1122,13,30,126,0,1,4.96,2021-09-09 15:50:35,2024-10-08 18:44:24
2184,16,104,73,1,7,4.62,2024-02-19 18:37:41,2024-10-08 18:46:18
2536,13,19,75,0,4,4.8,2022-04-05 18:31:20,2024-10-09 8:04:13
1537,13,4,20,0,12,3.5,2022-12-19 21:53:40,2024-10-09 10:09:03
1338,10,58,143,2,18,4.52,2021-03-18 20:45:42,2024-10-09 8:34:28
1232,13,19,111,0,0,4.98,2023-07-10 5:42:08,2024-10-09 13:25:49
2265,13,31,66,0,0,4.97,2023-02-26 13:44:52,2024-10-09 15:02:46
3480,13,16,8,0,0,5,2021-10-31 18:24:05,2024-08-25 7:36:04
2716,13,0,0,0,0,0,2024-07-27 21:04:53,2024-09-04 16:38:53
1595,13,0,0,0,0,NULL,2024-09-03 22:23:30,2024-09-04 16:06:48
2440,24,1,5,0,0,5,2023-12-09 23:08:59,2024-09-22 7:14:24
3512,18,165,78,2,3,4.78,2023-01-16 14:40:51,2024-09-24 10:41:41
2731,13,0,1,0,0,5,2024-09-05 8:23:25,2024-10-01 12:16:22
729,18,26,6,0,0,5,2024-02-28 11:40:53,2024-10-02 7:41:07
1243,13,0,117,0,0,4.97,2024-02-28 17:50:33,2024-10-05 7:22:03
2644,13,51,46,0,1,4.89,2022-03-22 0:30:15,2024-10-06 20:34:52
3404,14,0,0,0,0,NULL,2014-01-13 22:40:56,2019-05-10 10:20:57
2232,14,0,0,0,0,NULL,2014-01-13 22:40:56,2019-05-10 10:20:57
2073,14,0,0,0,0,NULL,2014-01-13 22:40:56,2019-05-10 10:20:57
1094,14,0,0,0,0,NULL,2014-01-13 22:40:56,2019-05-10 10:20:57
571,14,0,0,0,0,NULL,2014-01-13 22:40:56,2019-05-10 10:20:57
477,14,0,0,0,0,NULL,2014-01-13 22:40:56,2019-05-10 10:20:57
420,14,0,0,0,0,NULL,2014-01-13 22:40:56,2019-05-10 10:20:57
19,14,0,0,0,0,NULL,2014-01-13 22:40:56,2019-05-10 10:20:57
1838,13,0,0,0,0,0,2023-12-21 14:07:52,2024-01-02 11:30:06
3634,15,13,9,0,0,5,2019-05-05 14:58:27,2022-09-02 3:34:09
3022,15,13,9,0,0,5,2019-05-05 14:58:27,2022-09-02 3:34:09
2110,15,13,9,0,0,5,2019-05-05 14:58:27,2022-09-02 3:34:09
570,15,13,9,0,0,5,2019-05-05 14:58:27,2022-09-02 3:34:09
275,15,13,9,0,0,5,2019-05-05 14:58:27,2022-09-02 3:34:09
2006,2,0,0,0,0,NULL,2020-05-22 18:36:41,2022-05-04 1:48:09
1905,2,0,0,0,0,NULL,2020-05-22 18:36:41,2022-05-04 1:48:09
1572,15,25,149,0,0,4.99,2021-07-18 13:54:41,2024-10-08 14:07:52
1183,13,6,8,0,0,5,2023-06-09 21:52:13,2024-10-08 14:42:23
2852,13,13,212,0,2,4.94,2022-05-22 19:58:39,2024-10-07 17:42:38
3357,13,18,160,1,7,4.81,2023-02-21 20:42:20,2024-10-07 17:54:45
2135,16,213,139,0,13,4.63,2021-01-07 17:54:41,2024-10-09 11:07:58
1777,13,3,17,0,1,4.72,2023-04-02 13:59:53,2024-10-08 19:03:06
756,18,5,55,0,0,5,2021-04-23 12:05:18,2024-10-09 15:31:21
230,13,75,262,0,0,4.99,2021-12-04 22:51:44,2024-10-09 15:53:11
2574,2,0,0,0,0,NULL,2020-02-12 12:59:06,2022-05-01 23:02:15
1463,2,0,0,0,0,NULL,2020-02-12 12:59:06,2022-05-01 23:02:15
3575,15,2,1,0,0,5,2019-03-13 9:56:05,2022-09-21 0:13:09
2928,15,2,1,0,0,5,2019-03-13 9:56:05,2022-09-21 0:13:09
2305,15,2,1,0,0,5,2019-03-13 9:56:05,2022-09-21 0:13:09
2112,15,2,1,0,0,5,2019-03-13 9:56:05,2022-09-21 0:13:09
88,15,2,1,0,0,5,2019-03-13 9:56:05,2022-09-21 0:13:09
3653,14,0,0,0,0,NULL,2014-02-23 21:51:33,2019-07-26 10:00:26
3601,14,0,0,0,0,NULL,2014-02-23 21:51:33,2019-07-26 10:00:26
2981,14,0,0,0,0,NULL,2014-02-23 21:51:33,2019-07-26 10:00:26
1523,14,0,0,0,0,NULL,2014-02-23 21:51:33,2019-07-26 10:00:26
1164,14,0,0,0,0,NULL,2014-02-23 21:51:33,2019-07-26 10:00:26
593,14,0,0,0,0,NULL,2014-02-23 21:51:33,2019-07-26 10:00:26
70,14,0,0,0,0,NULL,2014-02-23 21:51:33,2019-07-26 10:00:26
3466,14,0,0,0,0,NULL,2016-03-23 19:05:01,2022-10-14 13:33:36
3088,14,0,0,0,0,NULL,2016-03-23 19:05:01,2022-10-14 13:33:36
2724,2,1,0,0,0,NULL,2019-11-17 20:41:48,2022-05-20 20:33:22
2476,2,1,0,0,0,NULL,2019-11-17 20:41:48,2022-05-20 20:33:22
2557,2,3,0,0,0,NULL,2020-11-01 17:28:17,2022-05-27 14:05:16
2248,2,3,0,0,0,NULL,2020-11-01 17:28:17,2022-05-27 14:05:16
2940,2,7,9,0,0,4.89,2018-03-09 16:03:33,2022-05-24 22:14:11
2896,2,7,9,0,0,4.89,2018-03-09 16:03:33,2022-05-24 22:14:11
2847,2,0,0,0,0,NULL,2018-08-21 3:33:31,2022-04-22 7:08:12
1922,2,0,0,0,0,NULL,2018-08-21 3:33:31,2022-04-22 7:08:12