user_id,country_code,currency,positive_feedback_count,neutral_feedback_count,negative_feedback_count,feedback_rating,created_on,age_group,latest_banning_notice_action_code,most_recent_suspiciousness_score
3468,FR,EUR,3898,2,6,4.99,2021-10-10 14:05:50,i. 32+ years old,AUTO_SHADOW_BAN_SPAM_MODEL,0.00600000005215406
1985,PT,EUR,71,0,1,4.94,2021-10-17 11:59:56,Unknown,NULL,0.00600000005215406
2403,UK,GBP,598,0,10,4.91,2021-11-09 20:26:18,e. 20 - 22 years old,NULL,0.0140000004321336
190,UK,GBP,101,0,2,4.92,2022-10-02 13:47:48,Unknown,NULL,0.0109999999403953
3256,UK,GBP,242,0,4,4.93,2021-08-31 10:03:41,Unknown,NULL,0.00600000005215406
2949,DE,EUR,0,0,0,NULL,2017-08-31 13:28:36,Unknown,NULL,NULL
1490,DE,EUR,0,0,0,NULL,2017-08-31 13:28:36,Unknown,NULL,NULL
85,FR,EUR,113,2,13,4.55,2018-12-09 19:10:05,e. 20 - 22 years old,NULL,0.00600000005215406
513,PT,EUR,30,1,2,4.64,2023-04-13 5:05:35,Unknown,NULL,0.011
2538,UK,GBP,156,0,0,4.98,2023-01-16 6:54:14,Unknown,NULL,0.008
928,UK,GBP,70,0,0,5,2024-06-19 7:56:06,Unknown,AUTO_SHADOW_BAN_MSG_SIMILARITY,0.043
3523,UK,GBP,53,0,2,4.85,2022-06-05 10:10:38,Unknown,NULL,0.0130000002682209
3656,UK,GBP,185,1,0,4.99,2022-10-31 22:29:53,Unknown,NULL,0.015
1411,FR,EUR,295,0,31,4.59,2018-04-14 13:28:03,e. 20 - 22 years old,NULL,0.00600000005215406
240,UK,GBP,7,0,0,5,2022-06-23 10:14:12,Unknown,NULL,0.0109999999403953
2987,NL,EUR,43,0,1,4.86,2023-09-02 4:40:27,g. 27 - 29 years old,FRAUD_CARD,0.007
2442,UK,GBP,79,0,0,5,2021-02-19 11:09:10,Unknown,NULL,0.00600000005215406
265,UK,GBP,188,2,8,4.81,2023-02-14 3:09:47,Unknown,NULL,0.011
2029,UK,GBP,4,0,1,4.2,2024-02-06 15:09:29,Unknown,NULL,0.009
160,UK,GBP,196,0,0,5,2022-07-11 15:50:39,Unknown,NULL,0.0130000002682209
2424,UK,GBP,76,2,9,4.53,2021-11-10 11:01:39,Unknown,NULL,0.00600000005215406
2022,UK,GBP,76,2,9,4.53,2021-11-10 11:01:39,Unknown,NULL,0.00600000005215406
1305,UK,GBP,6,0,0,5,2023-06-06 20:48:29,Unknown,NULL,0.011
2919,UK,GBP,41,0,0,5,2024-06-12 10:02:21,Unknown,AUTO_SHADOW_BAN_MEMBER_SCORE,0.016
2873,UK,GBP,14,0,7,3.67,2022-11-08 19:50:38,Unknown,NULL,0.01
3355,UK,GBP,77,0,3,4.85,2023-03-05 19:08:23,Unknown,AUTO_SHADOW_BAN_MSG_SIMILARITY,0.019
628,UK,GBP,0,0,0,NULL,2024-07-28 14:18:02,Unknown,NULL,0.006
2040,DE,EUR,0,0,0,NULL,2017-09-11 18:46:37,Unknown,NULL,NULL
1620,DE,EUR,0,0,0,NULL,2017-09-11 18:46:37,Unknown,NULL,NULL
3404,PL,PLN,0,0,0,NULL,2013-10-29 0:12:57,Unknown,NULL,NULL
2232,PL,PLN,0,0,0,NULL,2013-10-29 0:12:57,Unknown,NULL,NULL
2073,PL,PLN,0,0,0,NULL,2013-10-29 0:12:57,Unknown,NULL,NULL
1094,PL,PLN,0,0,0,NULL,2013-10-29 0:12:57,Unknown,NULL,NULL
571,PL,PLN,0,0,0,NULL,2013-10-29 0:12:57,Unknown,NULL,NULL
477,PL,PLN,0,0,0,NULL,2013-10-29 0:12:57,Unknown,NULL,NULL
420,PL,PLN,0,0,0,NULL,2013-10-29 0:12:57,Unknown,NULL,NULL
19,PL,PLN,0,0,0,NULL,2013-10-29 0:12:57,Unknown,NULL,NULL
1520,FR,EUR,217,3,6,4.87,2020-07-20 16:43:58,i. 32+ years old,AUTO_SHADOW_BAN_SPAM_MODEL,0.00600000005215406
2250,FR,EUR,544,1,3,4.97,2020-11-15 15:32:40,i. 32+ years old,AUTO_SHADOW_BAN_SPAM_MODEL,0.00600000005215406
2699,UK,GBP,55,0,0,5,2023-04-26 20:05:56,Unknown,NULL,0.011
3532,LT,NULL,2,2,0,NULL,2013-06-17 8:06:52,Unknown,NULL,NULL
2965,LT,NULL,2,2,0,NULL,2013-06-17 8:06:52,Unknown,NULL,NULL
1651,LT,NULL,2,2,0,NULL,2013-06-17 8:06:52,Unknown,NULL,NULL
1437,LT,NULL,2,2,0,NULL,2013-06-17 8:06:52,Unknown,NULL,NULL
1095,LT,NULL,2,2,0,NULL,2013-06-17 8:06:52,Unknown,NULL,NULL
908,LT,NULL,2,2,0,NULL,2013-06-17 8:06:52,Unknown,NULL,NULL
843,LT,NULL,2,2,0,NULL,2013-06-17 8:06:52,Unknown,NULL,NULL
674,LT,NULL,2,2,0,NULL,2013-06-17 8:06:52,Unknown,NULL,NULL
26,LT,NULL,2,2,0,NULL,2013-06-17 8:06:52,Unknown,NULL,NULL
3327,UK,GBP,9,0,0,5,2023-07-10 15:03:11,Unknown,SHADOW_BAN_BAD_ACTOR,0.184
213,NL,EUR,54,0,0,5,2021-04-29 6:39:02,Unknown,NULL,0.00600000005215406
1895,ES,EUR,125,0,1,4.95,2023-12-29 17:01:17,Unknown,NULL,0.017
394,HU,HUF,46,1,1,4.88,2023-03-05 15:52:14,Unknown,NULL,0.011
456,UK,GBP,294,0,22,4.72,2021-05-20 22:47:32,Unknown,AUTO_SHADOW_BAN_SPAM_MODEL,0.00600000005215406
2924,UK,GBP,680,3,0,4.99,2022-12-28 18:32:04,Unknown,AUTO_SHADOW_BAN_SPAM_MODEL,0.016
3307,IT,EUR,18,0,1,4.74,2023-01-07 21:49:11,Unknown,AUTO_SHADOW_BAN_MEMBER_SCORE,0.016
680,FR,EUR,75,0,10,4.48,2019-09-08 23:29:52,Unknown,NULL,0.00600000005215406
661,UK,GBP,894,2,17,4.92,2021-08-08 12:45:38,Unknown,NULL,0.00600000005215406
101,UK,GBP,41,0,5,4.54,2023-04-24 20:33:17,Unknown,NULL,0.197
1933,NL,EUR,48,0,0,5,2020-03-15 14:24:58,i. 32+ years old,NULL,0.00600000005215406
1795,UK,GBP,98,0,3,4.86,2021-12-28 17:38:53,Unknown,NULL,0.00700000021606683
929,UK,GBP,98,0,3,4.86,2021-12-28 17:38:53,Unknown,NULL,0.00700000021606683
2841,FR,EUR,1388,0,22,4.94,2020-11-28 23:10:42,g. 27 - 29 years old,AUTO_SHADOW_BAN_SPAM_MODEL,0.00600000005215406
91,FR,EUR,1083,7,85,4.68,2018-12-20 7:46:36,Unknown,BLOCK_2PROFILES,0.00600000005215406
855,UK,GBP,533,2,26,4.8,2022-04-09 22:06:03,Unknown,AUTO-BLOCK SHIPPING SCAM,0.00600000005215406
2074,UK,GBP,54,0,0,5,2024-04-23 10:53:27,Unknown,NULL,0.007
307,FR,EUR,78,0,8,4.63,2021-01-02 21:12:36,Unknown,NULL,0.00600000005215406
1168,UK,GBP,102,0,1,4.95,2021-07-15 8:51:11,Unknown,NULL,0.00600000005215406
3126,UK,GBP,266,1,4,4.93,2023-04-20 19:24:50,Unknown,AUTO_PHISHING_IMAGE_REVIEW,0.013
3690,DE,EUR,2,0,0,5,2014-09-21 9:36:08,Unknown,NULL,NULL
3053,DE,EUR,2,0,0,5,2014-09-21 9:36:08,Unknown,NULL,NULL
3051,DE,EUR,2,0,0,5,2014-09-21 9:36:08,Unknown,NULL,NULL
2177,DE,EUR,2,0,0,5,2014-09-21 9:36:08,Unknown,NULL,NULL
952,DE,EUR,2,0,0,5,2014-09-21 9:36:08,Unknown,NULL,NULL
715,DE,EUR,2,0,0,5,2014-09-21 9:36:08,Unknown,NULL,NULL
650,DE,EUR,2,0,0,5,2014-09-21 9:36:08,Unknown,NULL,NULL
1442,UK,GBP,400,0,4,4.96,2022-04-05 16:35:54,Unknown,NULL,0.00600000005215406
1815,IT,EUR,29,0,2,4.74,2023-03-03 18:38:57,Unknown,AUTO_SHADOW_BAN_MEMBER_SCORE,0.096
1177,UK,GBP,21,0,0,5,2023-09-25 16:19:16,Unknown,NULL,0.013
2537,DE,EUR,0,0,0,NULL,2018-12-20 15:22:14,Unknown,NULL,NULL
2130,DE,EUR,0,0,0,NULL,2018-12-20 15:22:14,Unknown,NULL,NULL
3586,IT,EUR,17,0,0,5,2021-01-16 15:56:35,Unknown,AUTO_SHADOW_BAN_SPAM_MODEL,0.00600000005215406
3488,IT,EUR,17,0,0,5,2021-01-16 15:56:35,Unknown,AUTO_SHADOW_BAN_SPAM_MODEL,0.00600000005215406
2866,HU,HUF,490,0,2,4.99,2022-12-27 17:28:56,i. 32+ years old,NULL,0.011
954,FR,EUR,103,0,4,4.8,2022-02-01 8:34:14,Unknown,AUTO_SHADOW_BAN_MEMBER_SCORE,0.0189999993890523
697,FR,EUR,103,0,4,4.8,2022-02-01 8:34:14,Unknown,AUTO_SHADOW_BAN_MEMBER_SCORE,0.0189999993890523
404,UK,GBP,90,0,0,4.98,2022-11-21 19:34:58,Unknown,NULL,0.012
3170,NL,EUR,1562,5,19,4.91,2019-11-14 18:30:24,i. 32+ years old,REPLICA_OFFENDER,0.00600000005215406
2578,UK,GBP,632,0,7,4.96,2022-02-04 15:56:40,i. 32+ years old,NULL,0.0120000001043081
2621,FR,EUR,122,0,3,4.87,2020-08-28 17:38:43,Unknown,NULL,0.00600000005215406
3617,UK,GBP,73,0,3,4.84,2022-05-30 18:25:23,Unknown,AUTO_SHADOW_BAN_SPAM_MODEL,0.0109999999403953
2349,UK,GBP,71,0,1,4.94,2023-04-10 17:06:24,i. 32+ years old,NULL,0.013
832,UK,GBP,21,0,0,5,2023-05-21 16:51:47,Unknown,NULL,0.015
1255,NL,EUR,91,1,1,4.9,2024-05-11 9:31:51,i. 32+ years old,NULL,0.097
1872,FR,EUR,170,2,8,4.74,2018-01-22 13:07:12,d. 17 - 19 years old,NULL,0.00600000005215406
310,FR,EUR,170,2,8,4.74,2018-01-22 13:07:12,d. 17 - 19 years old,NULL,0.00600000005215406
3427,FR,EUR,13,0,0,5,2018-01-02 6:01:12,Unknown,NULL,0.00600000005215406
1213,FR,EUR,13,0,0,5,2018-01-02 6:01:12,Unknown,NULL,0.00600000005215406
1098,UK,GBP,35,0,1,4.89,2023-05-09 22:12:34,d. 17 - 19 years old,NULL,0.013
3195,UK,GBP,0,0,0,NULL,2024-07-24 20:53:15,Unknown,NULL,0.697
2823,NL,EUR,148,0,10,4.71,2020-05-16 7:06:50,e. 20 - 22 years old,NULL,0.00600000005215406
752,ES,EUR,18,0,2,4.6,2020-08-24 15:36:24,b. 13 - 15 years old,NULL,0.00600000005215406
1829,UK,GBP,446,1,8,4.91,2019-01-31 15:39:43,Unknown,NULL,0.00600000005215406
1718,IT,EUR,1,0,0,5,2023-11-13 10:12:22,Unknown,NULL,0.024
3514,DE,EUR,0,0,0,NULL,2018-02-10 20:09:57,c. 16 - 16 years old,NULL,NULL
1545,DE,EUR,0,0,0,NULL,2018-02-10 20:09:57,c. 16 - 16 years old,NULL,NULL
3398,UK,GBP,13,0,0,5,2023-01-25 12:11:58,e. 20 - 22 years old,NULL,0.014
181,FR,EUR,36,0,0,5,2020-11-14 16:31:24,Unknown,NULL,0.00600000005215406
2266,HU,HUF,5,0,0,5,2024-03-02 9:35:29,Unknown,NULL,0.01
389,FR,EUR,20,0,0,4.9,2018-11-10 18:24:10,Unknown,NULL,0.00600000005215406
1693,UK,GBP,504,0,43,4.68,2019-06-13 11:27:59,Unknown,NULL,0.00600000005215406
3264,NL,EUR,504,1,2,4.97,2022-10-01 19:19:06,i. 32+ years old,NULL,0.00600000005215406
2724,UK,GBP,441,1,31,4.72,2022-01-19 10:20:18,f. 23 - 26 years old,NULL,0.155000001192092
2476,UK,GBP,441,1,31,4.72,2022-01-19 10:20:18,f. 23 - 26 years old,NULL,0.155000001192092
3262,UK,GBP,26,0,0,5,2021-09-27 13:07:10,Unknown,NULL,0.00600000005215406
3182,UK,GBP,145,1,3,4.89,2021-12-21 20:13:57,Unknown,NULL,0.0140000004321336
2380,UK,GBP,145,1,3,4.89,2021-12-21 20:13:57,Unknown,NULL,0.0140000004321336
2139,IT,EUR,12,1,0,4.85,2023-03-06 6:14:54,i. 32+ years old,NULL,0.009
1788,UK,GBP,1785,1,4,4.98,2021-03-31 21:45:35,e. 20 - 22 years old,AUTO_SHADOW_BAN_SPAM_MODEL,0.00600000005215406
1745,FR,EUR,743,1,4,4.97,2018-10-10 11:04:55,i. 32+ years old,AUTO_SHADOW_BAN_SPAM_MODEL,0.00600000005215406
2824,UK,GBP,544,4,16,4.86,2021-04-20 15:40:35,Unknown,NULL,0.00600000005215406
2118,IT,EUR,187,0,2,4.96,2021-10-30 12:33:47,Unknown,NULL,0.0140000004321336
3370,UK,GBP,20,0,0,5,2022-06-08 17:59:12,Unknown,NULL,0.00700000021606683
3424,UK,GBP,1,0,1,3,2023-08-01 19:18:58,Unknown,NULL,0.012
1854,UK,GBP,29,0,0,5,2023-04-23 8:50:50,Unknown,NULL,0.022
199,NL,EUR,25,0,0,5,2023-06-10 14:55:43,i. 32+ years old,NULL,0.023
1316,IT,EUR,40,0,0,4.98,2024-07-12 11:51:41,Unknown,AUTO_SHADOW_BAN_MSG_SIMILARITY,0.028
1019,UK,GBP,17,0,3,4.4,2021-08-29 16:04:18,Unknown,NULL,0.00600000005215406
516,PT,EUR,365,1,1,4.97,2021-07-23 22:04:51,Unknown,NULL,0.00600000005215406
375,FR,EUR,1069,6,2,4.97,2018-02-01 13:09:42,Unknown,NULL,0.00600000005215406
3645,UK,GBP,3465,7,25,4.96,2021-04-10 15:11:45,i. 32+ years old,AUTO_SHADOW_BAN_SPAM_MODEL,0.00600000005215406
2253,UK,GBP,46,0,0,4.98,2020-05-22 13:32:16,Unknown,NULL,0.00600000005215406
1930,UK,GBP,1535,2,22,4.94,2021-09-25 19:04:44,Unknown,NULL,0.00600000005215406
700,UK,GBP,51,0,1,4.92,2023-02-23 3:28:20,Unknown,NULL,0.015
178,FR,EUR,2,0,0,5,2024-01-04 22:08:09,Unknown,NULL,0.008
1029,UK,GBP,4,0,0,5,2022-12-19 18:06:28,i. 32+ years old,NULL,0.01
3405,IT,EUR,33,0,0,5,2023-12-15 11:17:24,Unknown,NULL,0.018
703,UK,GBP,11,0,0,5,2023-12-28 11:57:29,h. 30 - 31 years old,NULL,0.01
2328,UK,GBP,5,0,0,5,2024-09-04 20:06:36,i. 32+ years old,NULL,0.009
3466,FR,EUR,54,1,0,4.96,2017-10-01 15:15:49,i. 32+ years old,NULL,0.00600000005215406
3088,FR,EUR,54,1,0,4.96,2017-10-01 15:15:49,i. 32+ years old,NULL,0.00600000005215406
2970,FR,EUR,167,0,6,4.86,2023-09-07 8:54:40,d. 17 - 19 years old,AUTO_SHADOW_BAN_SPAM_MODEL,0.014
1145,BE,EUR,0,0,0,0,2022-10-25 11:19:39,Unknown,NULL,0.025
985,IT,EUR,5,0,2,3.86,2022-11-02 15:13:10,Unknown,NULL,0.015
1965,UK,GBP,205,1,1,4.95,2023-12-23 14:58:40,e. 20 - 22 years old,NULL,0.12
2983,PT,EUR,57,0,0,4.95,2022-11-11 14:51:33,Unknown,NULL,0.008
3530,UK,GBP,42,0,2,4.82,2021-10-05 18:42:36,Unknown,NULL,0.00600000005215406
1996,UK,GBP,42,0,2,4.82,2021-10-05 18:42:36,Unknown,NULL,0.00600000005215406
2521,FR,EUR,6,0,1,4.43,2024-06-24 11:32:43,Unknown,AUTO_SHADOW_BAN_MSG_SIMILARITY,0.008
2671,UK,GBP,7,0,0,4.86,2024-07-28 23:40:42,Unknown,NULL,0.0450000017881393
2466,UK,GBP,6,0,1,4.43,2024-01-08 0:27:58,Unknown,NULL,0.012
1350,FR,EUR,80,0,0,5,2024-06-20 6:19:57,Unknown,AUTO_SHADOW_BAN_SPAM_MODEL,0.043
2782,UK,GBP,219,0,2,4.95,2022-12-14 13:01:07,f. 23 - 26 years old,NULL,0.012
3685,UK,GBP,0,0,0,NULL,2014-09-25 12:37:14,Unknown,NULL,NULL
2892,UK,GBP,0,0,0,NULL,2014-09-25 12:37:14,Unknown,NULL,NULL
2677,UK,GBP,0,0,0,NULL,2014-09-25 12:37:14,Unknown,NULL,NULL
1256,UK,GBP,0,0,0,NULL,2014-09-25 12:37:14,Unknown,NULL,NULL
805,UK,GBP,0,0,0,NULL,2014-09-25 12:37:14,Unknown,NULL,NULL
518,UK,GBP,0,0,0,NULL,2014-09-25 12:37:14,Unknown,NULL,NULL
3014,FR,EUR,196,0,6,4.87,2023-05-03 8:05:58,Unknown,AUTO_SHADOW_BAN_SPAM_MODEL,0.016
1683,LT,EUR,0,0,0,NULL,2024-07-11 8:08:00,Unknown,SHADOW_BAN_BAD_ACTOR,0.072
3470,NL,EUR,0,0,0,NULL,2020-12-28 19:04:40,h. 30 - 31 years old,NULL,0.00600000005215406
3420,UK,GBP,69,1,0,4.97,2021-12-29 12:36:33,Unknown,NULL,0.331999987363815
71,UK,GBP,69,1,0,4.97,2021-12-29 12:36:33,Unknown,NULL,0.331999987363815
780,FR,EUR,20,0,1,4.76,2021-03-27 22:40:19,i. 32+ years old,NULL,0.00600000005215406
173,PL,PLN,19,0,0,5,2022-06-21 8:28:23,e. 20 - 22 years old,AUTO_PHISHING_URL_REVIEW,0.0149999996647238
2566,FR,EUR,755,4,7,4.93,2019-09-02 16:07:42,Unknown,NULL,0.00600000005215406
749,UK,GBP,490,1,5,4.94,2022-06-28 16:52:51,i. 32+ years old,NULL,0.00800000037997961
3588,UK,GBP,20,0,2,4.64,2022-07-13 19:10:03,Unknown,NULL,0.00600000005215406
128,FR,EUR,200,0,2,4.94,2021-04-20 8:27:07,Unknown,NULL,0.00600000005215406
1538,UK,GBP,17,0,0,4.94,2023-01-01 13:09:10,Unknown,NULL,0.012
41,UK,GBP,259,0,0,4.99,2020-03-15 16:07:19,Unknown,NULL,0.00600000005215406
57,NL,EUR,85,0,5,4.77,2022-05-03 22:48:17,Unknown,SHADOW_BAN_SPAM,0.148000001907348
234,PT,EUR,3,1,1,3.6,2024-07-27 23:44:10,Unknown,AUTO_SHADOW_BAN_MEMBER_SCORE,0.216000005602836
1181,UK,GBP,0,0,0,NULL,2024-08-12 16:06:06,Unknown,NULL,0.603
2531,UK,GBP,33,0,1,4.88,2022-12-08 20:42:19,d. 17 - 19 years old,NULL,0.018
582,FR,EUR,932,5,6,4.95,2019-01-07 20:53:15,Unknown,AUTO_SHADOW_BAN_SPAM_MODEL,0.00600000005215406
3064,UK,GBP,11,0,0,5,2021-11-07 14:23:21,Unknown,NULL,0.00499999988824129
3673,UK,GBP,30,0,0,5,2023-04-03 16:36:27,Unknown,NULL,0.009
3048,LT,EUR,11,0,0,5,2018-02-12 12:52:10,Unknown,NULL,NULL
3006,LT,EUR,11,0,0,5,2018-02-12 12:52:10,Unknown,NULL,NULL
1352,LT,EUR,11,0,0,5,2018-02-12 12:52:10,Unknown,NULL,NULL
1091,LT,EUR,11,0,0,5,2018-02-12 12:52:10,Unknown,NULL,NULL
485,LT,EUR,11,0,0,5,2018-02-12 12:52:10,Unknown,NULL,NULL
1597,IT,EUR,22,0,0,5,2021-03-05 1:24:06,Unknown,NULL,0.00600000005215406
1984,UK,GBP,48,0,0,5,2023-06-04 6:44:14,Unknown,AUTO_SHADOW_BAN_SPAM_MODEL,0.01
1798,UK,GBP,171,1,6,4.85,2022-05-17 9:08:53,f. 23 - 26 years old,NULL,0.0120000001043081
3420,DE,EUR,0,0,0,NULL,2019-01-27 18:27:24,Unknown,NULL,NULL
71,DE,EUR,0,0,0,NULL,2019-01-27 18:27:24,Unknown,NULL,NULL
3536,FR,EUR,164,4,7,4.78,2021-06-29 19:28:43,Unknown,NULL,0.00600000005215406
3458,UK,GBP,57,0,4,4.74,2022-11-03 11:55:49,h. 30 - 31 years old,NULL,0.013
3685,DE,EUR,0,0,0,NULL,2015-02-18 9:51:42,Unknown,NULL,NULL
2892,DE,EUR,0,0,0,NULL,2015-02-18 9:51:42,Unknown,NULL,NULL
2677,DE,EUR,0,0,0,NULL,2015-02-18 9:51:42,Unknown,NULL,NULL
1256,DE,EUR,0,0,0,NULL,2015-02-18 9:51:42,Unknown,NULL,NULL
805,DE,EUR,0,0,0,NULL,2015-02-18 9:51:42,Unknown,NULL,NULL
518,DE,EUR,0,0,0,NULL,2015-02-18 9:51:42,Unknown,NULL,NULL
1123,UK,GBP,76,0,0,5,2023-01-15 20:52:20,Unknown,NULL,0.011
620,ES,EUR,45,0,2,4.83,2021-07-30 16:13:16,Unknown,NULL,0.00600000005215406
3591,US,USD,0,0,0,NULL,2014-03-31 12:14:30,Unknown,NULL,NULL
3350,US,USD,0,0,0,NULL,2014-03-31 12:14:30,Unknown,NULL,NULL
2709,US,USD,0,0,0,NULL,2014-03-31 12:14:30,Unknown,NULL,NULL
1961,US,USD,0,0,0,NULL,2014-03-31 12:14:30,Unknown,NULL,NULL
1654,US,USD,0,0,0,NULL,2014-03-31 12:14:30,Unknown,NULL,NULL
1571,US,USD,0,0,0,NULL,2014-03-31 12:14:30,Unknown,NULL,NULL
1453,US,USD,0,0,0,NULL,2014-03-31 12:14:30,Unknown,NULL,NULL
686,UK,GBP,0,0,0,NULL,2024-05-25 5:08:22,Unknown,NULL,0.391
3087,UK,GBP,130,0,6,4.82,2021-11-08 10:12:57,Unknown,NULL,0.00999999977648258
1265,FR,EUR,38,0,0,4.95,2024-04-14 19:44:25,h. 30 - 31 years old,AUTO_SHADOW_BAN_MEMBER_SCORE,0.039
2967,UK,GBP,69,0,3,4.83,2023-04-28 19:07:53,i. 32+ years old,NULL,0.007
1465,UK,GBP,453,1,11,4.89,2023-07-22 23:58:07,c. 16 - 16 years old,AUTO_SHADOW_BAN_SPAM_MODEL,0.021
1593,UK,GBP,48,3,11,4.18,2023-05-07 9:44:05,Unknown,NULL,0.018
617,IT,EUR,1,0,0,5,2024-06-26 10:21:18,Unknown,SHIPPING_SCAM,0.026
2068,UK,GBP,62,0,0,5,2022-01-24 22:27:17,Unknown,NULL,0.0109999999403953
1607,UK,GBP,62,0,0,5,2022-01-24 22:27:17,Unknown,NULL,0.0109999999403953
3623,UK,GBP,10,0,1,4.64,2023-04-27 7:41:24,Unknown,NULL,0.014
954,DE,EUR,0,0,0,NULL,2020-04-21 14:48:58,Unknown,NULL,NULL
697,DE,EUR,0,0,0,NULL,2020-04-21 14:48:58,Unknown,NULL,NULL
189,UK,GBP,355,0,3,4.96,2023-01-31 15:50:10,Unknown,NULL,0.011
3585,FR,EUR,409,0,1,4.98,2020-04-09 10:44:39,Unknown,NULL,0.00600000005215406
1639,UK,GBP,17,0,0,5,2022-05-08 13:33:02,Unknown,NULL,0.0089999996125698
1089,IT,EUR,1568,4,14,4.96,2021-01-14 19:14:20,Unknown,NULL,0.00600000005215406
616,UK,GBP,21,0,1,4.82,2021-09-26 7:57:08,d. 17 - 19 years old,NULL,0.00600000005215406
1983,DE,EUR,66,0,0,5,2016-10-21 16:44:26,Unknown,NULL,NULL
734,DE,EUR,66,0,0,5,2016-10-21 16:44:26,Unknown,NULL,NULL
1286,UK,GBP,16,0,0,5,2023-01-01 16:18:10,Unknown,NULL,0.013
2913,FR,EUR,10,0,0,5,2024-08-10 16:59:06,Unknown,NULL,0.008
47,UK,GBP,78,0,0,4.97,2022-06-10 10:36:31,f. 23 - 26 years old,NULL,0.00800000037997961
416,FR,EUR,15,1,0,4.88,2021-01-03 15:22:29,Unknown,NULL,0.00600000005215406
285,UK,GBP,30,0,0,5,2022-09-23 11:05:12,Unknown,AUTO_SHADOW_BAN_SPAM_MODEL,0.0109999999403953
360,UK,GBP,28,0,1,4.83,2023-05-02 0:28:06,e. 20 - 22 years old,AUTO_SHADOW_BAN_MEMBER_SCORE,0.014
875,UK,GBP,67,1,0,4.96,2023-05-25 15:08:49,d. 17 - 19 years old,NULL,0.013
1335,UK,GBP,183,2,15,4.68,2023-03-01 20:06:24,f. 23 - 26 years old,NULL,0.011
165,IT,EUR,514,3,8,4.91,2021-01-16 7:41:35,i. 32+ years old,NULL,0.00600000005215406
3345,UK,GBP,0,0,0,NULL,2024-08-04 16:13:50,Unknown,NULL,0.503
443,UK,GBP,224,0,11,4.8,2022-11-16 15:22:08,Unknown,NULL,0.013
2666,IT,EUR,1,0,0,5,2024-06-14 20:29:58,i. 32+ years old,SCAM_OTHER,0.036
1585,DE,EUR,12,0,0,5,2019-12-08 15:40:52,f. 23 - 26 years old,NULL,NULL
490,DE,EUR,12,0,0,5,2019-12-08 15:40:52,f. 23 - 26 years old,NULL,NULL
1590,NL,EUR,70,0,2,4.92,2020-10-03 11:51:18,f. 23 - 26 years old,NULL,0.00600000005215406
1501,UK,GBP,76,1,2,4.86,2021-06-06 13:10:31,Unknown,NULL,0.00600000005215406
1375,UK,GBP,144,0,1,4.97,2024-01-01 3:07:04,i. 32+ years old,NULL,0.015
1337,IT,EUR,37,1,1,4.82,2024-02-18 16:55:56,i. 32+ years old,AUTO_SHADOW_BAN_SPAM_MODEL,0.065
322,UK,GBP,134,1,0,4.99,2023-08-03 5:51:19,Unknown,NULL,0.022
914,UK,GBP,248,0,0,4.99,2021-02-14 21:25:46,g. 27 - 29 years old,NULL,0.00600000005215406
182,NL,EUR,26,0,0,4.92,2023-01-10 19:53:10,Unknown,NULL,0.006
1877,BE,EUR,110,1,15,4.48,2019-05-08 18:50:10,e. 20 - 22 years old,NULL,0.00600000005215406
3462,UK,GBP,17,0,3,4.4,2022-12-07 23:48:09,Unknown,NULL,0.007
1161,UK,GBP,383,0,2,4.98,2022-10-28 7:00:16,Unknown,AUTO_SHADOW_BAN_SPAM_MODEL,0.019
3217,UK,GBP,30,1,1,4.81,2023-05-25 16:47:06,i. 32+ years old,NULL,0.006
2021,FR,EUR,225,3,2,4.91,2018-05-10 18:12:08,Unknown,NULL,0.00600000005215406
1491,IT,EUR,172,2,7,4.79,2022-06-23 13:02:25,Unknown,AUTO_SHADOW_BAN_SPAM_MODEL,0.00800000037997961
2383,FR,EUR,969,3,24,4.87,2018-11-03 15:23:09,Unknown,REPLICA_SELLER,0.00600000005215406
3124,UK,GBP,2,0,0,5,2023-06-05 14:33:38,Unknown,NULL,0.006
1956,UK,GBP,77,0,0,4.99,2021-08-18 13:25:13,Unknown,NULL,0.00600000005215406
2891,FR,EUR,31,0,0,5,2022-01-10 23:42:54,Unknown,NULL,0.00800000037997961
1355,FR,EUR,31,0,0,5,2022-01-10 23:42:54,Unknown,NULL,0.00800000037997961
2020,UK,GBP,3,0,0,5,2022-12-30 12:15:15,Unknown,NULL,0.011
3441,DE,EUR,0,0,0,NULL,2016-06-26 15:06:07,Unknown,NULL,NULL
778,DE,EUR,0,0,0,NULL,2016-06-26 15:06:07,Unknown,NULL,NULL
3395,DE,EUR,3,0,0,5,2019-09-27 8:42:10,Unknown,NULL,NULL
31,DE,EUR,3,0,0,5,2019-09-27 8:42:10,Unknown,NULL,NULL
3128,UK,GBP,6,0,0,5,2024-04-09 14:32:20,Unknown,NULL,0.013
2759,FR,EUR,192,2,2,4.91,2022-06-12 17:05:56,Unknown,NULL,0.0170000009238719
1319,UK,GBP,5,0,0,5,2023-01-08 20:27:21,Unknown,NULL,0.015
1821,IT,EUR,45,0,1,4.91,2022-11-08 20:58:52,Unknown,AUTO_SHADOW_BAN_MEMBER_SCORE,0.015
2923,UK,GBP,31,0,0,5,2021-05-16 14:15:35,Unknown,NULL,0.00600000005215406
584,FR,EUR,95,1,8,4.66,2017-08-23 14:50:33,Unknown,SHIPPING_SCAM,0.00600000005215406
1498,UK,GBP,1760,2,18,4.95,2018-07-14 13:03:43,Unknown,AUTO_PHISHING_URL_REVIEW,0.00600000005215406
100,UK,GBP,200,1,3,4.92,2024-03-28 17:27:06,Unknown,REPLICA_OFFENDER,0.015
3378,PL,PLN,0,0,0,NULL,2019-11-08 4:49:41,Unknown,NULL,NULL
2945,PL,PLN,0,0,0,NULL,2019-11-08 4:49:41,Unknown,NULL,NULL
1044,PL,PLN,0,0,0,NULL,2019-11-08 4:49:41,Unknown,NULL,NULL
814,FR,EUR,393,0,10,4.89,2018-04-13 12:50:31,Unknown,NULL,0.00600000005215406
1099,NL,EUR,22,2,0,4.79,2019-09-02 16:37:52,d. 17 - 19 years old,NULL,0.00600000005215406
14,IT,EUR,10,0,1,4.64,2021-01-09 22:10:49,i. 32+ years old,NULL,0.00600000005215406
1002,FR,EUR,205,2,1,4.96,2018-10-14 19:53:54,i. 32+ years old,NULL,0.00600000005215406
2456,NL,EUR,93,0,17,4.34,2022-06-18 14:18:22,Unknown,NULL,0.00800000037997961
968,UK,GBP,39,0,4,4.58,2021-06-21 14:12:11,d. 17 - 19 years old,NULL,0.00600000005215406
1665,UK,GBP,218,0,0,5,2022-04-08 17:27:25,Unknown,NULL,0.00800000037997961
1602,BE,EUR,6,0,2,4,2021-08-05 10:14:30,Unknown,NULL,0.00600000005215406
2393,UK,GBP,27,0,1,4.82,2022-01-04 21:52:07,Unknown,NULL,0.00999999977648258
1908,UK,GBP,27,0,1,4.82,2022-01-04 21:52:07,Unknown,NULL,0.00999999977648258
2430,UK,GBP,119,0,0,5,2022-09-13 7:21:31,Unknown,NULL,0.0140000004321336
797,FR,EUR,391,2,62,4.45,2022-10-09 20:32:43,Unknown,AUTO_SHADOW_BAN_SPAM_MODEL,0.0179999992251396
2904,UK,GBP,52,0,0,5,2021-09-27 21:34:59,Unknown,NULL,0.00600000005215406
2432,UK,GBP,52,0,0,5,2021-09-27 21:34:59,Unknown,NULL,0.00600000005215406
109,IT,EUR,13,0,0,5,2023-01-02 15:54:21,Unknown,NULL,0.104
1870,UK,GBP,104,1,2,4.89,2024-01-22 20:01:02,Unknown,NULL,0.043
17,UK,GBP,35,0,3,4.68,2022-12-07 22:48:39,Unknown,NULL,0.02
2646,US,USD,0,0,0,NULL,2017-03-01 9:30:45,f. 23 - 26 years old,NULL,NULL
713,US,USD,0,0,0,NULL,2017-03-01 9:30:45,f. 23 - 26 years old,NULL,NULL
3302,UK,GBP,0,0,0,NULL,2021-12-06 23:59:20,Unknown,NULL,0.0199999995529651
2784,UK,GBP,0,0,0,NULL,2021-12-06 23:59:20,Unknown,NULL,0.0199999995529651
2264,PL,PLN,31,1,7,4.28,2023-05-21 4:18:09,Unknown,NULL,0.115
3619,DE,EUR,232,0,0,5,2020-01-18 14:57:29,Unknown,AUTO_SHADOW_BAN_MEMBER_SCORE,0.00600000005215406
1547,UK,GBP,18,1,1,4.7,2023-02-27 21:38:55,Unknown,NULL,0.015
3252,UK,GBP,1,0,1,3,2023-11-24 4:27:25,Unknown,SCAM_OTHER,0.029
1760,UK,GBP,114,0,0,5,2021-07-27 14:06:41,Unknown,NULL,0.00600000005215406
419,FR,EUR,1,0,0,5,2022-05-29 14:10:21,e. 20 - 22 years old,NULL,0.014
670,FR,EUR,714,2,6,4.95,2020-11-16 19:38:11,i. 32+ years old,NULL,0.00600000005215406
2806,UK,GBP,112,0,1,4.96,2021-04-01 11:33:22,Unknown,NULL,0.00600000005215406
1434,UK,GBP,4,0,0,5,2022-11-10 21:19:34,Unknown,NULL,0.009
822,FR,EUR,2019,7,9,4.97,2020-01-25 21:18:53,Unknown,NULL,0.00600000005215406
3649,DE,EUR,9,0,0,5,2014-10-07 7:57:44,i. 32+ years old,NULL,NULL
3054,DE,EUR,9,0,0,5,2014-10-07 7:57:44,i. 32+ years old,NULL,NULL
2676,DE,EUR,9,0,0,5,2014-10-07 7:57:44,i. 32+ years old,NULL,NULL
1569,DE,EUR,9,0,0,5,2014-10-07 7:57:44,i. 32+ years old,NULL,NULL
1358,DE,EUR,9,0,0,5,2014-10-07 7:57:44,i. 32+ years old,NULL,NULL
813,DE,EUR,9,0,0,5,2014-10-07 7:57:44,i. 32+ years old,NULL,NULL
803,DE,EUR,9,0,0,5,2014-10-07 7:57:44,i. 32+ years old,NULL,NULL
59,UK,GBP,10,0,0,5,2023-07-04 8:46:18,Unknown,NULL,0.01
3266,DE,EUR,0,0,0,NULL,2018-01-21 18:38:24,Unknown,NULL,NULL
1623,DE,EUR,0,0,0,NULL,2018-01-21 18:38:24,Unknown,NULL,NULL
2259,NL,EUR,98,0,1,4.92,2019-09-11 14:24:54,i. 32+ years old,NULL,0.00600000005215406
2842,ES,EUR,33,0,6,4.31,2019-09-12 15:14:40,Unknown,NULL,0.00600000005215406
1263,DE,EUR,4,0,0,5,2020-07-14 9:26:45,Unknown,NULL,NULL
478,DE,EUR,4,0,0,5,2020-07-14 9:26:45,Unknown,NULL,NULL
2198,FR,EUR,30,1,0,4.9,2020-10-22 20:24:36,Unknown,NULL,0.00600000005215406
1977,DE,EUR,0,0,0,NULL,2017-05-12 16:50:27,Unknown,NULL,NULL
1613,DE,EUR,0,0,0,NULL,2017-05-12 16:50:27,Unknown,NULL,NULL
1762,NL,EUR,65,0,1,4.92,2019-10-18 16:59:29,d. 17 - 19 years old,NULL,0.00600000005215406
3515,FR,EUR,273,1,5,4.92,2023-02-18 16:53:00,Unknown,NULL,0.009
654,UK,GBP,9,0,0,5,2024-08-15 12:26:08,Unknown,AUTO_SHADOW_BAN_MSG_SIMILARITY,0.016
3336,UK,GBP,5,0,0,5,2022-09-15 10:36:45,Unknown,NULL,0.0130000002682209
1652,UK,GBP,120,1,10,4.68,2023-06-03 23:11:15,Unknown,NULL,0.006
2154,FR,EUR,33,0,5,4.47,2019-12-12 16:49:16,Unknown,NULL,0.00600000005215406
1131,FR,EUR,28,0,13,3.68,2024-01-20 20:36:35,Unknown,AUTO_SHADOW_BAN_MEMBER_SCORE,0.101
286,UK,GBP,122,0,0,4.99,2021-10-02 18:49:00,Unknown,NULL,0.00600000005215406
3100,DE,EUR,0,0,0,NULL,2014-11-16 19:53:38,Unknown,NULL,NULL
2610,DE,EUR,0,0,0,NULL,2014-11-16 19:53:38,Unknown,NULL,NULL
1923,DE,EUR,0,0,0,NULL,2014-11-16 19:53:38,Unknown,NULL,NULL
1381,DE,EUR,0,0,0,NULL,2014-11-16 19:53:38,Unknown,NULL,NULL
1280,DE,EUR,0,0,0,NULL,2014-11-16 19:53:38,Unknown,NULL,NULL
304,DE,EUR,0,0,0,NULL,2014-11-16 19:53:38,Unknown,NULL,NULL
274,DE,EUR,0,0,0,NULL,2014-11-16 19:53:38,Unknown,NULL,NULL
866,NL,EUR,72,0,1,4.93,2023-08-21 20:30:41,Unknown,NULL,0.017
200,UK,GBP,326,1,38,4.56,2021-12-15 21:28:47,d. 17 - 19 years old,NULL,0.00999999977648258
98,UK,GBP,326,1,38,4.56,2021-12-15 21:28:47,d. 17 - 19 years old,NULL,0.00999999977648258
3385,UK,GBP,0,0,0,NULL,2024-08-17 18:18:56,Unknown,NULL,0.215
183,FR,EUR,1204,9,8,4.95,2018-09-17 13:26:30,i. 32+ years old,NULL,0.00600000005215406
429,FR,EUR,410,3,0,4.97,2021-04-17 16:47:49,Unknown,NULL,0.00600000005215406
3612,UK,GBP,556,3,5,4.94,2022-07-13 20:46:22,f. 23 - 26 years old,NULL,0.0140000004321336
2950,DE,EUR,91,0,2,4.9,2016-09-28 18:48:54,c. 16 - 16 years old,NULL,NULL
1645,DE,EUR,91,0,2,4.9,2016-09-28 18:48:54,c. 16 - 16 years old,NULL,NULL
1341,UK,GBP,11,0,0,5,2024-01-13 11:11:40,Unknown,NULL,0.011
1118,UK,GBP,28,0,0,5,2022-11-17 21:06:59,f. 23 - 26 years old,NULL,0.019
3671,FR,EUR,71,0,5,4.72,2017-08-25 12:45:17,Unknown,NULL,0.00600000005215406
86,UK,GBP,178,0,1,4.97,2023-06-05 21:44:54,i. 32+ years old,NULL,0.023
405,FR,EUR,160,0,4,4.9,2020-12-12 23:40:31,Unknown,NULL,0.00600000005215406
2985,UK,GBP,154,0,6,4.85,2022-02-18 21:26:48,Unknown,NULL,0.10700000077486
354,IT,EUR,24,1,0,4.92,2022-03-31 19:16:16,e. 20 - 22 years old,AUTO_SHADOW_BAN_MEMBER_SCORE,0.0340000018477439
594,NL,EUR,322,4,8,4.82,2020-06-14 10:38:38,e. 20 - 22 years old,AUTO_SHADOW_BAN_SPAM_MODEL,0.00600000005215406
2103,AT,EUR,0,0,0,NULL,2020-05-10 8:46:10,Unknown,NULL,NULL
735,AT,EUR,0,0,0,NULL,2020-05-10 8:46:10,Unknown,NULL,NULL
2668,US,USD,0,0,0,NULL,2016-09-13 19:30:57,Unknown,NULL,NULL
2346,US,USD,0,0,0,NULL,2016-09-13 19:30:57,Unknown,NULL,NULL
1900,IT,EUR,58,1,7,4.55,2018-08-01 23:44:18,e. 20 - 22 years old,NULL,0.00600000005215406
2091,UK,GBP,173,0,0,4.98,2023-09-17 17:48:22,Unknown,NULL,0.013
2888,UK,GBP,41,1,0,4.95,2022-10-22 16:06:56,Unknown,NULL,0.011
3297,DE,EUR,5,0,0,5,2020-06-09 14:27:43,Unknown,NULL,NULL
816,DE,EUR,5,0,0,5,2020-06-09 14:27:43,Unknown,NULL,NULL
3073,UK,GBP,4092,16,176,4.82,2021-02-06 11:11:30,Unknown,NULL,0.00600000005215406
2285,UK,GBP,128,0,41,4.03,2022-10-22 16:03:54,Unknown,NULL,0.011
12,ES,EUR,39,0,1,4.9,2023-12-23 12:21:03,Unknown,AUTO_SHADOW_BAN_SPAM_MODEL,0.009
2329,FR,EUR,836,5,87,4.61,2020-02-09 15:26:46,h. 30 - 31 years old,AUTO_SHADOW_BAN_SPAM_MODEL,0.00600000005215406
1731,UK,GBP,1685,4,35,4.91,2020-09-15 15:26:46,i. 32+ years old,AUTO_SHADOW_BAN_MSG_SIMILARITY,0.00600000005215406
1476,UK,GBP,18,0,2,4.6,2023-01-14 14:02:26,Unknown,NULL,0.013
2557,DE,EUR,0,0,0,NULL,2020-11-01 17:28:17,Unknown,NULL,NULL
2248,DE,EUR,0,0,0,NULL,2020-11-01 17:28:17,Unknown,NULL,NULL
2507,DE,EUR,0,0,0,NULL,2020-10-27 18:27:31,Unknown,NULL,NULL
806,DE,EUR,0,0,0,NULL,2020-10-27 18:27:31,Unknown,NULL,NULL
3570,ES,EUR,91,3,6,4.63,2019-02-17 23:14:27,i. 32+ years old,NULL,0.00600000005215406
937,UK,GBP,98,0,1,4.95,2022-08-14 11:29:00,c. 16 - 16 years old,NULL,0.0170000009238719
3143,UK,GBP,16,0,0,5,2022-09-14 19:10:09,Unknown,NULL,0.0189999993890523
1857,FR,EUR,33,0,0,5,2019-01-08 8:03:01,Unknown,NULL,0.00600000005215406
290,UK,GBP,10,0,0,5,2023-03-11 8:52:37,Unknown,NULL,0.007
1233,UK,GBP,345,0,16,4.81,2013-09-14 9:59:41,e. 20 - 22 years old,NULL,0.00600000005215406
2337,FR,EUR,98,0,1,4.95,2021-07-28 14:05:01,Unknown,AUTO_SHADOW_BAN_SPAM_MODEL,0.00600000005215406
884,UK,GBP,133,1,0,4.99,2022-04-15 15:23:11,Unknown,NULL,0.0130000002682209
3130,UK,GBP,74,0,1,4.95,2022-05-18 23:26:34,Unknown,NULL,0.00999999977648258
2791,UK,GBP,167,2,4,4.86,2023-06-06 10:42:13,Unknown,NULL,0.115
3181,BE,EUR,412,3,29,4.7,2018-10-29 22:10:57,Unknown,NULL,0.00600000005215406
1137,UK,GBP,454,2,29,4.75,2023-08-23 3:08:54,i. 32+ years old,AUTO_SHADOW_BAN_MSG_SIMILARITY,0.011
2245,UK,GBP,131,1,1,4.95,2023-06-20 21:05:30,Unknown,NULL,0.021
3343,UK,GBP,0,0,0,NULL,2014-04-27 6:22:00,Unknown,NULL,NULL
3265,UK,GBP,0,0,0,NULL,2014-04-27 6:22:00,Unknown,NULL,NULL
2946,UK,GBP,0,0,0,NULL,2014-04-27 6:22:00,Unknown,NULL,NULL
2591,UK,GBP,0,0,0,NULL,2014-04-27 6:22:00,Unknown,NULL,NULL
2511,UK,GBP,0,0,0,NULL,2014-04-27 6:22:00,Unknown,NULL,NULL
2402,UK,GBP,0,0,0,NULL,2014-04-27 6:22:00,Unknown,NULL,NULL
2292,UK,GBP,0,0,0,NULL,2014-04-27 6:22:00,Unknown,NULL,NULL
401,UK,GBP,0,0,0,NULL,2014-04-27 6:22:00,Unknown,NULL,NULL
136,UK,GBP,0,0,0,NULL,2014-04-27 6:22:00,Unknown,NULL,NULL
1859,UK,GBP,508,1,4,4.96,2022-04-25 13:39:47,Unknown,NULL,0.0120000001043081
1888,UK,GBP,14,0,0,5,2023-11-17 16:53:14,Unknown,NULL,0.038
3633,US,USD,0,0,0,NULL,2014-02-05 3:39:31,Unknown,NULL,NULL
3241,US,USD,0,0,0,NULL,2014-02-05 3:39:31,Unknown,NULL,NULL
3000,US,USD,0,0,0,NULL,2014-02-05 3:39:31,Unknown,NULL,NULL
2395,US,USD,0,0,0,NULL,2014-02-05 3:39:31,Unknown,NULL,NULL
2128,US,USD,0,0,0,NULL,2014-02-05 3:39:31,Unknown,NULL,NULL
1759,US,USD,0,0,0,NULL,2014-02-05 3:39:31,Unknown,NULL,NULL
1470,US,USD,0,0,0,NULL,2014-02-05 3:39:31,Unknown,NULL,NULL
1979,DE,EUR,0,0,0,NULL,2020-02-09 17:55:51,Unknown,NULL,NULL
1484,DE,EUR,0,0,0,NULL,2020-02-09 17:55:51,Unknown,NULL,NULL
15,UK,GBP,394,1,29,4.71,2022-08-22 20:47:16,Unknown,NULL,0.00999999977648258
3695,PT,EUR,17,0,1,4.78,2023-06-04 19:53:31,Unknown,REPLICA_SELLER,0.015
1398,FR,EUR,97,2,8,4.64,2018-05-18 15:37:46,Unknown,NULL,0.00600000005215406
2072,UK,GBP,76,0,14,4.37,2021-01-21 14:49:36,Unknown,NULL,0.00600000005215406
1365,UK,GBP,524,1,15,4.87,2023-05-09 9:25:54,Unknown,SCAM_OTHER,0.009
982,FR,EUR,94,0,13,4.5,2017-04-26 11:01:49,d. 17 - 19 years old,NULL,0.00600000005215406
1628,FR,EUR,1009,1,17,4.92,2018-11-20 11:45:23,i. 32+ years old,NULL,0.00600000005215406
856,UK,GBP,37,0,2,4.79,2012-07-29 10:14:28,c. 16 - 16 years old,NULL,0.00600000005215406
1086,UK,GBP,78,0,3,4.85,2023-10-25 22:46:59,Unknown,NULL,0.013
3352,UK,GBP,25,0,0,5,2024-01-09 16:31:34,i. 32+ years old,NULL,0.01
514,FR,EUR,326,1,0,4.99,2019-12-29 18:46:35,Unknown,NULL,0.00600000005215406
2571,UK,GBP,17,0,2,4.58,2024-02-18 20:20:13,Unknown,NULL,0.028
3605,UK,GBP,154,0,2,4.95,2022-08-02 16:39:40,h. 30 - 31 years old,NULL,0.00700000021606683
2872,NL,EUR,40,1,1,4.86,2020-07-01 11:42:44,b. 13 - 15 years old,NULL,0.00600000005215406
3478,FR,EUR,124,0,0,4.99,2022-10-10 17:03:36,Unknown,AUTO_SHADOW_BAN_SPAM_MODEL,0.100000001490116
3532,CZ,CZK,0,0,0,NULL,2014-04-17 10:48:06,Unknown,NULL,NULL
2965,CZ,CZK,0,0,0,NULL,2014-04-17 10:48:06,Unknown,NULL,NULL
1651,CZ,CZK,0,0,0,NULL,2014-04-17 10:48:06,Unknown,NULL,NULL
1437,CZ,CZK,0,0,0,NULL,2014-04-17 10:48:06,Unknown,NULL,NULL
1095,CZ,CZK,0,0,0,NULL,2014-04-17 10:48:06,Unknown,NULL,NULL
908,CZ,CZK,0,0,0,NULL,2014-04-17 10:48:06,Unknown,NULL,NULL
843,CZ,CZK,0,0,0,NULL,2014-04-17 10:48:06,Unknown,NULL,NULL
674,CZ,CZK,0,0,0,NULL,2014-04-17 10:48:06,Unknown,NULL,NULL
26,CZ,CZK,0,0,0,NULL,2014-04-17 10:48:06,Unknown,NULL,NULL
3426,PL,PLN,652,0,14,4.91,2019-06-16 11:28:57,Unknown,AUTO_PHISHING_IMAGE_REVIEW,0.00600000005215406
1485,UK,GBP,32,0,0,5,2021-11-23 22:07:31,Unknown,REPLICA_OFFENDER,0.00999999977648258
1210,UK,GBP,32,0,0,5,2021-11-23 22:07:31,Unknown,REPLICA_OFFENDER,0.00999999977648258
1689,DE,EUR,0,0,0,NULL,2016-08-09 20:43:40,Unknown,NULL,NULL
1385,DE,EUR,0,0,0,NULL,2016-08-09 20:43:40,Unknown,NULL,NULL
2174,DE,EUR,2,0,0,5,2018-03-09 23:22:30,f. 23 - 26 years old,NULL,NULL
1909,DE,EUR,2,0,0,5,2018-03-09 23:22:30,f. 23 - 26 years old,NULL,NULL
472,UK,GBP,58,0,1,4.92,2022-10-01 19:08:15,Unknown,NULL,0.0149999996647238
2197,UK,GBP,194,0,6,4.87,2023-10-27 23:00:23,Unknown,SCAM_OTHER,0.474000006914138
1410,FR,EUR,13,0,0,5,2023-05-22 9:47:53,i. 32+ years old,NULL,0.027
2474,UK,GBP,126,0,1,4.96,2021-09-09 15:50:35,Unknown,NULL,0.00600000005215406
1122,UK,GBP,126,0,1,4.96,2021-09-09 15:50:35,Unknown,NULL,0.00600000005215406
1202,UK,GBP,99,0,0,4.99,2022-10-12 8:05:27,Unknown,NULL,0.012
3026,FR,EUR,6,0,1,4.57,2019-08-02 7:49:19,Unknown,NULL,0.00600000005215406
2652,UK,GBP,101,0,0,5,2021-07-22 22:40:46,i. 32+ years old,NULL,0.00600000005215406
3149,ES,EUR,18,0,0,4.89,2022-09-20 19:50:37,d. 17 - 19 years old,NULL,0.0109999999403953
3425,UK,GBP,53,0,3,4.77,2023-02-03 1:35:48,Unknown,NULL,0.006
1188,UK,GBP,78,0,1,4.95,2022-03-09 20:41:55,Unknown,NULL,0.0260000005364418
1133,RO,RON,30,0,0,5,2023-07-03 3:17:22,Unknown,AUTO_SHADOW_BAN_SPAM_MODEL,0.013
3504,FR,EUR,414,2,10,4.88,2018-02-25 19:35:14,i. 32+ years old,NULL,0.00600000005215406
259,UK,GBP,1844,8,11,4.96,2021-10-18 15:53:22,e. 20 - 22 years old,NULL,0.00600000005215406
1818,NL,EUR,18,1,1,4.7,2023-09-21 18:07:22,Unknown,NULL,0.076
1282,UK,GBP,483,1,15,4.87,2020-08-02 16:17:29,Unknown,NULL,0.00600000005215406
3552,FR,EUR,1096,3,17,4.92,2019-06-21 9:12:40,h. 30 - 31 years old,NULL,0.00600000005215406
1574,UK,GBP,530,0,8,4.94,2021-09-01 10:07:27,Unknown,NULL,0.00600000005215406
3371,UK,GBP,47,0,0,5,2022-03-20 20:46:41,Unknown,NULL,0.00700000021606683
3393,PL,PLN,0,0,0,NULL,2014-09-20 7:32:39,Unknown,NULL,NULL
2975,PL,PLN,0,0,0,NULL,2014-09-20 7:32:39,Unknown,NULL,NULL
2684,PL,PLN,0,0,0,NULL,2014-09-20 7:32:39,Unknown,NULL,NULL
2041,PL,PLN,0,0,0,NULL,2014-09-20 7:32:39,Unknown,NULL,NULL
1708,PL,PLN,0,0,0,NULL,2014-09-20 7:32:39,Unknown,NULL,NULL
1239,PL,PLN,0,0,0,NULL,2014-09-20 7:32:39,Unknown,NULL,NULL
819,PL,PLN,0,0,0,NULL,2014-09-20 7:32:39,Unknown,NULL,NULL
362,PL,PLN,0,0,0,NULL,2014-09-20 7:32:39,Unknown,NULL,NULL
211,PL,PLN,0,0,0,NULL,2014-09-20 7:32:39,Unknown,NULL,NULL
2517,FR,EUR,646,0,3,4.98,2020-10-22 17:06:17,h. 30 - 31 years old,NULL,0.00600000005215406
1773,NL,EUR,148,1,2,4.93,2021-02-22 19:03:31,Unknown,NULL,0.00600000005215406
760,FR,EUR,33,0,0,4.97,2023-08-13 19:56:22,Unknown,AUTO_SHADOW_BAN_SPAM_MODEL,0.048
2415,NL,EUR,95,0,2,4.9,2021-05-03 10:17:43,e. 20 - 22 years old,NULL,0.00600000005215406
2976,UK,GBP,10,0,0,5,2024-05-24 19:42:48,Unknown,NULL,0.036
667,DE,EUR,5,1,0,4.67,2017-04-14 12:07:36,Unknown,NULL,NULL
353,DE,EUR,5,1,0,4.67,2017-04-14 12:07:36,Unknown,NULL,NULL
1862,FR,EUR,67,0,4,4.73,2018-01-04 19:43:18,Unknown,NULL,0.00600000005215406
1023,FR,EUR,67,0,4,4.73,2018-01-04 19:43:18,Unknown,NULL,0.00600000005215406
2971,UK,GBP,22,0,0,5,2024-03-18 21:43:26,Unknown,REPLICA_OFFENDER,0.036
3210,ES,EUR,143,0,6,4.83,2018-07-27 21:47:23,Unknown,ACCOUNT_COMPROMISED,0.00600000005215406
3034,CZ,CZK,433,0,0,5,2020-08-28 19:28:17,Unknown,AUTO_SHADOW_BAN_SPAM_MODEL,0.00600000005215406
328,CZ,CZK,433,0,0,5,2020-08-28 19:28:17,Unknown,AUTO_SHADOW_BAN_SPAM_MODEL,0.00600000005215406
432,UK,GBP,24,0,1,4.8,2024-02-25 20:57:40,Unknown,NULL,0.026
3230,IT,EUR,79,0,5,4.71,2021-03-19 0:42:07,Unknown,AUTO_SHADOW_BAN_MEMBER_SCORE,0.00600000005215406
3031,UK,GBP,78,0,0,4.99,2021-06-22 12:07:03,Unknown,NULL,0.00600000005215406
2860,UK,GBP,283,0,0,5,2023-01-30 22:08:33,Unknown,NULL,0.023
1085,NL,EUR,1354,9,4,4.96,2019-06-17 14:47:13,g. 27 - 29 years old,NULL,0.00600000005215406
2774,DE,EUR,1,0,0,5,2016-02-26 9:09:17,e. 20 - 22 years old,NULL,NULL
2136,DE,EUR,1,0,0,5,2016-02-26 9:09:17,e. 20 - 22 years old,NULL,NULL
993,DE,EUR,1,0,0,5,2016-02-26 9:09:17,e. 20 - 22 years old,NULL,NULL
898,DE,EUR,1,0,0,5,2016-02-26 9:09:17,e. 20 - 22 years old,NULL,NULL
830,DE,EUR,1,0,0,5,2016-02-26 9:09:17,e. 20 - 22 years old,NULL,NULL
292,DE,EUR,1,0,0,5,2016-02-26 9:09:17,e. 20 - 22 years old,NULL,NULL
2582,UK,GBP,378,0,2,4.97,2022-04-27 14:22:52,Unknown,NULL,0.00600000005215406
2620,UK,GBP,383,0,2,4.98,2021-10-18 15:46:44,Unknown,NULL,0.00600000005215406
999,UK,GBP,61,0,5,4.7,2022-04-10 15:05:23,Unknown,NULL,0.00800000037997961
138,FR,EUR,194,1,30,4.46,2022-08-13 11:11:57,f. 23 - 26 years old,NULL,0.0780000016093254
3662,DE,EUR,1,0,0,5,2020-07-06 14:45:30,Unknown,NULL,NULL
3525,DE,EUR,1,0,0,5,2020-07-06 14:45:30,Unknown,NULL,NULL
1944,NL,EUR,22,0,1,4.83,2020-09-06 19:30:37,Unknown,NULL,0.00600000005215406
2629,NL,EUR,117,0,1,4.95,2019-10-12 14:24:11,Unknown,NULL,0.00600000005215406
1989,UK,GBP,6,0,0,5,2023-10-23 8:09:17,Unknown,NULL,0.012
3403,IT,EUR,61,0,0,4.98,2021-03-07 21:43:41,Unknown,AUTO_SHADOW_BAN_SPAM_MODEL,0.00600000005215406
317,UK,GBP,62,0,6,4.65,2021-05-05 13:43:36,f. 23 - 26 years old,AUTO_SHADOW_BAN_MSG_SIMILARITY,0.00600000005215406
1808,UK,GBP,654,2,6,4.95,2021-09-23 12:54:29,g. 27 - 29 years old,NULL,0.00600000005215406
3631,UK,GBP,1,0,0,5,2024-06-27 7:30:46,Unknown,NULL,0.011
340,UK,GBP,204,0,12,4.78,2021-05-10 7:54:57,g. 27 - 29 years old,REPLICA_SELLER,0.00600000005215406
1662,DE,EUR,0,0,0,NULL,2019-04-24 15:06:26,Unknown,NULL,NULL
774,DE,EUR,0,0,0,NULL,2019-04-24 15:06:26,Unknown,NULL,NULL
3281,DE,EUR,0,0,0,NULL,2020-03-29 9:15:01,Unknown,NULL,NULL
2948,DE,EUR,0,0,0,NULL,2020-03-29 9:15:01,Unknown,NULL,NULL
1380,UK,GBP,129,0,2,4.94,2022-05-15 8:31:28,Unknown,NULL,0.00600000005215406
2535,IT,EUR,0,0,0,0,2021-01-31 6:04:54,Unknown,NULL,0.00600000005215406
1259,UK,GBP,36,0,3,4.69,2023-03-26 21:20:29,Unknown,NULL,0.012
794,UK,GBP,229,1,18,4.7,2024-05-07 21:43:01,Unknown,AUTO_SHADOW_BAN_IMPROPER_AVATAR,0.028
1646,PL,PLN,352,2,8,4.89,2022-10-03 8:47:51,Unknown,AUTO_SHADOW_BAN_MSG_SIMILARITY,0.0089999996125698
1544,FR,EUR,36,2,8,4.22,2023-02-24 18:00:45,d. 17 - 19 years old,AUTO_SHADOW_BAN_SPAM_MODEL,0.009
3450,UK,GBP,133,0,0,5,2024-01-25 10:50:45,i. 32+ years old,NULL,0.021
2515,UK,GBP,1874,10,4,4.97,2014-05-18 20:32:39,e. 20 - 22 years old,NULL,0.00600000005215406
2516,UK,GBP,394,2,31,4.69,2023-10-27 13:53:31,f. 23 - 26 years old,AUTO_PHISHING_IMAGE_REVIEW,0.015
1804,UK,GBP,20,0,0,5,2022-02-02 7:13:33,Unknown,NULL,0.00600000005215406
694,UK,GBP,20,0,0,5,2022-02-02 7:13:33,Unknown,NULL,0.00600000005215406
3555,FR,EUR,140,3,6,4.76,2019-04-06 19:08:09,Unknown,AUTO_SHADOW_BAN_MEMBER_SCORE,0.00600000005215406
3127,HU,HUF,241,0,35,4.49,2023-04-05 7:48:03,i. 32+ years old,AUTO_SHADOW_BAN_MSG_SIMILARITY,0.006
626,FR,EUR,223,1,0,4.98,2019-03-03 16:48:52,Unknown,NULL,0.00600000005215406
2688,FR,EUR,362,6,18,4.76,2022-09-23 6:57:55,i. 32+ years old,BLOCK_2PROFILES,0.0160000007599592
3495,UK,GBP,44,0,0,5,2022-11-15 10:57:11,Unknown,NULL,0.107
349,UK,GBP,43,0,0,5,2023-12-06 13:02:00,Unknown,NULL,0.049
2318,DE,EUR,1,0,0,5,2020-09-01 7:48:11,Unknown,NULL,NULL
268,DE,EUR,1,0,0,5,2020-09-01 7:48:11,Unknown,NULL,NULL
2836,DE,EUR,0,0,0,NULL,2016-10-16 18:35:42,Unknown,NULL,NULL
2327,DE,EUR,0,0,0,NULL,2016-10-16 18:35:42,Unknown,NULL,NULL
2455,FR,EUR,462,5,32,4.7,2017-09-23 18:39:41,Unknown,NULL,0.00600000005215406
1068,SK,EUR,30,0,1,4.87,2022-09-09 7:54:52,Unknown,NULL,0.0130000002682209
3634,PL,PLN,9,0,0,5,2019-05-05 14:58:27,Unknown,NULL,NULL
3022,PL,PLN,9,0,0,5,2019-05-05 14:58:27,Unknown,NULL,NULL
2110,PL,PLN,9,0,0,5,2019-05-05 14:58:27,Unknown,NULL,NULL
570,PL,PLN,9,0,0,5,2019-05-05 14:58:27,Unknown,NULL,NULL
275,PL,PLN,9,0,0,5,2019-05-05 14:58:27,Unknown,NULL,NULL
2464,BE,EUR,42,0,0,5,2024-06-10 11:56:24,Unknown,NULL,0.118
2613,UK,GBP,394,0,7,4.92,2021-12-12 18:46:59,Unknown,NULL,0.0120000001043081
1249,UK,GBP,394,0,7,4.92,2021-12-12 18:46:59,Unknown,NULL,0.0120000001043081
1865,UK,GBP,882,0,5,4.97,2023-08-07 19:17:51,Unknown,NULL,0.117
2359,UK,GBP,198,0,0,4.99,2024-04-08 12:36:26,Unknown,NULL,0.02
214,UK,GBP,397,1,3,4.97,2018-05-28 15:28:55,Unknown,NULL,0.00600000005215406
2059,UK,GBP,34,0,0,5,2023-05-09 13:18:57,Unknown,NULL,0.017
1724,DE,EUR,0,0,0,NULL,2018-12-25 18:31:49,Unknown,NULL,NULL
746,DE,EUR,0,0,0,NULL,2018-12-25 18:31:49,Unknown,NULL,NULL
762,ES,EUR,4,0,0,5,2023-11-01 15:44:59,i. 32+ years old,NULL,0.023
3038,UK,GBP,128,0,0,4.98,2021-09-10 22:01:59,Unknown,NULL,0.00600000005215406
2968,UK,GBP,246,2,9,4.84,2020-09-02 17:20:08,i. 32+ years old,NULL,0.00600000005215406
230,UK,GBP,262,0,0,4.99,2021-12-04 22:51:44,i. 32+ years old,NULL,0.0120000001043081
1790,DE,EUR,10,0,0,5,2022-09-18 7:57:13,Unknown,NULL,0.0109999999403953
2808,UK,GBP,5,0,0,5,2024-04-10 10:12:20,Unknown,NULL,0.011
249,FR,EUR,310,2,3,4.93,2017-01-23 13:50:00,d. 17 - 19 years old,NULL,0.00600000005215406
1272,NL,EUR,308,3,15,4.78,2020-10-17 13:28:33,h. 30 - 31 years old,NULL,0.00600000005215406
2191,FR,EUR,766,17,16,4.85,2019-09-04 20:44:49,i. 32+ years old,NULL,0.00600000005215406
1304,UK,GBP,12,0,12,3,2021-03-31 18:32:31,Unknown,NULL,0.00600000005215406
1621,UK,GBP,170,1,2,4.94,2022-06-11 15:33:09,Unknown,REPLICA_4,0.0149999996647238
960,UK,GBP,26,0,0,5,2023-07-01 16:15:57,Unknown,NULL,0.245
3125,FR,EUR,80,0,8,4.61,2018-07-08 19:44:06,Unknown,NULL,0.00600000005215406
1258,UK,GBP,641,4,19,4.87,2024-03-05 17:33:53,Unknown,AUTO_SHADOW_BAN_MEMBER_SCORE,0.014
3446,UK,GBP,0,0,0,NULL,2024-06-25 16:13:01,Unknown,NULL,0.9
512,FR,EUR,67,0,5,4.72,2022-04-06 19:04:09,Unknown,NULL,0.00700000021606683
3553,FR,EUR,3,0,0,5,2024-06-07 13:32:15,Unknown,NULL,0.013
1891,UK,GBP,178,0,2,4.96,2022-05-02 8:35:02,g. 27 - 29 years old,NULL,0.00999999977648258
2235,UK,GBP,450,1,2,4.97,2023-05-30 11:51:15,i. 32+ years old,AUTO_SHADOW_BAN_MSG_SIMILARITY,0.134
3142,IT,EUR,46,0,7,4.43,2021-10-31 13:37:13,i. 32+ years old,NULL,0.00999999977648258
624,UK,GBP,13,0,1,4.64,2023-04-29 10:36:45,Unknown,NULL,0.013
1541,UK,GBP,196,1,1,4.96,2024-03-24 19:53:32,Unknown,NULL,0.011
1631,UK,GBP,15,0,1,4.75,2022-04-19 20:56:55,Unknown,NULL,0.0120000001043081
144,UK,GBP,6,0,0,5,2022-05-24 21:07:48,Unknown,NULL,0.0160000007599592
3035,DE,EUR,0,0,0,NULL,2018-11-14 8:45:51,g. 27 - 29 years old,NULL,NULL
1043,DE,EUR,0,0,0,NULL,2018-11-14 8:45:51,g. 27 - 29 years old,NULL,NULL
3653,US,USD,0,0,0,NULL,2014-02-23 21:51:33,Unknown,NULL,NULL
3601,US,USD,0,0,0,NULL,2014-02-23 21:51:33,Unknown,NULL,NULL
2981,US,USD,0,0,0,NULL,2014-02-23 21:51:33,Unknown,NULL,NULL
1523,US,USD,0,0,0,NULL,2014-02-23 21:51:33,Unknown,NULL,NULL
1164,US,USD,0,0,0,NULL,2014-02-23 21:51:33,Unknown,NULL,NULL
593,US,USD,0,0,0,NULL,2014-02-23 21:51:33,Unknown,NULL,NULL
70,US,USD,0,0,0,NULL,2014-02-23 21:51:33,Unknown,NULL,NULL
2049,UK,GBP,259,0,2,4.96,2022-03-23 13:04:56,Unknown,NULL,0.0120000001043081
1279,UK,GBP,667,3,16,4.9,2020-06-19 18:25:46,i. 32+ years old,NULL,0.00600000005215406
2258,IT,EUR,266,1,12,4.78,2022-01-21 5:51:57,i. 32+ years old,NULL,0.0149999996647238
2144,IT,EUR,266,1,12,4.78,2022-01-21 5:51:57,i. 32+ years old,NULL,0.0149999996647238
3433,UK,GBP,64,0,7,4.61,2022-10-03 18:16:31,Unknown,SCAM_OTHER,0.044
3653,UK,GBP,0,0,0,NULL,2014-09-01 16:12:25,Unknown,NULL,NULL
3601,UK,GBP,0,0,0,NULL,2014-09-01 16:12:25,Unknown,NULL,NULL
2981,UK,GBP,0,0,0,NULL,2014-09-01 16:12:25,Unknown,NULL,NULL
1523,UK,GBP,0,0,0,NULL,2014-09-01 16:12:25,Unknown,NULL,NULL
1164,UK,GBP,0,0,0,NULL,2014-09-01 16:12:25,Unknown,NULL,NULL
593,UK,GBP,0,0,0,NULL,2014-09-01 16:12:25,Unknown,NULL,NULL
70,UK,GBP,0,0,0,NULL,2014-09-01 16:12:25,Unknown,NULL,NULL
3416,UK,GBP,49,0,0,5,2022-11-07 1:02:09,Unknown,NULL,0.067
1183,UK,GBP,8,0,0,5,2023-06-09 21:52:13,Unknown,NULL,0.019
1013,HU,HUF,42,0,1,4.91,2023-11-04 11:01:53,Unknown,NULL,0.012
2991,UK,GBP,114,0,7,4.77,2021-04-27 16:36:50,Unknown,NULL,0.00600000005215406
1611,FR,EUR,0,0,0,NULL,2024-06-23 3:12:33,Unknown,NULL,0.308
1225,IT,EUR,4,0,0,5,2023-12-25 13:40:31,e. 20 - 22 years old,NULL,0.121
1550,FR,EUR,2311,13,24,4.94,2019-05-10 7:01:12,Unknown,NULL,0.00600000005215406
3686,FR,EUR,368,4,0,4.97,2016-11-01 6:47:51,d. 17 - 19 years old,NULL,0.00600000005215406
3463,PL,PLN,8,0,0,5,2023-10-10 17:43:08,Unknown,NULL,0.073
3184,FR,EUR,7,0,0,5,2023-09-02 11:45:07,Unknown,AUTO_SHADOW_BAN_SPAM_MODEL,0.023
1474,UK,GBP,164,0,0,4.99,2023-01-06 19:32:26,Unknown,NULL,0.008
2374,FR,EUR,1111,2,14,4.94,2017-09-04 15:04:47,f. 23 - 26 years old,NULL,0.00600000005215406
1472,UK,GBP,81,0,0,5,2023-09-13 10:36:20,Unknown,NULL,0.006
3449,UK,GBP,53,0,2,4.85,2022-05-21 10:38:46,Unknown,FRAUD_CARD,0.0160000007599592
3276,AT,EUR,0,0,0,NULL,2015-11-27 11:40:37,Unknown,NULL,NULL
708,AT,EUR,0,0,0,NULL,2015-11-27 11:40:37,Unknown,NULL,NULL
3358,CZ,CZK,0,0,0,NULL,2016-09-13 7:19:07,Unknown,NULL,NULL
1816,CZ,CZK,0,0,0,NULL,2016-09-13 7:19:07,Unknown,NULL,NULL
1805,CZ,CZK,0,0,0,NULL,2016-09-13 7:19:07,Unknown,NULL,NULL
1582,CZ,CZK,0,0,0,NULL,2016-09-13 7:19:07,Unknown,NULL,NULL
975,CZ,CZK,0,0,0,NULL,2016-09-13 7:19:07,Unknown,NULL,NULL
688,CZ,CZK,0,0,0,NULL,2016-09-13 7:19:07,Unknown,NULL,NULL
3340,UK,GBP,166,0,0,5,2022-10-19 21:59:31,Unknown,NULL,0.039
122,UK,GBP,174,0,1,4.97,2023-04-13 16:37:14,Unknown,AUTO_SHADOW_BAN_MSG_SIMILARITY,0.006
2601,UK,GBP,259,1,0,4.97,2023-01-04 13:45:38,i. 32+ years old,NULL,0.015
2978,BE,EUR,438,6,17,4.8,2018-11-16 21:36:21,h. 30 - 31 years old,NULL,0.00600000005215406
1454,UK,GBP,27,0,3,4.6,2022-01-03 11:25:09,h. 30 - 31 years old,NULL,0.0879999995231628
52,UK,GBP,27,0,3,4.6,2022-01-03 11:25:09,h. 30 - 31 years old,NULL,0.0879999995231628
312,UK,GBP,70,0,0,5,2014-03-29 22:17:51,g. 27 - 29 years old,NULL,0.00600000005215406
615,UK,GBP,281,0,0,5,2022-08-12 17:18:47,e. 20 - 22 years old,NULL,0.0299999993294477
3444,FR,EUR,578,6,4,4.94,2020-05-10 14:32:18,Unknown,AUTO_SHADOW_BAN_SPAM_MODEL,0.00600000005215406
3310,UK,GBP,90,0,1,4.97,2022-06-01 21:36:32,Unknown,AUTO_PHISHING_IMAGE_REVIEW,0.0120000001043081
1943,DE,EUR,0,0,0,NULL,2020-05-24 17:14:30,Unknown,NULL,NULL
1322,DE,EUR,0,0,0,NULL,2020-05-24 17:14:30,Unknown,NULL,NULL
203,UK,GBP,651,1,4,4.97,2023-10-03 20:22:58,Unknown,AUTO_SHADOW_BAN_SPAM_MODEL,0.011
3136,UK,GBP,133,0,1,4.96,2023-12-08 16:45:58,e. 20 - 22 years old,NULL,0.011
3638,UK,GBP,47,0,1,4.92,2023-01-12 17:59:04,Unknown,NULL,0.012
1825,UK,GBP,18,0,0,5,2024-05-18 18:15:26,i. 32+ years old,NULL,0.082
3274,DE,EUR,2,0,1,3.67,2016-06-20 17:21:19,Unknown,NULL,NULL
2175,DE,EUR,2,0,1,3.67,2016-06-20 17:21:19,Unknown,NULL,NULL
1753,UK,GBP,298,0,0,5,2022-09-13 7:06:22,Unknown,NULL,0.0140000004321336
2522,UK,GBP,5,0,0,5,2023-05-24 12:14:29,f. 23 - 26 years old,NULL,0.025
1399,UK,GBP,12,0,0,5,2023-02-06 20:13:29,e. 20 - 22 years old,NULL,0.078
1386,FR,EUR,189,0,0,5,2022-01-29 20:35:00,Unknown,NULL,0.0179999992251396
124,UK,GBP,0,0,0,NULL,2024-06-27 17:12:34,Unknown,NULL,0.581
218,FR,EUR,232,0,0,4.99,2020-03-28 16:22:59,Unknown,NULL,0.00600000005215406
1222,NL,EUR,681,6,15,4.88,2020-11-09 18:47:30,h. 30 - 31 years old,ACCOUNT_COMPROMISED,0.00600000005215406
754,UK,GBP,2301,7,236,4.61,2021-06-05 21:11:03,Unknown,NULL,0.00600000005215406
2822,NL,EUR,32,0,3,4.63,2022-08-09 21:48:24,Unknown,NULL,0.0140000004321336
2252,PL,PLN,743,0,11,4.94,2021-09-02 9:29:38,d. 17 - 19 years old,AUTO_SHADOW_BAN_SPAM_MODEL,0.00600000005215406
1241,UK,GBP,41,0,0,5,2022-10-14 15:08:59,Unknown,NULL,0.015
860,UK,GBP,39,1,10,4.16,2024-02-17 10:49:34,Unknown,NOT_FRAUD_CARD2,0.008
1367,FR,EUR,7,0,0,5,2019-08-03 7:21:39,i. 32+ years old,NULL,0.00600000005215406
935,DE,EUR,0,0,0,NULL,2019-01-30 18:16:27,Unknown,NULL,NULL
282,DE,EUR,0,0,0,NULL,2019-01-30 18:16:27,Unknown,NULL,NULL
3186,DE,EUR,0,0,0,NULL,2020-01-05 14:32:33,Unknown,NULL,NULL
339,DE,EUR,0,0,0,NULL,2020-01-05 14:32:33,Unknown,NULL,NULL
2778,UK,GBP,22,0,1,4.83,2023-08-30 20:44:33,Unknown,NULL,0.036
931,UK,GBP,9,0,0,5,2024-07-11 7:31:12,Unknown,NULL,0.013
1810,PL,PLN,13,2,1,4.5,2023-09-22 15:35:13,i. 32+ years old,NULL,0.012
3410,UK,GBP,194,1,5,4.89,2022-01-25 20:00:58,Unknown,NULL,0.025000000372529
2560,UK,GBP,194,1,5,4.89,2022-01-25 20:00:58,Unknown,NULL,0.025000000372529
1727,UK,GBP,65,0,0,5,2023-02-22 11:58:25,Unknown,NULL,0.022
2780,UK,GBP,5,0,0,5,2023-01-31 18:20:41,h. 30 - 31 years old,NULL,0.012
2174,FR,EUR,233,1,4,4.92,2021-12-11 7:56:01,e. 20 - 22 years old,AUTO_SHADOW_BAN_MEMBER_SCORE,0.0130000002682209
1909,FR,EUR,233,1,4,4.92,2021-12-11 7:56:01,e. 20 - 22 years old,AUTO_SHADOW_BAN_MEMBER_SCORE,0.0130000002682209
745,UK,GBP,242,2,28,4.57,2022-01-16 15:10:23,Unknown,ACCOUNT_COMPROMISED,0.00999999977648258
604,UK,GBP,242,2,28,4.57,2022-01-16 15:10:23,Unknown,ACCOUNT_COMPROMISED,0.00999999977648258
533,FR,EUR,272,2,2,4.96,2023-06-13 12:00:36,i. 32+ years old,AUTO_SHADOW_BAN_SPAM_MODEL,0.145
1959,US,USD,0,0,0,0,2016-12-22 5:50:18,Unknown,NULL,NULL
736,US,USD,0,0,0,0,2016-12-22 5:50:18,Unknown,NULL,NULL
3225,UK,GBP,102,3,8,4.65,2023-10-17 19:20:50,Unknown,NULL,0.01
3592,FR,EUR,61,2,13,4.24,2021-01-24 9:08:37,e. 20 - 22 years old,NULL,0.00600000005215406
770,UK,GBP,308,0,1,4.99,2022-01-10 22:55:08,Unknown,NULL,0.101999998092651
335,UK,GBP,308,0,1,4.99,2022-01-10 22:55:08,Unknown,NULL,0.101999998092651
3447,IT,EUR,257,1,1,4.96,2024-01-08 9:35:50,g. 27 - 29 years old,AUTO_SHADOW_BAN_MSG_SIMILARITY,0.059
11,DE,EUR,191,0,1,4.97,2019-12-09 19:08:41,Unknown,NULL,0.00600000005215406
1150,FR,EUR,111,1,26,4.22,2019-08-19 12:54:53,Unknown,NULL,0.00600000005215406
725,FR,EUR,373,0,1,4.98,2020-03-21 19:31:43,i. 32+ years old,REPETETIVE_VIOLATION2,0.00600000005215406
2790,IT,EUR,189,0,3,4.93,2021-12-19 12:53:31,i. 32+ years old,NULL,0.00600000005215406
2416,IT,EUR,189,0,3,4.93,2021-12-19 12:53:31,i. 32+ years old,NULL,0.00600000005215406
3564,FR,EUR,4,0,0,5,2018-01-19 16:23:39,Unknown,NULL,0.00600000005215406
176,FR,EUR,4,0,0,5,2018-01-19 16:23:39,Unknown,NULL,0.00600000005215406
1971,FR,EUR,866,2,29,4.86,2018-03-11 13:45:58,Unknown,NULL,0.00600000005215406
3319,UK,GBP,55,0,9,4.47,2021-11-09 9:24:24,Unknown,NULL,0.0120000001043081
2209,UK,GBP,55,0,9,4.47,2021-11-09 9:24:24,Unknown,NULL,0.0120000001043081
2244,UK,GBP,112,0,1,4.96,2023-06-08 21:22:04,Unknown,NULL,0.025
3232,CZ,CZK,9027,26,47,4.97,2014-07-22 17:04:46,Unknown,NULL,0.00600000005215406
2471,CZ,CZK,9027,26,47,4.97,2014-07-22 17:04:46,Unknown,NULL,0.00600000005215406
393,UK,GBP,0,0,0,NULL,2024-04-15 19:56:43,Unknown,NULL,0.021
1471,UK,GBP,1,0,0,5,2024-07-19 20:24:19,Unknown,NULL,0.011
1480,LT,EUR,12,0,2,4.36,2021-01-11 14:46:08,Unknown,NULL,0.00600000005215406
3244,UK,GBP,150,0,1,4.98,2021-10-08 20:49:37,Unknown,NULL,0.00600000005215406
2379,UK,GBP,150,0,1,4.98,2021-10-08 20:49:37,Unknown,NULL,0.00600000005215406
3575,PL,PLN,1,0,0,5,2019-03-13 9:56:05,Unknown,NULL,NULL
2928,PL,PLN,1,0,0,5,2019-03-13 9:56:05,Unknown,NULL,NULL
2305,PL,PLN,1,0,0,5,2019-03-13 9:56:05,Unknown,NULL,NULL
2112,PL,PLN,1,0,0,5,2019-03-13 9:56:05,Unknown,NULL,NULL
88,PL,PLN,1,0,0,5,2019-03-13 9:56:05,Unknown,NULL,NULL
2472,ES,EUR,1,0,0,5,2022-06-10 8:09:40,Unknown,NULL,0.00800000037997961
1503,UK,GBP,41,0,0,5,2024-01-04 20:50:04,Unknown,NULL,0.011
3434,UK,GBP,250,1,15,4.75,2021-12-27 23:26:08,Unknown,AUTO_SHADOW_BAN_SPAM_MODEL,0.0160000007599592
1564,UK,GBP,250,1,15,4.75,2021-12-27 23:26:08,Unknown,AUTO_SHADOW_BAN_SPAM_MODEL,0.0160000007599592
359,UK,GBP,652,1,2,4.98,2023-03-09 8:45:21,Unknown,NULL,0.064
1705,IT,EUR,0,0,0,0,2023-09-01 15:21:17,Unknown,NULL,0.101
2632,UK,GBP,44,0,18,3.84,2023-05-03 4:26:51,Unknown,NULL,0.019
2527,UK,GBP,638,0,8,4.94,2022-12-26 18:14:22,Unknown,NULL,0.008
2768,UK,GBP,126,0,3,4.88,2020-06-21 12:48:21,Unknown,AUTO_SHADOW_BAN_MEMBER_SCORE,0.00600000005215406
2227,UK,GBP,68,0,5,4.71,2021-04-28 21:57:55,Unknown,AUTO_SHADOW_BAN_MEMBER_SCORE,0.00600000005215406
941,FR,EUR,43,0,1,4.89,2022-07-25 11:30:01,Unknown,AUTO_SHADOW_BAN_SPAM_MODEL,0.0120000001043081
3037,FR,EUR,5,0,2,3.86,2024-07-03 13:10:28,d. 17 - 19 years old,AUTO_SHADOW_BAN_MEMBER_SCORE,0.018
3312,DE,EUR,0,0,0,NULL,2018-02-17 20:33:20,Unknown,NULL,NULL
386,DE,EUR,0,0,0,NULL,2018-02-17 20:33:20,Unknown,NULL,NULL
2587,UK,GBP,34,0,3,4.68,2022-06-13 14:41:10,Unknown,NULL,0.0120000001043081
3245,UK,GBP,215,1,2,4.95,2022-05-13 7:25:13,Unknown,NULL,0.0109999999403953
3649,CZ,CZK,4,0,0,NULL,2015-05-25 10:46:16,Unknown,NULL,NULL
3054,CZ,CZK,4,0,0,NULL,2015-05-25 10:46:16,Unknown,NULL,NULL
2676,CZ,CZK,4,0,0,NULL,2015-05-25 10:46:16,Unknown,NULL,NULL
1569,CZ,CZK,4,0,0,NULL,2015-05-25 10:46:16,Unknown,NULL,NULL
1358,CZ,CZK,4,0,0,NULL,2015-05-25 10:46:16,Unknown,NULL,NULL
813,CZ,CZK,4,0,0,NULL,2015-05-25 10:46:16,Unknown,NULL,NULL
803,CZ,CZK,4,0,0,NULL,2015-05-25 10:46:16,Unknown,NULL,NULL
2098,FR,EUR,96,1,6,4.76,2017-09-17 18:54:05,Unknown,NULL,0.00600000005215406
775,FR,EUR,96,1,6,4.76,2017-09-17 18:54:05,Unknown,NULL,0.00600000005215406
2310,UK,GBP,33,0,0,5,2021-02-12 17:13:09,Unknown,NULL,0.00600000005215406
83,UK,GBP,21,0,0,4.95,2022-11-01 19:46:16,Unknown,NULL,0.006
1034,UK,GBP,31,1,1,4.79,2022-04-24 14:53:56,Unknown,NULL,0.0140000004321336
3698,CZ,CZK,0,0,0,NULL,2020-11-07 18:21:23,Unknown,NULL,NULL
3163,CZ,CZK,0,0,0,NULL,2020-11-07 18:21:23,Unknown,NULL,NULL
2425,CZ,CZK,0,0,0,NULL,2020-11-07 18:21:23,Unknown,NULL,NULL
1820,CZ,CZK,0,0,0,NULL,2020-11-07 18:21:23,Unknown,NULL,NULL
147,CZ,CZK,0,0,0,NULL,2020-11-07 18:21:23,Unknown,NULL,NULL
2362,US,USD,0,0,0,NULL,2017-11-12 18:07:53,f. 23 - 26 years old,NULL,NULL
1589,US,USD,0,0,0,NULL,2017-11-12 18:07:53,f. 23 - 26 years old,NULL,NULL
2519,UK,GBP,0,0,0,NULL,2024-01-31 13:19:13,Unknown,NULL,0.349
3474,DE,EUR,0,0,0,NULL,2017-11-09 14:19:41,Unknown,NULL,NULL
247,DE,EUR,0,0,0,NULL,2017-11-09 14:19:41,Unknown,NULL,NULL
2750,FR,EUR,12,0,0,4.92,2020-10-19 13:28:42,Unknown,AUTO_SHADOW_BAN_SPAM_MODEL,0.00600000005215406
185,FR,EUR,157,7,7,4.73,2021-10-10 11:20:36,e. 20 - 22 years old,NULL,0.00600000005215406
3634,DE,EUR,84,0,0,5,2013-07-28 12:33:24,b. 13 - 15 years old,NULL,NULL
3022,DE,EUR,84,0,0,5,2013-07-28 12:33:24,b. 13 - 15 years old,NULL,NULL
2110,DE,EUR,84,0,0,5,2013-07-28 12:33:24,b. 13 - 15 years old,NULL,NULL
570,DE,EUR,84,0,0,5,2013-07-28 12:33:24,b. 13 - 15 years old,NULL,NULL
275,DE,EUR,84,0,0,5,2013-07-28 12:33:24,b. 13 - 15 years old,NULL,NULL
2776,UK,GBP,10,0,0,5,2024-01-12 21:03:35,Unknown,NULL,0.079
3029,DE,EUR,14,0,1,4.73,2012-09-21 9:28:02,Unknown,NULL,NULL
2739,DE,EUR,14,0,1,4.73,2012-09-21 9:28:02,Unknown,NULL,NULL
2027,DE,EUR,14,0,1,4.73,2012-09-21 9:28:02,Unknown,NULL,NULL
1999,DE,EUR,14,0,1,4.73,2012-09-21 9:28:02,Unknown,NULL,NULL
1783,DE,EUR,14,0,1,4.73,2012-09-21 9:28:02,Unknown,NULL,NULL
1565,DE,EUR,14,0,1,4.73,2012-09-21 9:28:02,Unknown,NULL,NULL
1423,DE,EUR,14,0,1,4.73,2012-09-21 9:28:02,Unknown,NULL,NULL
1831,UK,GBP,16,0,0,5,2023-07-05 11:13:59,Unknown,NULL,0.009
2651,IT,EUR,495,2,1,4.96,2024-04-07 19:40:32,Unknown,NULL,0.008
2205,UK,GBP,83,0,1,4.95,2023-06-16 11:21:12,Unknown,NULL,0.042
1674,IT,EUR,221,5,39,4.32,2022-10-01 10:39:19,Unknown,NON_SILENT_AUTO_SHADOW_BAN,0.0179999992251396
1794,FR,EUR,437,1,21,4.8,2020-01-28 21:09:08,f. 23 - 26 years old,NULL,0.00600000005215406
114,FR,EUR,67,1,2,4.83,2020-02-18 13:28:10,Unknown,NULL,0.00600000005215406
453,UK,GBP,77,0,0,4.99,2023-12-17 10:30:54,i. 32+ years old,NULL,0.028
1242,UK,GBP,171,0,2,4.95,2023-08-13 19:33:06,Unknown,NULL,0.011
3644,UK,GBP,1322,1,2,4.99,2022-07-13 16:16:25,i. 32+ years old,NULL,0.0280000008642673
3275,UK,GBP,7,0,0,5,2024-01-22 10:30:18,Unknown,NULL,0.006
1566,PL,PLN,711,1,13,4.91,2023-09-02 12:17:08,i. 32+ years old,SHADOW_BAN_SPAM,0.013
131,UK,GBP,185,1,16,4.67,2022-05-10 9:05:26,Unknown,BLOCK_2PROFILES,0.0120000001043081
587,UK,GBP,31,0,8,4.15,2022-05-18 18:40:48,Unknown,AUTO_SHADOW_BAN_MEMBER_SCORE,0.0289999991655349
111,PT,EUR,80,0,1,4.94,2024-02-12 21:57:00,Unknown,AUTO_SHADOW_BAN_SPAM_MODEL,0.077
838,UK,GBP,53,0,0,5,2022-09-30 19:50:40,Unknown,NULL,0.0219999998807907
3457,UK,GBP,30,0,0,4.97,2024-06-29 19:15:11,d. 17 - 19 years old,NULL,0.024
1729,IT,EUR,67,0,13,4.29,2021-03-15 13:20:41,Unknown,NULL,0.00600000005215406
2014,UK,GBP,3,0,0,5,2022-08-12 2:10:57,Unknown,NULL,0.00600000005215406
3069,HU,HUF,21,0,0,5,2022-10-03 2:25:19,Unknown,NULL,0.00600000005215406
376,UK,GBP,995,2,19,4.92,2022-12-09 21:29:23,e. 20 - 22 years old,NULL,0.013
2885,FR,EUR,133,0,7,4.77,2018-07-08 9:41:06,Unknown,NULL,0.00600000005215406
3358,PL,PLN,9,0,0,5,2015-09-27 20:46:16,Unknown,NULL,NULL
1816,PL,PLN,9,0,0,5,2015-09-27 20:46:16,Unknown,NULL,NULL
1805,PL,PLN,9,0,0,5,2015-09-27 20:46:16,Unknown,NULL,NULL
1582,PL,PLN,9,0,0,5,2015-09-27 20:46:16,Unknown,NULL,NULL
975,PL,PLN,9,0,0,5,2015-09-27 20:46:16,Unknown,NULL,NULL
688,PL,PLN,9,0,0,5,2015-09-27 20:46:16,Unknown,NULL,NULL
471,IT,EUR,213,3,8,4.81,2021-01-13 19:15:11,Unknown,AUTO_SHADOW_BAN_SPAM_MODEL,0.00600000005215406
2720,UK,GBP,559,0,2,4.98,2021-10-23 11:45:35,Unknown,NULL,0.0280000008642673
1975,IT,EUR,27,0,1,4.86,2022-02-01 11:30:46,i. 32+ years old,NULL,0.00700000021606683
486,IT,EUR,27,0,1,4.86,2022-02-01 11:30:46,i. 32+ years old,NULL,0.00700000021606683
1376,UK,GBP,9,0,2,4.27,2023-10-18 14:44:52,Unknown,NULL,0.007
812,UK,GBP,24,0,0,5,2022-11-09 16:36:03,Unknown,NULL,0.128
72,UK,GBP,26,0,1,4.85,2023-10-01 1:47:44,d. 17 - 19 years old,NULL,0.007
3698,DE,EUR,0,0,0,NULL,2013-07-13 18:15:13,Unknown,NULL,NULL
3163,DE,EUR,0,0,0,NULL,2013-07-13 18:15:13,Unknown,NULL,NULL
2425,DE,EUR,0,0,0,NULL,2013-07-13 18:15:13,Unknown,NULL,NULL
1820,DE,EUR,0,0,0,NULL,2013-07-13 18:15:13,Unknown,NULL,NULL
147,DE,EUR,0,0,0,NULL,2013-07-13 18:15:13,Unknown,NULL,NULL
983,FR,EUR,20,0,0,5,2019-08-23 15:59:50,Unknown,NULL,0.00600000005215406
2608,UK,GBP,7,0,0,5,2022-02-14 23:05:18,Unknown,NULL,0.0120000001043081
1982,UK,GBP,7,0,0,5,2022-02-14 23:05:18,Unknown,NULL,0.0120000001043081
2722,DE,EUR,0,0,0,NULL,2020-05-31 9:38:35,Unknown,NULL,NULL
2277,DE,EUR,0,0,0,NULL,2020-05-31 9:38:35,Unknown,NULL,NULL
2961,FR,EUR,15,0,1,4.69,2019-10-25 20:18:59,Unknown,NULL,0.00600000005215406
2215,UK,GBP,55,0,2,4.84,2021-05-09 18:05:42,i. 32+ years old,NULL,0.00600000005215406
2096,UK,GBP,7,0,0,5,2024-02-15 16:00:01,Unknown,NULL,0.014
3077,FR,EUR,81,1,1,4.92,2024-03-08 15:47:14,Unknown,AUTO_SHADOW_BAN_MSG_SIMILARITY,0.009
224,UK,GBP,29,0,1,4.87,2024-05-27 17:50:50,Unknown,NULL,0.014
2339,UK,GBP,470,0,24,4.79,2021-05-17 16:35:21,Unknown,NULL,0.00600000005215406
2498,DE,EUR,0,0,0,NULL,2020-04-19 4:42:57,i. 32+ years old,NULL,NULL
2203,DE,EUR,0,0,0,NULL,2020-04-19 4:42:57,i. 32+ years old,NULL,NULL
3365,UK,GBP,8,0,0,5,2021-08-02 11:22:34,Unknown,NULL,0.00600000005215406
1779,UK,GBP,158,0,2,4.95,2022-07-05 18:00:50,Unknown,NULL,0.00600000005215406
442,UK,GBP,16,0,0,5,2022-11-01 21:28:08,Unknown,NULL,0.014
945,UK,GBP,162,1,4,4.89,2021-06-07 8:06:22,Unknown,NULL,0.00600000005215406
3521,CZ,CZK,209,1,2,4.95,2018-05-05 19:52:22,c. 16 - 16 years old,AUTO_SHADOW_BAN_MEMBER_SCORE,0.00600000005215406
964,CZ,CZK,209,1,2,4.95,2018-05-05 19:52:22,c. 16 - 16 years old,AUTO_SHADOW_BAN_MEMBER_SCORE,0.00600000005215406
849,UK,GBP,54,0,2,4.84,2022-07-31 13:22:30,Unknown,REPLICA_OFFENDER,0.00999999977648258
3108,UK,GBP,127,1,3,4.88,2022-09-17 9:09:05,i. 32+ years old,NULL,0.0120000001043081
2420,UK,GBP,349,3,76,4.27,2021-09-19 20:45:09,d. 17 - 19 years old,NULL,0.00600000005215406
342,NL,EUR,535,1,46,4.66,2021-01-30 18:33:09,Unknown,NULL,0.00600000005215406
168,NL,EUR,177,0,3,4.93,2017-02-13 8:26:13,f. 23 - 26 years old,BLOCK_2PROFILES,0.00600000005215406
3404,LT,NULL,0,0,0,NULL,2013-03-04 15:39:06,Unknown,NULL,NULL
2232,LT,NULL,0,0,0,NULL,2013-03-04 15:39:06,Unknown,NULL,NULL
2073,LT,NULL,0,0,0,NULL,2013-03-04 15:39:06,Unknown,NULL,NULL
1094,LT,NULL,0,0,0,NULL,2013-03-04 15:39:06,Unknown,NULL,NULL
571,LT,NULL,0,0,0,NULL,2013-03-04 15:39:06,Unknown,NULL,NULL
477,LT,NULL,0,0,0,NULL,2013-03-04 15:39:06,Unknown,NULL,NULL
420,LT,NULL,0,0,0,NULL,2013-03-04 15:39:06,Unknown,NULL,NULL
19,LT,NULL,0,0,0,NULL,2013-03-04 15:39:06,Unknown,NULL,NULL
1310,UK,GBP,258,1,5,4.92,2023-06-22 16:55:32,h. 30 - 31 years old,NULL,0.028
3690,FR,EUR,195,0,11,4.78,2013-07-09 8:05:43,d. 17 - 19 years old,NULL,0.00600000005215406
3053,FR,EUR,195,0,11,4.78,2013-07-09 8:05:43,d. 17 - 19 years old,NULL,0.00600000005215406
3051,FR,EUR,195,0,11,4.78,2013-07-09 8:05:43,d. 17 - 19 years old,NULL,0.00600000005215406
2177,FR,EUR,195,0,11,4.78,2013-07-09 8:05:43,d. 17 - 19 years old,NULL,0.00600000005215406
952,FR,EUR,195,0,11,4.78,2013-07-09 8:05:43,d. 17 - 19 years old,NULL,0.00600000005215406
715,FR,EUR,195,0,11,4.78,2013-07-09 8:05:43,d. 17 - 19 years old,NULL,0.00600000005215406
650,FR,EUR,195,0,11,4.78,2013-07-09 8:05:43,d. 17 - 19 years old,NULL,0.00600000005215406
2607,UK,GBP,65,1,10,4.45,2021-11-25 20:12:52,i. 32+ years old,AUTO_SHADOW_BAN_SPAM_MODEL,0.0260000005364418
903,UK,GBP,65,1,10,4.45,2021-11-25 20:12:52,i. 32+ years old,AUTO_SHADOW_BAN_SPAM_MODEL,0.0260000005364418
1212,NL,EUR,56,0,5,4.64,2020-05-02 15:24:07,d. 17 - 19 years old,NULL,0.00600000005215406
948,IT,EUR,101,0,6,4.75,2021-10-03 17:07:19,Unknown,AUTO_SHADOW_BAN_SPAM_MODEL,0.00600000005215406
3692,NL,EUR,6,0,3,3.67,2022-01-17 18:06:07,Unknown,NULL,0.00600000005215406
1530,NL,EUR,6,0,3,3.67,2022-01-17 18:06:07,Unknown,NULL,0.00600000005215406
959,UK,GBP,37,0,0,5,2023-07-26 12:16:37,Unknown,NULL,0.011
2857,FR,EUR,101,0,0,5,2019-08-07 12:18:24,Unknown,NULL,0.00600000005215406
1680,UK,GBP,21,0,0,5,2022-10-23 18:24:41,Unknown,NULL,0.149
3509,UK,GBP,44,0,6,4.52,2023-03-31 0:24:04,Unknown,NULL,0.007
2876,UK,GBP,0,0,0,NULL,2024-09-05 20:02:25,Unknown,TRUST_BATCH_BLOCKING,0.776
789,UK,GBP,673,0,0,4.99,2022-06-12 21:46:02,Unknown,NULL,0.00800000037997961
418,UK,GBP,148,1,0,4.99,2022-09-15 7:41:20,e. 20 - 22 years old,NULL,0.0130000002682209
366,NL,EUR,171,2,72,3.79,2020-11-30 19:03:14,f. 23 - 26 years old,NULL,0.00600000005215406
2312,UK,GBP,182,0,1,4.98,2023-07-10 15:04:18,Unknown,NULL,0.009
3548,SK,EUR,299,0,6,4.92,2022-09-08 6:52:49,i. 32+ years old,REPLICA_OFFENDER,0.0160000007599592
1836,DE,EUR,0,0,0,NULL,2017-01-21 10:40:49,Unknown,NULL,NULL
868,DE,EUR,0,0,0,NULL,2017-01-21 10:40:49,Unknown,NULL,NULL
1031,UK,GBP,54,0,0,5,2022-05-26 11:26:46,Unknown,NULL,0.0189999993890523
3174,NL,EUR,4,0,0,5,2022-01-03 10:46:56,Unknown,NULL,0.0740000009536743
2015,NL,EUR,4,0,0,5,2022-01-03 10:46:56,Unknown,NULL,0.0740000009536743
3121,UK,GBP,72,1,3,4.82,2023-04-11 20:41:03,Unknown,NULL,0.015
3479,UK,GBP,88,1,0,4.94,2024-01-31 15:22:15,Unknown,REPLICA_SELLER_4,0.203
920,UK,GBP,23,0,0,5,2023-09-16 19:24:12,Unknown,NULL,0.021
461,UK,GBP,558,0,12,4.91,2022-03-12 20:10:31,i. 32+ years old,NULL,0.0109999999403953
1632,FR,EUR,59,0,3,4.81,2018-03-09 12:20:50,Unknown,NULL,0.00600000005215406
2435,FR,EUR,34,1,3,4.63,2018-09-21 10:46:52,h. 30 - 31 years old,NULL,0.00600000005215406
2283,FR,EUR,49,1,10,4.23,2022-12-25 10:16:15,d. 17 - 19 years old,NULL,0.018
3122,FR,EUR,305,0,4,4.95,2020-12-03 10:36:22,i. 32+ years old,NULL,0.00600000005215406
2411,UK,GBP,2,0,1,3.67,2024-08-22 13:32:40,g. 27 - 29 years old,AUTO_SHADOW_BAN_MSG_SIMILARITY,0.007
2760,US,USD,45,1,5,4.57,2016-03-30 5:50:02,Unknown,NULL,NULL
1898,US,USD,45,1,5,4.57,2016-03-30 5:50:02,Unknown,NULL,NULL
1678,FR,EUR,52,0,1,4.87,2020-06-28 10:01:18,Unknown,NULL,0.00600000005215406
1697,UK,GBP,44,0,4,4.67,2023-01-17 10:44:44,Unknown,NULL,0.007
823,FR,EUR,445,8,18,4.77,2019-08-29 16:17:23,i. 32+ years old,NULL,0.00600000005215406
2944,UK,GBP,953,5,30,4.85,2021-12-13 18:08:16,i. 32+ years old,NULL,0.0179999992251396
2116,UK,GBP,953,5,30,4.85,2021-12-13 18:08:16,i. 32+ years old,NULL,0.0179999992251396
2345,FR,EUR,105,1,3,4.84,2017-03-26 12:41:42,Unknown,NULL,0.00600000005215406
1746,UK,GBP,177,1,29,4.43,2023-07-01 12:14:42,Unknown,AUTO_SHADOW_BAN_SPAM_MODEL,0.011
3084,ES,EUR,0,0,0,0,2021-08-15 11:12:26,Unknown,BLOCK_COMPROMISED,0.00600000005215406
1797,UK,GBP,36,0,2,4.79,2021-08-27 17:30:25,d. 17 - 19 years old,NULL,0.00600000005215406
350,UK,GBP,356,1,4,4.94,2023-07-08 15:57:49,Unknown,NULL,0.019
690,FR,EUR,207,4,10,4.7,2020-01-24 5:55:14,d. 17 - 19 years old,NULL,0.00600000005215406
1952,UK,GBP,67,0,1,4.93,2022-04-12 20:28:51,Unknown,NULL,0.0140000004321336
2770,UK,GBP,32,0,1,4.88,2024-02-08 10:46:12,i. 32+ years old,AUTO_SHADOW_BAN_MSG_SIMILARITY,0.025
943,BE,EUR,71,0,0,5,2021-05-27 19:00:56,Unknown,AUTO_SHADOW_BAN_SPAM_MODEL,0.00600000005215406
2692,UK,GBP,63,0,0,5,2021-10-19 4:58:06,Unknown,NULL,0.00700000021606683
940,UK,GBP,85,0,7,4.67,2021-08-12 14:06:55,Unknown,NULL,0.00600000005215406
3393,LT,EUR,32,0,0,5,2014-06-11 18:55:49,h. 30 - 31 years old,NULL,NULL
2975,LT,EUR,32,0,0,5,2014-06-11 18:55:49,h. 30 - 31 years old,NULL,NULL
2684,LT,EUR,32,0,0,5,2014-06-11 18:55:49,h. 30 - 31 years old,NULL,NULL
2041,LT,EUR,32,0,0,5,2014-06-11 18:55:49,h. 30 - 31 years old,NULL,NULL
1708,LT,EUR,32,0,0,5,2014-06-11 18:55:49,h. 30 - 31 years old,NULL,NULL
1239,LT,EUR,32,0,0,5,2014-06-11 18:55:49,h. 30 - 31 years old,NULL,NULL
819,LT,EUR,32,0,0,5,2014-06-11 18:55:49,h. 30 - 31 years old,NULL,NULL
362,LT,EUR,32,0,0,5,2014-06-11 18:55:49,h. 30 - 31 years old,NULL,NULL
211,LT,EUR,32,0,0,5,2014-06-11 18:55:49,h. 30 - 31 years old,NULL,NULL
2989,UK,GBP,85,0,1,4.94,2021-04-22 16:12:37,i. 32+ years old,NULL,0.00600000005215406
2826,UK,GBP,1,0,0,5,2022-07-14 18:39:12,Unknown,NULL,0.00700000021606683
753,UK,GBP,75,0,0,4.99,2023-03-24 16:02:11,Unknown,NULL,0.014
347,UK,GBP,141,0,10,4.73,2023-06-06 17:31:39,d. 17 - 19 years old,NULL,0.008
3029,DE,EUR,510,3,4,4.96,2014-07-17 12:05:14,Unknown,NULL,NULL
2739,DE,EUR,510,3,4,4.96,2014-07-17 12:05:14,Unknown,NULL,NULL
2027,DE,EUR,510,3,4,4.96,2014-07-17 12:05:14,Unknown,NULL,NULL
1999,DE,EUR,510,3,4,4.96,2014-07-17 12:05:14,Unknown,NULL,NULL
1783,DE,EUR,510,3,4,4.96,2014-07-17 12:05:14,Unknown,NULL,NULL
1565,DE,EUR,510,3,4,4.96,2014-07-17 12:05:14,Unknown,NULL,NULL
1423,DE,EUR,510,3,4,4.96,2014-07-17 12:05:14,Unknown,NULL,NULL
2949,UK,GBP,56,0,0,5,2021-12-02 13:57:37,Unknown,NULL,0.0230000000447034
1490,UK,GBP,56,0,0,5,2021-12-02 13:57:37,Unknown,NULL,0.0230000000447034
2922,FR,EUR,404,5,67,4.39,2022-01-02 16:37:07,Unknown,NULL,0.0219999998807907
9,FR,EUR,404,5,67,4.39,2022-01-02 16:37:07,Unknown,NULL,0.0219999998807907
3691,UK,GBP,37,0,1,4.92,2022-05-28 21:40:52,i. 32+ years old,NULL,0.00600000005215406
2238,FR,EUR,273,4,9,4.8,2017-05-14 16:16:14,i. 32+ years old,NULL,0.00600000005215406
3602,UK,GBP,198,0,6,4.88,2021-01-13 9:15:47,Unknown,NULL,0.00600000005215406
745,DE,EUR,0,0,0,NULL,2019-10-13 20:05:55,Unknown,NULL,NULL
604,DE,EUR,0,0,0,NULL,2019-10-13 20:05:55,Unknown,NULL,NULL
3448,UK,GBP,310,0,8,4.9,2022-01-25 15:46:13,Unknown,SCAM_OTHER,0.0199999995529651
1055,UK,GBP,310,0,8,4.9,2022-01-25 15:46:13,Unknown,SCAM_OTHER,0.0199999995529651
1193,UK,GBP,446,1,4,4.96,2024-03-28 17:55:46,Unknown,AUTO_PHISHING_IMAGE_REVIEW,0.017
3076,UK,GBP,10,0,0,5,2023-06-16 10:25:31,Unknown,NULL,0.5
452,UK,GBP,25,0,1,4.85,2023-04-06 20:23:28,Unknown,REPLICA_OFFENDER,0.006
358,FR,EUR,289,0,1,4.96,2019-08-02 16:48:13,Unknown,NULL,0.00600000005215406
3331,UK,GBP,36,0,1,4.92,2024-07-05 6:34:46,Unknown,AUTO_SHADOW_BAN_SPAM_MODEL,0.048
2444,UK,GBP,102,0,0,4.99,2022-09-01 11:55:14,Unknown,NULL,0.0189999993890523
3573,UK,GBP,32,0,0,5,2022-08-06 21:16:06,Unknown,NULL,0.00800000037997961
2890,PT,EUR,30,0,4,4.53,2023-06-23 21:11:04,Unknown,NULL,0.013
1942,FR,EUR,27,0,0,4.96,2019-08-29 20:12:52,Unknown,NULL,0.00600000005215406
1671,UK,GBP,443,2,8,4.92,2021-04-15 20:26:52,Unknown,NULL,0.00600000005215406
1912,IT,EUR,16,1,3,4.25,2022-05-27 10:30:41,Unknown,NULL,0.0120000001043081
1511,UK,GBP,0,0,0,0,2024-06-12 9:09:20,d. 17 - 19 years old,REPLICA_OFFENDER,0.007
243,FR,EUR,138,0,8,4.78,2019-09-29 20:22:29,Unknown,NULL,0.00600000005215406
504,UK,GBP,45,0,0,5,2021-03-31 22:02:08,Unknown,NULL,0.00600000005215406
1070,SE,SEK,198,2,4,4.91,2023-11-18 19:48:15,Unknown,NULL,0.005
3502,UK,GBP,31,1,5,4.41,2023-09-29 19:02:22,i. 32+ years old,NULL,0.011
2542,IT,EUR,0,0,0,0,2024-05-16 12:17:01,Unknown,SHIPPING_SCAM,0.097
2138,FR,EUR,26,0,0,5,2024-07-14 9:51:28,i. 32+ years old,SUSPEND - REPLICA2,0.01
1387,UK,GBP,33,0,4,4.57,2024-04-30 10:01:49,g. 27 - 29 years old,NULL,0.013
967,UK,GBP,104,0,1,4.96,2021-05-02 18:52:24,Unknown,NULL,0.00600000005215406
2562,UK,GBP,53,0,4,4.72,2021-04-07 9:19:13,Unknown,REPLICA_OFFENDER,0.00600000005215406
1673,NL,EUR,20,0,0,5,2021-03-02 8:26:49,h. 30 - 31 years old,NULL,0.00600000005215406
1836,UK,GBP,35,0,0,5,2021-11-23 23:08:27,i. 32+ years old,NULL,0.00600000005215406
868,UK,GBP,35,0,0,5,2021-11-23 23:08:27,i. 32+ years old,NULL,0.00600000005215406
641,FR,EUR,252,2,4,4.9,2019-09-29 16:11:36,i. 32+ years old,NULL,0.00600000005215406
3194,NL,EUR,1360,13,42,4.83,2019-11-23 11:37:44,i. 32+ years old,NULL,0.00600000005215406
1011,UK,GBP,212,0,5,4.91,2021-02-25 16:15:23,Unknown,NULL,0.00600000005215406
984,UK,GBP,5,0,0,5,2022-11-20 9:38:39,Unknown,NULL,0.01
2003,ES,EUR,2,0,0,5,2023-01-10 0:36:32,Unknown,NULL,0.01
505,NL,EUR,240,2,2,4.95,2023-10-18 20:24:14,Unknown,NULL,0.013
1516,UK,GBP,457,0,5,4.95,2021-07-05 21:38:27,Unknown,NULL,0.00600000005215406
2443,UK,GBP,91,1,2,4.86,2023-01-31 22:29:32,g. 27 - 29 years old,NULL,0.012
906,FR,EUR,405,2,9,4.88,2016-11-20 16:33:46,Unknown,NULL,0.00600000005215406
2733,UK,GBP,19,0,0,5,2024-04-26 10:32:11,Unknown,AUTO_SHADOW_BAN_MSG_SIMILARITY,0.015
2732,UK,GBP,322,0,8,4.9,2020-11-22 14:11:41,Unknown,NULL,0.00600000005215406
2804,UK,GBP,77,1,1,4.94,2021-06-18 17:54:42,Unknown,NULL,0.00600000005215406
618,IT,EUR,58,0,1,4.93,2021-07-31 13:05:24,Unknown,AUTO_SHADOW_BAN_SPAM_MODEL,0.00600000005215406
84,NL,EUR,10,0,0,4.9,2024-05-17 11:17:08,Unknown,NULL,0.014
1216,FR,EUR,36,0,4,4.58,2021-01-23 8:11:22,Unknown,NULL,0.00600000005215406
1570,UK,GBP,12,0,0,5,2024-03-29 14:26:24,Unknown,NULL,0.02
1113,NL,EUR,0,0,0,NULL,2024-05-21 11:35:32,Unknown,NULL,0.127
976,UK,GBP,72,1,3,4.82,2021-07-14 21:22:49,h. 30 - 31 years old,NULL,0.00600000005215406
76,IT,EUR,80,1,6,4.68,2022-07-29 12:15:40,f. 23 - 26 years old,AUTO_SHADOW_BAN_SPAM_MODEL,0.0149999996647238
578,FR,EUR,44,1,2,4.74,2022-11-13 10:33:09,Unknown,NULL,0.018
1191,UK,GBP,172,0,0,4.99,2021-06-15 14:17:56,i. 32+ years old,NULL,0.00600000005215406
913,UK,GBP,24,0,1,4.84,2024-03-24 0:23:33,Unknown,NULL,0.008
1527,ES,EUR,7,0,0,5,2020-10-11 13:09:36,Unknown,NULL,NULL
1787,FR,EUR,87,2,2,4.88,2023-02-15 21:45:16,e. 20 - 22 years old,SHIPPING_SCAM,0.02
1125,UK,GBP,140,1,13,4.66,2023-11-15 12:52:39,Unknown,AUTO_SHADOW_BAN_SPAM_MODEL,0.009
3663,FR,EUR,19,0,0,5,2024-06-02 3:58:37,Unknown,NULL,0.142
3690,DE,EUR,6,0,0,5,2012-10-29 12:57:44,Unknown,NULL,NULL
3053,DE,EUR,6,0,0,5,2012-10-29 12:57:44,Unknown,NULL,NULL
3051,DE,EUR,6,0,0,5,2012-10-29 12:57:44,Unknown,NULL,NULL
2177,DE,EUR,6,0,0,5,2012-10-29 12:57:44,Unknown,NULL,NULL
952,DE,EUR,6,0,0,5,2012-10-29 12:57:44,Unknown,NULL,NULL
715,DE,EUR,6,0,0,5,2012-10-29 12:57:44,Unknown,NULL,NULL
650,DE,EUR,6,0,0,5,2012-10-29 12:57:44,Unknown,NULL,NULL
1699,FR,EUR,816,1,13,4.92,2018-02-25 13:53:06,Unknown,NULL,0.00600000005215406
874,FR,EUR,10,0,0,4.9,2019-12-04 20:37:40,f. 23 - 26 years old,NULL,0.00600000005215406
3375,UK,GBP,273,1,2,4.94,2020-09-01 1:41:17,h. 30 - 31 years old,NULL,0.00600000005215406
1080,UK,GBP,21,0,0,5,2023-10-01 5:49:11,Unknown,NULL,0.01
3068,UK,GBP,4607,9,31,4.96,2022-11-20 11:17:38,i. 32+ years old,NULL,0.008
2012,NL,EUR,1,0,0,5,2024-07-27 21:55:44,Unknown,NULL,0.006
2315,PL,PLN,0,0,0,0,2017-09-21 14:16:11,Unknown,NULL,NULL
1736,PL,PLN,0,0,0,0,2017-09-21 14:16:11,Unknown,NULL,NULL
565,PL,PLN,0,0,0,0,2017-09-21 14:16:11,Unknown,NULL,NULL
3269,BE,EUR,252,0,3,4.95,2019-09-08 19:19:32,i. 32+ years old,NULL,0.00600000005215406
1756,UK,GBP,40,0,0,5,2022-01-20 22:53:56,Unknown,AUTO_SHADOW_BAN_SPAM_MODEL,0.00600000005215406
1417,UK,GBP,40,0,0,5,2022-01-20 22:53:56,Unknown,AUTO_SHADOW_BAN_SPAM_MODEL,0.00600000005215406
801,FR,EUR,1210,5,14,4.92,2018-04-15 18:52:14,i. 32+ years old,NULL,0.00600000005215406
1370,UK,GBP,5,0,0,5,2021-11-13 15:25:48,i. 32+ years old,NULL,0.00999999977648258
3303,UK,GBP,59,0,0,5,2022-04-25 7:37:53,Unknown,NULL,0.0280000008642673
2589,FR,EUR,69,1,7,4.55,2019-10-15 11:14:05,Unknown,BANK_ST_BLOCKED,0.00600000005215406
3199,UK,GBP,24,0,0,5,2023-10-04 9:35:24,Unknown,NULL,0.012
523,UK,GBP,16,0,1,4.76,2022-03-26 21:25:26,Unknown,NULL,0.0109999999403953
2595,FR,EUR,49,0,0,5,2022-05-06 19:26:19,Unknown,AB_AUTO_BAN,0.0089999996125698
1771,UK,GBP,1827,3,28,4.93,2022-08-15 16:28:20,d. 17 - 19 years old,AUTO_SHADOW_BAN_MSG_SIMILARITY,0.0109999999403953
1426,FR,EUR,60,0,14,4.23,2019-09-24 8:25:50,i. 32+ years old,NULL,0.00600000005215406
495,UK,GBP,1109,1,2,4.98,2021-10-28 17:15:12,Unknown,NULL,0.00999999977648258
3471,NL,EUR,54,0,1,4.89,2021-02-19 9:17:58,Unknown,NULL,0.00600000005215406
3261,FR,EUR,24,1,3,4.46,2021-12-10 21:20:36,Unknown,NULL,0.00700000021606683
869,FR,EUR,24,1,3,4.46,2021-12-10 21:20:36,Unknown,NULL,0.00700000021606683
3196,FR,EUR,235,8,89,3.87,2024-04-05 15:52:19,e. 20 - 22 years old,AUTO_PHISHING_URL_REVIEW,0.024
1112,UK,GBP,100,0,0,5,2021-09-23 10:04:01,Unknown,NULL,0.00600000005215406
3270,NL,EUR,232,1,16,4.72,2021-04-18 15:30:39,Unknown,NULL,0.00600000005215406
1812,UK,GBP,508,1,7,4.93,2022-11-07 12:52:05,Unknown,AUTO_SHADOW_BAN_MEMBER_SCORE,0.007
54,UK,GBP,74,0,2,4.89,2023-02-18 17:13:56,g. 27 - 29 years old,NULL,0.021
3343,NL,EUR,0,0,0,0,2016-09-06 15:58:29,Unknown,NULL,NULL
3265,NL,EUR,0,0,0,0,2016-09-06 15:58:29,Unknown,NULL,NULL
2946,NL,EUR,0,0,0,0,2016-09-06 15:58:29,Unknown,NULL,NULL
2591,NL,EUR,0,0,0,0,2016-09-06 15:58:29,Unknown,NULL,NULL
2511,NL,EUR,0,0,0,0,2016-09-06 15:58:29,Unknown,NULL,NULL
2402,NL,EUR,0,0,0,0,2016-09-06 15:58:29,Unknown,NULL,NULL
2292,NL,EUR,0,0,0,0,2016-09-06 15:58:29,Unknown,NULL,NULL
401,NL,EUR,0,0,0,0,2016-09-06 15:58:29,Unknown,NULL,NULL
136,NL,EUR,0,0,0,0,2016-09-06 15:58:29,Unknown,NULL,NULL
2315,FR,EUR,623,1,1,4.99,2014-04-28 11:39:20,e. 20 - 22 years old,NULL,0.00600000005215406
1736,FR,EUR,623,1,1,4.99,2014-04-28 11:39:20,e. 20 - 22 years old,NULL,0.00600000005215406
565,FR,EUR,623,1,1,4.99,2014-04-28 11:39:20,e. 20 - 22 years old,NULL,0.00600000005215406
1457,IT,EUR,129,0,0,4.99,2024-03-24 18:36:08,Unknown,SNAD_SCAM2,0.008
741,PL,PLN,0,0,0,NULL,2024-04-07 9:20:50,Unknown,NULL,0.375
2190,FR,EUR,360,3,2,4.95,2019-02-03 12:00:32,i. 32+ years old,NULL,0.00600000005215406
3629,ES,EUR,1,0,0,5,2024-09-10 13:50:28,g. 27 - 29 years old,NULL,0.074
3286,FR,EUR,22,0,0,5,2017-08-26 7:10:32,g. 27 - 29 years old,NULL,0.00600000005215406
800,UK,GBP,3,0,0,5,2022-05-29 7:24:43,Unknown,NULL,0.0120000001043081
500,UK,GBP,13,0,0,5,2024-03-19 10:54:12,Unknown,AUTO_SHADOW_BAN_MEMBER_SCORE,0.021
2583,UK,GBP,10,0,0,5,2024-06-21 14:45:59,f. 23 - 26 years old,NULL,0.019
3590,DE,EUR,0,0,0,NULL,2020-03-10 18:25:26,Unknown,NULL,NULL
2149,DE,EUR,0,0,0,NULL,2020-03-10 18:25:26,Unknown,NULL,NULL
2877,DE,EUR,3,0,0,5,2020-09-05 17:22:52,Unknown,NULL,NULL
2291,DE,EUR,3,0,0,5,2020-09-05 17:22:52,Unknown,NULL,NULL
1061,UK,GBP,246,0,9,4.85,2022-11-08 11:38:31,Unknown,NULL,0.015
382,NL,EUR,4,0,0,5,2023-01-09 18:06:39,Unknown,NULL,0.012
961,UK,GBP,20,0,0,5,2022-04-10 10:32:05,e. 20 - 22 years old,NULL,0.0149999996647238
1624,UK,GBP,104,0,0,5,2024-03-02 16:27:37,Unknown,NULL,0.006
2743,FR,EUR,32,0,4,4.56,2018-10-19 16:06:33,e. 20 - 22 years old,NULL,0.00600000005215406
2255,UK,GBP,1186,5,2,4.97,2023-04-28 7:02:50,g. 27 - 29 years old,NULL,0.008
1591,DE,EUR,0,0,0,NULL,2020-03-10 16:45:23,Unknown,NULL,NULL
210,DE,EUR,0,0,0,NULL,2020-03-10 16:45:23,Unknown,NULL,NULL
2367,PL,PLN,892,1,2,4.98,2019-11-17 11:09:33,i. 32+ years old,NULL,0.00600000005215406
1247,UK,GBP,77,0,2,4.89,2021-04-30 14:35:01,d. 17 - 19 years old,NULL,0.00600000005215406
1737,FR,EUR,173,1,8,4.8,2018-06-10 21:01:58,i. 32+ years old,NULL,0.00600000005215406
2371,IT,EUR,794,6,6,4.94,2021-01-13 9:01:55,f. 23 - 26 years old,AUTO_SHADOW_BAN_SPAM_MODEL,0.00600000005215406
2188,ES,EUR,76,0,0,5,2019-08-05 8:13:18,h. 30 - 31 years old,NULL,0.00600000005215406
3035,UK,GBP,66,0,1,4.94,2021-12-25 10:22:06,Unknown,NULL,0.0089999996125698
1043,UK,GBP,66,0,1,4.94,2021-12-25 10:22:06,Unknown,NULL,0.0089999996125698
2502,UK,GBP,0,0,0,0,2024-01-28 21:12:11,Unknown,NULL,0.069
3436,UK,GBP,10,0,0,5,2024-07-06 17:25:28,i. 32+ years old,NULL,0.015
1186,NL,EUR,3,0,0,5,2024-07-23 10:19:42,Unknown,AUTO_SHADOW_BAN_MSG_SIMILARITY,0.007
3267,ES,EUR,260,0,9,4.85,2023-09-22 16:33:16,Unknown,AUTO_SHADOW_BAN_SPAM_MODEL,0.022
899,FR,EUR,7,0,0,5,2021-03-07 14:34:37,Unknown,NULL,0.00600000005215406
1414,UK,GBP,56,0,6,4.58,2022-03-17 3:31:54,i. 32+ years old,NON_SILENT_AUTO_SHADOW_BAN,0.00600000005215406
3216,UK,GBP,13,0,1,4.64,2023-11-13 1:57:37,Unknown,SCAM_OTHER,0.013
2180,ES,EUR,106,0,3,4.9,2021-09-06 17:18:43,Unknown,NULL,0.00600000005215406
2347,UK,GBP,5,0,0,5,2024-04-04 15:33:38,Unknown,NULL,0.006
2897,UK,GBP,275,1,2,4.94,2024-01-03 13:26:11,Unknown,NULL,0.07
1326,UK,GBP,59,0,12,4.32,2022-08-20 12:43:42,d. 17 - 19 years old,NULL,0.0109999999403953
2114,UK,GBP,87,0,0,5,2016-01-10 20:38:31,Unknown,NULL,0.00600000005215406
283,UK,GBP,24,0,0,5,2022-06-10 17:54:29,Unknown,NULL,0.0120000001043081
3173,DE,EUR,1,0,0,5,2020-04-10 19:49:12,Unknown,NULL,NULL
951,DE,EUR,1,0,0,5,2020-04-10 19:49:12,Unknown,NULL,NULL
2304,UK,GBP,19,0,0,5,2023-06-20 7:11:58,Unknown,NULL,0.007
2740,FR,EUR,871,12,21,4.83,2018-08-18 17:35:01,i. 32+ years old,NULL,0.00600000005215406
1238,IT,EUR,0,0,0,NULL,2024-09-25 15:15:17,Unknown,NULL,0.896
205,UK,GBP,2,0,0,5,2022-11-25 18:56:30,Unknown,NULL,0.131
3261,DE,EUR,0,0,0,0,2018-03-05 21:09:28,Unknown,NULL,NULL
869,DE,EUR,0,0,0,0,2018-03-05 21:09:28,Unknown,NULL,NULL
2487,UK,GBP,401,2,8,4.91,2022-09-22 0:10:51,d. 17 - 19 years old,NULL,0.0089999996125698
1394,UK,GBP,151,0,1,4.97,2022-09-15 3:46:45,Unknown,NULL,0.0209999997168779
2164,UK,GBP,9,0,0,5,2022-05-17 18:43:46,g. 27 - 29 years old,NULL,0.00999999977648258
3591,FR,EUR,181,3,10,4.72,2013-10-29 14:59:43,e. 20 - 22 years old,NULL,0.00600000005215406
3350,FR,EUR,181,3,10,4.72,2013-10-29 14:59:43,e. 20 - 22 years old,NULL,0.00600000005215406
2709,FR,EUR,181,3,10,4.72,2013-10-29 14:59:43,e. 20 - 22 years old,NULL,0.00600000005215406
1961,FR,EUR,181,3,10,4.72,2013-10-29 14:59:43,e. 20 - 22 years old,NULL,0.00600000005215406
1654,FR,EUR,181,3,10,4.72,2013-10-29 14:59:43,e. 20 - 22 years old,NULL,0.00600000005215406
1571,FR,EUR,181,3,10,4.72,2013-10-29 14:59:43,e. 20 - 22 years old,NULL,0.00600000005215406
1453,FR,EUR,181,3,10,4.72,2013-10-29 14:59:43,e. 20 - 22 years old,NULL,0.00600000005215406
547,UK,GBP,6,0,0,5,2022-09-26 22:15:51,Unknown,NULL,0.00999999977648258
740,DE,EUR,0,0,0,NULL,2015-11-15 22:28:48,Unknown,NULL,NULL
450,DE,EUR,0,0,0,NULL,2015-11-15 22:28:48,Unknown,NULL,NULL
2638,DE,EUR,19,0,0,5,2020-02-05 16:12:04,f. 23 - 26 years old,NULL,NULL
1661,DE,EUR,19,0,0,5,2020-02-05 16:12:04,f. 23 - 26 years old,NULL,NULL
3472,UK,GBP,33,0,0,5,2021-02-06 19:25:41,Unknown,NULL,0.00600000005215406
3007,UK,GBP,828,0,2,4.99,2021-09-12 14:17:00,Unknown,NULL,0.00600000005215406
2185,UK,GBP,828,0,2,4.99,2021-09-12 14:17:00,Unknown,NULL,0.00600000005215406
3692,DE,EUR,0,0,0,NULL,2019-10-29 19:47:51,Unknown,NULL,NULL
1530,DE,EUR,0,0,0,NULL,2019-10-29 19:47:51,Unknown,NULL,NULL
2431,UK,GBP,130,2,12,4.62,2021-02-02 23:10:14,d. 17 - 19 years old,NULL,0.00600000005215406
509,FR,EUR,43,0,1,4.82,2022-01-02 9:05:37,Unknown,NULL,0.00700000021606683
309,FR,EUR,43,0,1,4.82,2022-01-02 9:05:37,Unknown,NULL,0.00700000021606683
1199,UK,GBP,95,0,16,4.42,2022-02-15 23:22:32,Unknown,NULL,0.00700000021606683
638,UK,GBP,95,0,16,4.42,2022-02-15 23:22:32,Unknown,NULL,0.00700000021606683
1479,UK,GBP,21,0,6,4.11,2023-03-29 16:31:29,Unknown,AUTO_SHADOW_BAN_MEMBER_SCORE,0.011
206,UK,GBP,12,0,0,5,2023-03-21 9:56:00,Unknown,NULL,0.009
1906,UK,GBP,26,0,2,4.71,2021-01-19 22:57:25,Unknown,NULL,0.00600000005215406
1505,UK,GBP,213,0,21,4.63,2022-08-03 9:29:46,f. 23 - 26 years old,NULL,0.0149999996647238
1445,UK,GBP,27,0,3,4.6,2023-09-11 16:38:48,Unknown,NULL,0.011
3369,DE,EUR,1,0,0,5,2017-02-10 9:51:29,Unknown,NULL,NULL
1189,DE,EUR,1,0,0,5,2017-02-10 9:51:29,Unknown,NULL,NULL
2942,IT,EUR,67,0,1,4.94,2021-07-28 15:00:17,Unknown,NULL,0.00600000005215406
729,IT,EUR,6,0,0,5,2024-02-28 11:40:53,g. 27 - 29 years old,AUTO_SHADOW_BAN_MSG_SIMILARITY,0.072
2564,UK,GBP,2940,3,11,4.98,2022-09-20 10:32:35,Unknown,NULL,0.0109999999403953
3020,UK,GBP,499,4,12,4.89,2021-08-01 15:18:17,Unknown,NULL,0.00600000005215406
169,NL,EUR,2,0,0,5,2021-01-27 8:27:54,Unknown,NULL,0.00600000005215406
1130,UK,GBP,74,0,0,4.99,2022-10-01 19:09:28,Unknown,NULL,0.0260000005364418
313,UK,GBP,5,0,0,5,2023-04-16 23:24:43,Unknown,NULL,0.029
261,FR,EUR,157,0,1,4.96,2022-09-21 13:12:22,Unknown,NULL,0.007
3632,UK,GBP,81,0,7,4.66,2023-05-25 20:08:55,Unknown,NULL,0.007
3593,BE,EUR,498,4,14,4.86,2018-09-23 19:46:16,Unknown,NULL,0.00600000005215406
1981,UK,GBP,212,0,3,4.94,2021-10-21 11:38:47,Unknown,NULL,0.00600000005215406
739,BE,EUR,2,0,0,5,2021-10-24 9:52:38,d. 17 - 19 years old,NULL,0.0089999996125698
2057,FR,EUR,537,0,3,4.97,2022-01-15 14:41:52,h. 30 - 31 years old,NULL,0.0140000004321336
543,FR,EUR,537,0,3,4.97,2022-01-15 14:41:52,h. 30 - 31 years old,NULL,0.0140000004321336
2849,NL,EUR,229,4,13,4.73,2022-04-24 11:15:01,Unknown,NULL,0.0120000001043081
212,UK,GBP,3,0,0,5,2024-01-10 18:43:35,Unknown,NULL,0.019
150,UK,GBP,20,0,0,5,2024-04-02 13:44:37,Unknown,NULL,0.012
3102,UK,GBP,68,1,2,4.86,2022-11-11 15:01:14,Unknown,NULL,0.015
1679,UK,GBP,104,0,0,5,2022-01-13 22:21:07,Unknown,NULL,0.0189999993890523
1401,UK,GBP,104,0,0,5,2022-01-13 22:21:07,Unknown,NULL,0.0189999993890523
2370,IT,EUR,136,0,0,5,2022-09-26 20:10:09,Unknown,NULL,0.00600000005215406
3563,FR,EUR,183,4,10,4.72,2021-04-02 11:44:44,Unknown,BLOCK_2PROFILES,0.00600000005215406
3377,FR,EUR,568,1,17,4.87,2018-04-04 6:26:04,Unknown,NULL,0.00600000005215406
256,UK,GBP,13,0,0,5,2024-04-16 22:16:14,Unknown,AUTO_SHADOW_BAN_SPAM_MODEL,0.190999999642372
987,UK,GBP,36,1,4,4.56,2023-01-23 17:46:50,Unknown,AUTO_SHADOW_BAN_MSG_SIMILARITY,0.007
3182,DE,EUR,0,0,0,NULL,2018-10-19 19:01:46,Unknown,NULL,NULL
2380,DE,EUR,0,0,0,NULL,2018-10-19 19:01:46,Unknown,NULL,NULL
785,UK,GBP,145,2,24,4.39,2021-03-08 14:49:56,Unknown,AUTO_SHADOW_BAN_SPAM_MODEL,0.00600000005215406
1741,NL,EUR,8,0,0,5,2024-06-09 9:33:50,d. 17 - 19 years old,NULL,0.006
3554,UK,GBP,25,0,0,5,2023-05-19 13:02:44,i. 32+ years old,ACCOUNT_COMPROMISED,0.012
916,FR,EUR,16,1,0,4.88,2024-08-10 14:15:29,Unknown,NULL,0.011
511,UK,GBP,272,0,16,4.77,2022-04-23 7:50:10,Unknown,NULL,0.00700000021606683
3349,UK,GBP,2584,17,37,4.93,2021-04-01 13:28:34,Unknown,AUTO_SHADOW_BAN_SPAM_MODEL,0.00600000005215406
2230,UK,GBP,56,0,3,4.8,2021-08-25 19:31:49,Unknown,NULL,0.00600000005215406
255,UK,GBP,0,0,0,NULL,2024-08-22 21:03:04,Unknown,NULL,0.583
3212,IT,EUR,595,3,8,4.92,2021-02-09 15:35:29,Unknown,AUTO_SHADOW_BAN_SPAM_MODEL,0.00600000005215406
1294,IT,EUR,6,0,0,5,2022-12-19 18:58:18,Unknown,NULL,0.021
3491,UK,GBP,67,0,12,4.35,2020-04-29 16:58:04,d. 17 - 19 years old,NULL,0.00600000005215406
1124,UK,GBP,23,0,0,5,2022-11-02 22:26:28,Unknown,NULL,0.016
2653,UK,GBP,47,0,4,4.69,2023-04-12 15:28:07,Unknown,NULL,0.019
3643,FR,EUR,64,0,7,4.58,2022-01-04 12:30:10,i. 32+ years old,NULL,0.0140000004321336
3607,FR,EUR,64,0,7,4.58,2022-01-04 12:30:10,i. 32+ years old,NULL,0.0140000004321336
2171,UK,GBP,24,0,0,5,2023-07-27 22:30:18,Unknown,NULL,0.011
2080,DE,EUR,0,0,0,NULL,2016-09-07 12:54:02,Unknown,NULL,NULL
1949,DE,EUR,0,0,0,NULL,2016-09-07 12:54:02,Unknown,NULL,NULL
1864,UK,GBP,100,1,6,4.75,2013-09-10 8:59:51,e. 20 - 22 years old,NULL,0.00600000005215406
3249,UK,GBP,50,0,0,5,2023-03-02 19:42:09,Unknown,NULL,0.044
2594,FR,EUR,5,0,2,3.86,2022-09-07 15:42:02,Unknown,NULL,0.00800000037997961
2030,UK,GBP,96,0,0,4.99,2023-07-30 13:58:13,Unknown,NULL,0.014
3568,UK,GBP,0,0,0,NULL,2024-08-13 13:06:55,Unknown,NULL,0.597
2636,UK,GBP,45,0,0,5,2024-07-03 18:01:09,Unknown,AUTO_SHADOW_BAN_MSG_SIMILARITY,0.1
3383,PL,PLN,11,0,0,4.91,2024-05-08 15:29:58,i. 32+ years old,NULL,0.015
2555,FR,EUR,26,0,0,5,2020-07-04 12:41:01,Unknown,NULL,0.00600000005215406
1800,UK,GBP,89,0,2,4.91,2021-07-06 13:00:23,Unknown,NULL,0.00600000005215406
2482,UK,GBP,1,0,0,5,2023-10-29 17:11:57,Unknown,NULL,0.043
719,UK,GBP,250,0,0,5,2023-02-18 11:06:42,Unknown,NULL,0.009
2685,UK,GBP,21,0,0,4.95,2023-08-30 12:37:09,f. 23 - 26 years old,NULL,0.006
3002,PL,PLN,66,0,1,4.93,2023-02-11 17:48:12,d. 17 - 19 years old,NULL,0.014
1681,HU,HUF,78,0,0,5,2023-06-12 16:28:23,Unknown,AUTO_SHADOW_BAN_MSG_SIMILARITY,0.011
3113,UK,GBP,44,0,0,4.98,2024-04-06 19:53:18,Unknown,NULL,0.092
305,UK,GBP,456,3,32,4.73,2023-05-16 21:24:08,Unknown,NULL,0.014
2318,UK,GBP,57,0,0,5,2022-02-13 21:59:17,Unknown,NULL,0.601999998092651
268,UK,GBP,57,0,0,5,2022-02-13 21:59:17,Unknown,NULL,0.601999998092651
3591,CZ,CZK,1,0,0,5,2017-06-19 20:37:14,Unknown,NULL,NULL
3350,CZ,CZK,1,0,0,5,2017-06-19 20:37:14,Unknown,NULL,NULL
2709,CZ,CZK,1,0,0,5,2017-06-19 20:37:14,Unknown,NULL,NULL
1961,CZ,CZK,1,0,0,5,2017-06-19 20:37:14,Unknown,NULL,NULL
1654,CZ,CZK,1,0,0,5,2017-06-19 20:37:14,Unknown,NULL,NULL
1571,CZ,CZK,1,0,0,5,2017-06-19 20:37:14,Unknown,NULL,NULL
1453,CZ,CZK,1,0,0,5,2017-06-19 20:37:14,Unknown,NULL,NULL
3606,DE,EUR,0,0,0,NULL,2019-10-01 19:28:44,Unknown,NULL,NULL
1464,DE,EUR,0,0,0,NULL,2019-10-01 19:28:44,Unknown,NULL,NULL
3025,FR,EUR,660,8,6,4.92,2018-03-22 21:57:23,Unknown,WEAPONS_BLOCK,0.00600000005215406
521,FR,EUR,660,8,6,4.92,2018-03-22 21:57:23,Unknown,WEAPONS_BLOCK,0.00600000005215406
1148,UK,GBP,979,8,52,4.77,2020-03-22 19:12:39,g. 27 - 29 years old,NULL,0.00600000005215406
726,FR,EUR,81,0,4,4.76,2023-11-29 18:02:36,Unknown,REPLICA_OFFENDER,0.123
1694,UK,GBP,10,0,0,5,2023-02-03 15:12:41,Unknown,NULL,0.007
2729,PL,PLN,313,0,3,4.96,2020-05-02 17:47:17,i. 32+ years old,NULL,0.00600000005215406
2360,UK,GBP,32,0,0,5,2023-08-24 6:50:55,Unknown,NULL,0.034
501,UK,GBP,138,0,2,4.94,2023-06-17 12:19:12,Unknown,AUTO_SHADOW_BAN_SPAM_MODEL,0.011
3343,US,USD,0,0,0,NULL,2013-12-12 15:56:03,Unknown,NULL,NULL
3265,US,USD,0,0,0,NULL,2013-12-12 15:56:03,Unknown,NULL,NULL
2946,US,USD,0,0,0,NULL,2013-12-12 15:56:03,Unknown,NULL,NULL
2591,US,USD,0,0,0,NULL,2013-12-12 15:56:03,Unknown,NULL,NULL
2511,US,USD,0,0,0,NULL,2013-12-12 15:56:03,Unknown,NULL,NULL
2402,US,USD,0,0,0,NULL,2013-12-12 15:56:03,Unknown,NULL,NULL
2292,US,USD,0,0,0,NULL,2013-12-12 15:56:03,Unknown,NULL,NULL
401,US,USD,0,0,0,NULL,2013-12-12 15:56:03,Unknown,NULL,NULL
136,US,USD,0,0,0,NULL,2013-12-12 15:56:03,Unknown,NULL,NULL
2836,UK,GBP,461,2,11,4.89,2021-11-18 14:46:48,Unknown,NULL,0.0089999996125698
2327,UK,GBP,461,2,11,4.89,2021-11-18 14:46:48,Unknown,NULL,0.0089999996125698
373,NL,EUR,56,0,0,4.96,2023-10-17 20:03:01,Unknown,NULL,0.03
158,FR,EUR,325,5,44,4.49,2017-03-17 19:53:08,Unknown,NULL,0.00600000005215406
287,FR,EUR,190,1,2,4.92,2018-04-14 9:37:07,Unknown,NULL,0.00600000005215406
2645,UK,GBP,464,3,22,4.79,2024-01-03 17:00:24,e. 20 - 22 years old,AUTO_SHADOW_BAN_MSG_SIMILARITY,0.011
3242,FR,EUR,88,0,2,4.91,2021-04-19 10:49:05,i. 32+ years old,NULL,0.00600000005215406
1356,DE,EUR,0,0,0,NULL,2019-11-23 1:47:11,Unknown,NULL,NULL
132,DE,EUR,0,0,0,NULL,2019-11-23 1:47:11,Unknown,NULL,NULL
1156,UK,GBP,64,0,0,5,2022-09-18 7:59:54,i. 32+ years old,NULL,0.013
1040,FR,EUR,137,2,5,4.8,2017-05-01 15:43:25,Unknown,NULL,0.00600000005215406
1993,UK,GBP,44,1,1,4.85,2023-02-02 21:38:40,Unknown,NULL,0.015
3649,FR,EUR,187,1,7,4.84,2013-07-11 17:59:29,d. 17 - 19 years old,SCAM_OTHER,0.00600000005215406
3054,FR,EUR,187,1,7,4.84,2013-07-11 17:59:29,d. 17 - 19 years old,SCAM_OTHER,0.00600000005215406
2676,FR,EUR,187,1,7,4.84,2013-07-11 17:59:29,d. 17 - 19 years old,SCAM_OTHER,0.00600000005215406
1569,FR,EUR,187,1,7,4.84,2013-07-11 17:59:29,d. 17 - 19 years old,SCAM_OTHER,0.00600000005215406
1358,FR,EUR,187,1,7,4.84,2013-07-11 17:59:29,d. 17 - 19 years old,SCAM_OTHER,0.00600000005215406
813,FR,EUR,187,1,7,4.84,2013-07-11 17:59:29,d. 17 - 19 years old,SCAM_OTHER,0.00600000005215406
803,FR,EUR,187,1,7,4.84,2013-07-11 17:59:29,d. 17 - 19 years old,SCAM_OTHER,0.00600000005215406
2703,UK,GBP,25,0,0,5,2022-01-23 18:56:13,d. 17 - 19 years old,NULL,0.00600000005215406
1004,UK,GBP,25,0,0,5,2022-01-23 18:56:13,d. 17 - 19 years old,NULL,0.00600000005215406
771,UK,GBP,110,0,0,5,2022-08-08 17:02:13,Unknown,NULL,0.0089999996125698
623,UK,GBP,64,0,0,4.98,2023-02-08 22:21:44,Unknown,NULL,0.008
1934,NL,EUR,346,3,5,4.9,2023-03-29 6:15:54,i. 32+ years old,NULL,0.016
733,FR,EUR,87,1,2,4.86,2018-12-01 21:46:11,Unknown,NULL,0.00600000005215406
3101,NL,EUR,38,0,1,4.87,2019-09-06 7:26:25,d. 17 - 19 years old,NULL,0.00600000005215406
1679,DE,EUR,0,0,0,NULL,2019-09-16 14:44:56,Unknown,NULL,NULL
1401,DE,EUR,0,0,0,NULL,2019-09-16 14:44:56,Unknown,NULL,NULL
1926,DE,EUR,3,0,0,5,2019-03-12 8:22:26,Unknown,NULL,NULL
554,DE,EUR,3,0,0,5,2019-03-12 8:22:26,Unknown,NULL,NULL
3445,UK,GBP,1829,5,62,4.85,2021-03-22 8:15:48,e. 20 - 22 years old,NULL,0.00600000005215406
1240,UK,GBP,92,2,1,4.91,2023-03-03 18:40:06,Unknown,NULL,0.01
2963,FR,EUR,140,2,10,4.69,2020-06-14 17:11:58,e. 20 - 22 years old,NULL,0.00600000005215406
2819,IT,EUR,442,2,12,4.88,2021-01-09 13:18:38,Unknown,NULL,0.00600000005215406
3334,FR,EUR,106,1,1,4.94,2020-03-09 23:58:45,i. 32+ years old,AUTO_SHADOW_BAN_MEMBER_SCORE,0.00600000005215406
585,UK,GBP,794,3,15,4.91,2021-05-04 19:56:11,g. 27 - 29 years old,AUTO_SHADOW_BAN_SPAM_MODEL,0.00600000005215406
2271,FR,EUR,12,0,0,5,2023-02-13 18:24:45,Unknown,NULL,0.007
1536,UK,GBP,112,0,0,5,2023-05-31 17:25:07,Unknown,NULL,0.012
192,FR,EUR,21,0,4,4.28,2021-03-11 20:36:18,e. 20 - 22 years old,NULL,0.00600000005215406
1231,UK,GBP,25,1,6,4.19,2023-09-16 22:04:25,f. 23 - 26 years old,NULL,0.029
2156,FR,EUR,59,0,4,4.75,2017-02-14 7:22:28,Unknown,NULL,0.00600000005215406
1427,UK,GBP,331,0,5,4.93,2023-05-29 11:39:26,i. 32+ years old,NULL,0.014
1969,UK,GBP,23,0,0,5,2023-09-23 10:20:17,i. 32+ years old,NULL,0.016
3258,NL,EUR,157,1,16,4.61,2019-10-21 14:57:33,Unknown,NULL,0.00600000005215406
1557,NL,EUR,41,1,0,4.95,2021-09-07 17:15:22,Unknown,NULL,0.00600000005215406
2905,LT,NULL,0,0,0,NULL,2011-09-21 7:00:32,Unknown,NULL,NULL
2323,LT,NULL,0,0,0,NULL,2011-09-21 7:00:32,Unknown,NULL,NULL
2024,LT,NULL,0,0,0,NULL,2011-09-21 7:00:32,Unknown,NULL,NULL
1450,LT,NULL,0,0,0,NULL,2011-09-21 7:00:32,Unknown,NULL,NULL
1345,LT,NULL,0,0,0,NULL,2011-09-21 7:00:32,Unknown,NULL,NULL
1026,LT,NULL,0,0,0,NULL,2011-09-21 7:00:32,Unknown,NULL,NULL
996,LT,NULL,0,0,0,NULL,2011-09-21 7:00:32,Unknown,NULL,NULL
3061,UK,GBP,30,0,0,5,2022-02-22 21:58:49,Unknown,NULL,0.0860000029206276
3610,UK,GBP,0,0,0,NULL,2024-08-11 15:41:31,Unknown,NULL,0.324
2001,UK,GBP,57,0,0,5,2023-03-14 13:05:15,Unknown,NULL,0.012
2648,UK,GBP,3,0,0,5,2023-09-23 19:10:31,Unknown,NULL,0.012
3097,UK,GBP,156,0,0,4.98,2022-09-10 13:52:08,Unknown,NULL,0.0130000002682209
24,UK,GBP,17,0,1,4.78,2024-03-28 11:37:58,Unknown,NULL,0.015
3161,UK,GBP,108,0,28,4.18,2023-01-02 20:00:22,c. 16 - 16 years old,AUTO_SHADOW_BAN_MEMBER_SCORE,0.015
738,UK,GBP,8,0,0,5,2022-08-29 15:31:24,e. 20 - 22 years old,NULL,0.019
2807,UK,GBP,66,0,3,4.83,2023-02-18 13:41:53,Unknown,NULL,0.088
251,RO,RON,23,0,0,5,2023-06-07 21:04:30,Unknown,NULL,0.007
352,UK,GBP,167,1,5,4.87,2022-04-10 8:43:33,i. 32+ years old,NULL,0.0109999999403953
2105,FR,EUR,29,0,3,4.66,2019-03-12 19:34:53,b. 13 - 15 years old,NULL,0.00600000005215406
2170,UK,GBP,306,1,1,4.97,2021-02-11 22:19:31,Unknown,USED_COSMETIC_BLOCK,0.00600000005215406
3376,UK,GBP,445,0,3,4.98,2022-04-22 11:23:51,Unknown,AUTO_SHADOW_BAN_SPAM_MODEL,0.00999999977648258
1278,UK,GBP,694,2,9,4.94,2023-11-05 10:27:51,Unknown,AUTO_PHISHING_IMAGE_REVIEW,0.02
1340,UK,GBP,192,0,0,5,2023-01-19 16:28:23,h. 30 - 31 years old,NULL,0.013
2745,NL,EUR,159,1,6,4.83,2023-03-31 18:09:20,Unknown,NULL,0.015
1302,DE,EUR,0,0,0,NULL,2016-01-22 17:16:31,Unknown,NULL,NULL
837,DE,EUR,0,0,0,NULL,2016-01-22 17:16:31,Unknown,NULL,NULL
1935,UK,GBP,354,0,11,4.88,2022-03-04 11:17:55,Unknown,NULL,0.0120000001043081
3081,UK,GBP,44,0,0,5,2022-08-30 17:38:55,Unknown,NULL,0.0109999999403953
374,HU,HUF,54,1,2,4.81,2022-11-06 20:05:44,i. 32+ years old,NULL,0.01
3652,UK,GBP,24,0,0,5,2024-01-28 8:51:26,Unknown,NULL,0.076
2075,UK,GBP,11,0,0,5,2022-04-30 13:37:16,Unknown,NULL,0.0109999999403953
135,UK,GBP,76,0,0,5,2022-11-07 16:16:26,Unknown,NULL,0.007
244,UK,GBP,30,0,12,3.86,2022-11-16 13:19:06,Unknown,NULL,0.011
1580,FR,EUR,45,0,0,4.98,2024-01-15 8:23:26,d. 17 - 19 years old,AUTO_SHADOW_BAN_SPAM_MODEL,0.014
1561,FR,EUR,347,2,3,4.95,2020-02-26 7:44:13,Unknown,NULL,0.00600000005215406
1309,FR,EUR,175,2,14,4.69,2019-01-09 23:17:04,Unknown,NULL,0.00600000005215406
2847,UK,GBP,80,0,2,4.9,2021-12-17 22:11:40,Unknown,NULL,0.0209999997168779
1922,UK,GBP,80,0,2,4.9,2021-12-17 22:11:40,Unknown,NULL,0.0209999997168779
1703,UK,GBP,107,0,0,4.96,2021-04-16 17:43:30,i. 32+ years old,NULL,0.00600000005215406
1359,UK,GBP,91,0,0,4.98,2021-08-24 19:28:14,Unknown,NULL,0.00600000005215406
956,UK,GBP,84,0,1,4.95,2023-02-24 22:53:58,Unknown,NULL,0.011
3159,NL,EUR,170,2,2,4.91,2020-05-02 18:23:45,e. 20 - 22 years old,NULL,0.00600000005215406
3475,DE,EUR,0,0,0,NULL,2019-12-13 18:17:03,Unknown,NULL,NULL
2076,DE,EUR,0,0,0,NULL,2019-12-13 18:17:03,Unknown,NULL,NULL
2236,SK,EUR,17,1,4,4.14,2022-06-15 20:39:19,Unknown,AUTO_SHADOW_BAN_MEMBER_SCORE,0.0170000009238719
2646,FR,EUR,2560,9,5,4.98,2017-11-26 14:20:38,i. 32+ years old,NULL,0.00600000005215406
713,FR,EUR,2560,9,5,4.98,2017-11-26 14:20:38,i. 32+ years old,NULL,0.00600000005215406
1712,UK,GBP,273,0,3,4.95,2021-11-22 20:54:34,Unknown,NULL,0.0120000001043081
566,UK,GBP,273,0,3,4.95,2021-11-22 20:54:34,Unknown,NULL,0.0120000001043081
1230,NL,EUR,15,0,2,4.35,2020-01-02 21:15:06,e. 20 - 22 years old,NULL,0.00600000005215406
2038,FR,EUR,82,1,24,4.07,2020-09-07 13:37:47,Unknown,NULL,0.00600000005215406
3404,US,USD,0,0,0,NULL,2014-01-13 22:40:56,Unknown,NULL,NULL
2232,US,USD,0,0,0,NULL,2014-01-13 22:40:56,Unknown,NULL,NULL
2073,US,USD,0,0,0,NULL,2014-01-13 22:40:56,Unknown,NULL,NULL
1094,US,USD,0,0,0,NULL,2014-01-13 22:40:56,Unknown,NULL,NULL
571,US,USD,0,0,0,NULL,2014-01-13 22:40:56,Unknown,NULL,NULL
477,US,USD,0,0,0,NULL,2014-01-13 22:40:56,Unknown,NULL,NULL
420,US,USD,0,0,0,NULL,2014-01-13 22:40:56,Unknown,NULL,NULL
19,US,USD,0,0,0,NULL,2014-01-13 22:40:56,Unknown,NULL,NULL
1141,UK,GBP,333,0,0,5,2021-09-02 14:00:33,Unknown,AUTO_SHADOW_BAN_SPAM_MODEL,0.00600000005215406
1420,DE,EUR,0,0,0,NULL,2020-01-10 14:28:57,Unknown,NULL,NULL
1405,DE,EUR,0,0,0,NULL,2020-01-10 14:28:57,Unknown,NULL,NULL
1236,ES,EUR,127,2,5,4.83,2022-02-07 20:29:06,Unknown,NULL,0.00800000037997961
8,ES,EUR,127,2,5,4.83,2022-02-07 20:29:06,Unknown,NULL,0.00800000037997961
3635,ES,EUR,75,0,2,4.87,2021-10-18 8:32:41,i. 32+ years old,NULL,0.00600000005215406
1918,PL,PLN,68,2,9,4.48,2021-08-28 11:05:29,i. 32+ years old,NULL,0.00600000005215406
2092,UK,GBP,30,0,1,4.87,2022-11-13 19:01:06,g. 27 - 29 years old,NULL,0.158
123,FR,EUR,27,0,3,4.6,2018-06-04 17:29:13,c. 16 - 16 years old,NULL,0.00600000005215406
53,FR,EUR,98,0,3,4.87,2021-02-22 11:42:03,e. 20 - 22 years old,BLOCK_2PROFILES,0.00600000005215406
152,UK,GBP,828,6,12,4.91,2023-02-13 12:54:54,e. 20 - 22 years old,NULL,0.013
2226,FR,EUR,1789,6,7,4.96,2022-01-22 7:12:12,Unknown,NULL,0.0170000009238719
1595,UK,GBP,0,0,0,NULL,2024-09-03 22:23:30,Unknown,REPLICA_OFFENDER,0.0810000002384185
1642,NL,EUR,301,1,1,4.97,2020-08-13 10:21:32,i. 32+ years old,AUTO_SHADOW_BAN_SPAM_MODEL,0.00600000005215406
3100,PL,PLN,0,0,0,NULL,2015-03-09 22:06:15,Unknown,NULL,NULL
2610,PL,PLN,0,0,0,NULL,2015-03-09 22:06:15,Unknown,NULL,NULL
1923,PL,PLN,0,0,0,NULL,2015-03-09 22:06:15,Unknown,NULL,NULL
1381,PL,PLN,0,0,0,NULL,2015-03-09 22:06:15,Unknown,NULL,NULL
1280,PL,PLN,0,0,0,NULL,2015-03-09 22:06:15,Unknown,NULL,NULL
304,PL,PLN,0,0,0,NULL,2015-03-09 22:06:15,Unknown,NULL,NULL
274,PL,PLN,0,0,0,NULL,2015-03-09 22:06:15,Unknown,NULL,NULL
3412,UK,GBP,38,0,0,5,2023-01-08 0:16:08,Unknown,REPLICA_OFFENDER,0.013
1995,UK,GBP,40,0,0,5,2023-01-27 10:40:41,Unknown,NULL,0.01
1743,FR,EUR,63,0,5,4.71,2019-06-10 15:17:16,Unknown,NULL,0.00600000005215406
3591,PL,PLN,0,0,0,NULL,2016-04-19 17:48:32,Unknown,NULL,NULL
3350,PL,PLN,0,0,0,NULL,2016-04-19 17:48:32,Unknown,NULL,NULL
2709,PL,PLN,0,0,0,NULL,2016-04-19 17:48:32,Unknown,NULL,NULL
1961,PL,PLN,0,0,0,NULL,2016-04-19 17:48:32,Unknown,NULL,NULL
1654,PL,PLN,0,0,0,NULL,2016-04-19 17:48:32,Unknown,NULL,NULL
1571,PL,PLN,0,0,0,NULL,2016-04-19 17:48:32,Unknown,NULL,NULL
1453,PL,PLN,0,0,0,NULL,2016-04-19 17:48:32,Unknown,NULL,NULL
3662,UK,GBP,137,3,77,3.53,2022-02-09 8:10:15,Unknown,NULL,0.025000000372529
3525,UK,GBP,137,3,77,3.53,2022-02-09 8:10:15,Unknown,NULL,0.025000000372529
1531,UK,GBP,10,0,0,5,2023-05-26 19:52:41,Unknown,NULL,0.053
1659,UK,GBP,83,0,1,4.95,2022-06-08 21:30:29,Unknown,NULL,0.0120000001043081
1377,UK,GBP,36,0,4,4.6,2023-01-12 22:48:29,g. 27 - 29 years old,NULL,0.015
2394,UK,GBP,203,1,6,4.82,2023-11-03 9:55:49,i. 32+ years old,NULL,0.01
2275,BE,EUR,55,0,0,4.96,2019-10-27 20:50:24,Unknown,NULL,0.00600000005215406
280,UK,GBP,48,1,8,4.39,2022-05-16 8:25:43,Unknown,NULL,0.0120000001043081
384,UK,GBP,0,0,0,0,2024-08-13 17:03:30,Unknown,NULL,0.701
2932,UK,GBP,568,10,3,4.93,2023-10-02 18:07:14,Unknown,NULL,0.02
2302,UK,GBP,12,0,3,4.13,2022-08-20 14:19:42,Unknown,NULL,0.0160000007599592
1616,UK,GBP,69,0,0,5,2021-07-03 10:46:23,Unknown,NULL,0.00600000005215406
1393,IT,EUR,2,0,0,5,2022-11-06 18:50:51,d. 17 - 19 years old,NULL,0.012
1608,UK,GBP,455,2,12,4.89,2021-07-27 19:30:43,Unknown,NULL,0.00600000005215406
2811,UK,GBP,40,0,0,4.98,2022-05-09 20:53:33,Unknown,NULL,0.104999996721744
221,IT,EUR,335,1,0,4.99,2021-01-16 6:50:14,d. 17 - 19 years old,NULL,0.00600000005215406
1056,UK,GBP,259,0,8,4.88,2022-11-25 0:31:27,Unknown,NULL,0.258
2856,UK,GBP,185,0,0,4.99,2021-04-26 20:24:16,i. 32+ years old,NULL,0.00600000005215406
368,UK,GBP,29,0,1,4.83,2023-05-01 16:39:36,i. 32+ years old,NULL,0.014
2927,DE,EUR,0,0,0,NULL,2020-07-17 12:23:15,Unknown,NULL,NULL
2786,DE,EUR,0,0,0,NULL,2020-07-17 12:23:15,Unknown,NULL,NULL
1978,FR,EUR,127,2,15,4.53,2022-02-28 19:22:22,e. 20 - 22 years old,NULL,0.0149999996647238
1126,UK,GBP,164,1,5,4.87,2022-08-07 20:17:21,d. 17 - 19 years old,NULL,0.0299999993294477
164,UK,GBP,15,1,0,4.88,2023-11-17 13:05:57,Unknown,NULL,0.01
575,UK,GBP,606,1,5,4.96,2022-08-30 19:56:06,g. 27 - 29 years old,NULL,0.0140000004321336
1138,NL,EUR,59,0,5,4.69,2020-10-28 13:13:05,e. 20 - 22 years old,NULL,0.00600000005215406
3575,DE,EUR,0,0,0,NULL,2013-07-13 16:49:17,Unknown,NULL,NULL
2928,DE,EUR,0,0,0,NULL,2013-07-13 16:49:17,Unknown,NULL,NULL
2305,DE,EUR,0,0,0,NULL,2013-07-13 16:49:17,Unknown,NULL,NULL
2112,DE,EUR,0,0,0,NULL,2013-07-13 16:49:17,Unknown,NULL,NULL
88,DE,EUR,0,0,0,NULL,2013-07-13 16:49:17,Unknown,NULL,NULL
1578,UK,GBP,208,0,10,4.81,2021-07-25 23:28:26,Unknown,AUTO_PHISHING_IMAGE_REVIEW,0.00600000005215406
3322,UK,GBP,40,0,5,4.56,2021-09-09 5:30:18,Unknown,NULL,0.00600000005215406
1690,UK,GBP,907,1,9,4.96,2022-06-19 20:50:44,Unknown,AUTO_SHADOW_BAN_SPAM_MODEL,0.00700000021606683
1524,UK,GBP,339,0,10,4.87,2023-02-21 9:38:38,Unknown,NULL,0.012
1764,ES,EUR,174,2,0,4.95,2020-11-23 7:36:49,Unknown,AUTO_SHADOW_BAN_MEMBER_SCORE,0.00600000005215406
3253,FR,EUR,61,1,0,4.97,2022-12-29 18:58:14,Unknown,NULL,0.007
3114,UK,GBP,21,0,0,5,2024-06-24 9:40:49,Unknown,NULL,0.028
112,UK,GBP,44,0,0,5,2023-03-25 22:56:52,Unknown,AUTO_SHADOW_BAN_SPAM_MODEL,0.028
2503,UK,GBP,6,0,0,5,2024-07-25 14:33:41,Unknown,AUTO_SHADOW_BAN_MSG_SIMILARITY,0.026
2986,FR,EUR,189,0,6,4.87,2019-10-13 8:02:07,Unknown,NULL,0.00600000005215406
772,UK,GBP,39,0,1,4.9,2022-08-01 14:01:32,Unknown,NULL,0.00600000005215406
722,UK,GBP,26,0,0,5,2024-02-23 22:21:36,Unknown,NULL,0.0120000001043081
3219,UK,GBP,29,0,0,5,2023-01-28 11:02:31,Unknown,NULL,0.013
3483,UK,GBP,10,0,0,5,2023-08-07 9:20:26,Unknown,AUTO_SHADOW_BAN_SPAM_MODEL,0.012
1162,HU,HUF,40,0,0,4.98,2023-03-20 5:32:20,Unknown,AUTO_SHADOW_BAN_MSG_SIMILARITY,0.006
1504,UK,GBP,924,3,4,4.97,2023-05-18 1:54:33,Unknown,NULL,0.011
2553,UK,GBP,4,0,2,3.67,2023-11-01 14:08:40,Unknown,NULL,0.011
2939,DE,EUR,15,0,0,5,2019-08-21 8:33:22,Unknown,NULL,NULL
226,DE,EUR,15,0,0,5,2019-08-21 8:33:22,Unknown,NULL,NULL
2507,UK,GBP,79,0,2,4.88,2022-02-19 15:22:26,Unknown,NULL,0.0109999999403953
806,UK,GBP,79,0,2,4.88,2022-02-19 15:22:26,Unknown,NULL,0.0109999999403953
3343,DE,EUR,2,0,0,NULL,2011-12-15 16:25:28,Unknown,NULL,NULL
3265,DE,EUR,2,0,0,NULL,2011-12-15 16:25:28,Unknown,NULL,NULL
2946,DE,EUR,2,0,0,NULL,2011-12-15 16:25:28,Unknown,NULL,NULL
2591,DE,EUR,2,0,0,NULL,2011-12-15 16:25:28,Unknown,NULL,NULL
2511,DE,EUR,2,0,0,NULL,2011-12-15 16:25:28,Unknown,NULL,NULL
2402,DE,EUR,2,0,0,NULL,2011-12-15 16:25:28,Unknown,NULL,NULL
2292,DE,EUR,2,0,0,NULL,2011-12-15 16:25:28,Unknown,NULL,NULL
401,DE,EUR,2,0,0,NULL,2011-12-15 16:25:28,Unknown,NULL,NULL
136,DE,EUR,2,0,0,NULL,2011-12-15 16:25:28,Unknown,NULL,NULL
1159,FR,EUR,385,1,9,4.88,2018-12-29 12:51:42,Unknown,SHADOW_BAN_SPAM,0.00600000005215406
3560,UK,GBP,1277,5,14,4.95,2021-05-10 17:08:39,Unknown,NULL,0.00600000005215406
1062,UK,GBP,0,0,0,NULL,2024-04-18 20:43:41,Unknown,NULL,0.006
2541,UK,GBP,5,0,0,5,2023-02-01 20:30:01,Unknown,NULL,0.013
990,UK,GBP,52,0,8,4.45,2023-03-16 21:09:30,Unknown,AUTO_SHADOW_BAN_MSG_SIMILARITY,0.008
43,FR,EUR,305,1,13,4.81,2022-07-25 17:29:41,i. 32+ years old,NULL,0.0270000007003545
632,UK,GBP,1,0,0,5,2023-08-22 13:39:42,Unknown,NULL,0.075
29,UK,GBP,0,0,0,NULL,2024-07-23 17:24:26,Unknown,NULL,0.79
2617,UK,GBP,76,0,0,5,2024-08-07 13:12:58,i. 32+ years old,NULL,0.012
3079,FR,EUR,432,3,3,4.93,2017-02-13 14:36:14,Unknown,NULL,0.00600000005215406
2682,UK,GBP,1,0,0,5,2022-02-25 8:44:11,Unknown,NULL,0.00600000005215406
1254,UK,GBP,128,0,0,5,2023-12-08 18:35:33,e. 20 - 22 years old,NULL,0.019
3197,UK,GBP,5,0,0,5,2023-11-29 8:27:31,Unknown,REPLICA_OFFENDER,0.106
2805,DE,EUR,0,0,0,NULL,2012-08-17 17:46:51,Unknown,NULL,NULL
1819,DE,EUR,0,0,0,NULL,2012-08-17 17:46:51,Unknown,NULL,NULL
1809,DE,EUR,0,0,0,NULL,2012-08-17 17:46:51,Unknown,NULL,NULL
1158,DE,EUR,0,0,0,NULL,2012-08-17 17:46:51,Unknown,NULL,NULL
894,DE,EUR,0,0,0,NULL,2012-08-17 17:46:51,Unknown,NULL,NULL
787,DE,EUR,0,0,0,NULL,2012-08-17 17:46:51,Unknown,NULL,NULL
315,DE,EUR,0,0,0,NULL,2012-08-17 17:46:51,Unknown,NULL,NULL
75,IT,EUR,59,0,0,5,2022-06-11 9:04:04,Unknown,AUTO_SHADOW_BAN_SPAM_MODEL,0.0140000004321336
811,UK,GBP,237,2,30,4.52,2020-12-18 15:37:43,e. 20 - 22 years old,NULL,0.00600000005215406
1497,UK,GBP,508,1,6,4.94,2021-07-10 19:38:37,Unknown,NULL,0.00600000005215406
2940,IT,EUR,29,0,3,4.63,2021-12-11 7:09:07,Unknown,NULL,0.00999999977648258
2896,IT,EUR,29,0,3,4.63,2021-12-11 7:09:07,Unknown,NULL,0.00999999977648258
415,IT,EUR,53,0,1,4.91,2021-05-07 10:37:56,Unknown,AUTO_PHISHING_IMAGE_REVIEW,0.00600000005215406
1676,PT,EUR,24,0,4,4.32,2022-03-03 17:53:19,Unknown,NULL,0.0130000002682209
2228,UK,GBP,46,0,2,4.83,2022-04-12 11:24:09,Unknown,NULL,0.0710000023245811
1852,UK,GBP,83,0,0,4.99,2023-02-28 19:03:44,Unknown,NULL,0.008
3134,ES,EUR,55,0,7,4.55,2023-04-05 4:58:06,Unknown,NULL,0.019
3343,CZ,CZK,16,0,0,5,2013-05-28 7:18:30,Unknown,NULL,NULL
3265,CZ,CZK,16,0,0,5,2013-05-28 7:18:30,Unknown,NULL,NULL
2946,CZ,CZK,16,0,0,5,2013-05-28 7:18:30,Unknown,NULL,NULL
2591,CZ,CZK,16,0,0,5,2013-05-28 7:18:30,Unknown,NULL,NULL
2511,CZ,CZK,16,0,0,5,2013-05-28 7:18:30,Unknown,NULL,NULL
2402,CZ,CZK,16,0,0,5,2013-05-28 7:18:30,Unknown,NULL,NULL
2292,CZ,CZK,16,0,0,5,2013-05-28 7:18:30,Unknown,NULL,NULL
401,CZ,CZK,16,0,0,5,2013-05-28 7:18:30,Unknown,NULL,NULL
136,CZ,CZK,16,0,0,5,2013-05-28 7:18:30,Unknown,NULL,NULL
2742,UK,GBP,204,0,2,4.96,2023-08-27 10:53:15,Unknown,NULL,0.042
1245,UK,GBP,231,0,0,5,2022-04-19 21:48:18,Unknown,NULL,0.0120000001043081
1253,FR,EUR,9,0,0,5,2024-03-26 17:43:55,Unknown,NULL,0.056
2674,UK,GBP,561,0,6,4.96,2023-09-07 21:22:33,i. 32+ years old,NULL,0.014
1351,NL,EUR,31,1,4,4.5,2020-08-02 12:54:27,d. 17 - 19 years old,NULL,0.00600000005215406
3029,CZ,CZK,0,0,0,NULL,2014-09-29 20:19:30,Unknown,NULL,NULL
2739,CZ,CZK,0,0,0,NULL,2014-09-29 20:19:30,Unknown,NULL,NULL
2027,CZ,CZK,0,0,0,NULL,2014-09-29 20:19:30,Unknown,NULL,NULL
1999,CZ,CZK,0,0,0,NULL,2014-09-29 20:19:30,Unknown,NULL,NULL
1783,CZ,CZK,0,0,0,NULL,2014-09-29 20:19:30,Unknown,NULL,NULL
1565,CZ,CZK,0,0,0,NULL,2014-09-29 20:19:30,Unknown,NULL,NULL
1423,CZ,CZK,0,0,0,NULL,2014-09-29 20:19:30,Unknown,NULL,NULL
2364,UK,GBP,0,0,0,NULL,2024-07-29 13:51:11,Unknown,NULL,0.476
2878,UK,GBP,160,0,1,4.98,2023-05-08 13:10:11,Unknown,NULL,0.013
1585,UK,GBP,717,0,0,5,2022-01-20 16:39:03,i. 32+ years old,NULL,0.00800000037997961
490,UK,GBP,717,0,0,5,2022-01-20 16:39:03,i. 32+ years old,NULL,0.00800000037997961
2992,UK,GBP,11,0,0,4.91,2023-08-24 6:16:51,Unknown,NULL,0.023
1513,UK,GBP,706,0,26,4.86,2022-01-31 17:30:53,Unknown,NULL,0.0109999999403953
3539,US,USD,0,0,0,NULL,2021-03-28 11:25:20,Unknown,NULL,NULL
2669,US,USD,0,0,0,NULL,2021-03-28 11:25:20,Unknown,NULL,NULL
278,IT,EUR,91,0,1,4.91,2021-01-21 14:41:53,i. 32+ years old,NULL,0.00600000005215406
1307,NL,EUR,61,0,0,5,2022-05-09 22:02:23,Unknown,AUTO_SHADOW_BAN_SPAM_MODEL,0.104999996721744
2528,UK,GBP,3,0,0,5,2023-04-11 21:16:11,Unknown,NULL,0.009
1528,UK,GBP,36,0,2,4.79,2023-07-10 12:39:26,f. 23 - 26 years old,NULL,0.024
529,UK,GBP,176,0,1,4.97,2023-04-23 10:30:25,Unknown,NULL,0.105
68,UK,GBP,23,0,0,5,2023-05-23 13:23:05,Unknown,NULL,0.018
3188,UK,GBP,180,0,3,4.93,2021-04-05 14:07:11,g. 27 - 29 years old,NULL,0.00600000005215406
2884,IT,EUR,309,3,2,4.95,2022-07-29 10:31:35,Unknown,AUTO_SHADOW_BAN_SPAM_MODEL,0.0189999993890523
494,FR,EUR,278,2,5,4.9,2023-04-10 12:11:20,Unknown,AUTO_SHADOW_BAN_SPAM_MODEL,0.016
2850,FR,EUR,102,2,3,4.81,2021-08-26 22:08:03,Unknown,NULL,0.00600000005215406
3393,DE,EUR,43,0,0,5,2012-10-22 10:52:37,Unknown,NULL,NULL
2975,DE,EUR,43,0,0,5,2012-10-22 10:52:37,Unknown,NULL,NULL
2684,DE,EUR,43,0,0,5,2012-10-22 10:52:37,Unknown,NULL,NULL
2041,DE,EUR,43,0,0,5,2012-10-22 10:52:37,Unknown,NULL,NULL
1708,DE,EUR,43,0,0,5,2012-10-22 10:52:37,Unknown,NULL,NULL
1239,DE,EUR,43,0,0,5,2012-10-22 10:52:37,Unknown,NULL,NULL
819,DE,EUR,43,0,0,5,2012-10-22 10:52:37,Unknown,NULL,NULL
362,DE,EUR,43,0,0,5,2012-10-22 10:52:37,Unknown,NULL,NULL
211,DE,EUR,43,0,0,5,2012-10-22 10:52:37,Unknown,NULL,NULL
1609,NL,EUR,583,2,20,4.84,2021-09-07 14:17:33,Unknown,AUTO_SHADOW_BAN_SPAM_MODEL,0.00600000005215406
2067,UK,GBP,6,0,4,3.4,2024-02-20 11:25:00,f. 23 - 26 years old,NULL,0.014
2557,UK,GBP,74,0,3,4.84,2022-02-19 23:17:09,Unknown,NULL,0.00700000021606683
2248,UK,GBP,74,0,3,4.84,2022-02-19 23:17:09,Unknown,NULL,0.00700000021606683
2973,UK,GBP,1,0,0,5,2024-08-30 2:16:09,Unknown,REPLICA_OFFENDER,0.168
3675,FR,EUR,4,0,0,5,2022-08-01 21:57:56,Unknown,NULL,0.0419999994337558
1057,UK,GBP,495,1,21,4.81,2022-04-05 13:19:08,Unknown,INCOMPLETE_ORDER2,0.00700000021606683
298,BE,EUR,21,0,0,5,2024-04-20 18:20:27,Unknown,NULL,0.007
1289,FR,EUR,1114,3,6,4.96,2019-11-16 15:19:38,e. 20 - 22 years old,NULL,0.00600000005215406
938,HU,HUF,102,0,1,4.96,2024-04-08 12:38:10,Unknown,AUTO_SHADOW_BAN_SPAM_MODEL,0.007
3665,UK,GBP,32,0,0,5,2021-09-14 7:50:46,Unknown,NULL,0.00600000005215406
1224,ES,EUR,11,0,0,5,2024-01-17 11:54:22,Unknown,NULL,0.008
1260,UK,GBP,17,1,6,3.88,2023-04-11 12:05:06,Unknown,NULL,0.012
1715,UK,GBP,133,1,2,4.91,2023-07-05 21:46:12,Unknown,NULL,0.007
904,NL,EUR,224,2,6,4.85,2019-09-18 9:42:47,f. 23 - 26 years old,NULL,0.00600000005215406
802,UK,GBP,1028,2,10,4.95,2021-04-14 15:11:07,i. 32+ years old,AUTO_SHADOW_BAN_SPAM_MODEL,0.00600000005215406
2993,FR,EUR,554,2,0,4.99,2023-08-31 6:21:47,i. 32+ years old,AUTO_SHADOW_BAN_SPAM_MODEL,0.118
480,FR,EUR,49,0,1,4.88,2020-02-02 0:42:45,Unknown,NULL,0.00600000005215406
761,UK,GBP,477,0,5,4.96,2021-11-20 9:42:28,i. 32+ years old,NULL,0.0140000004321336
669,UK,GBP,477,0,5,4.96,2021-11-20 9:42:28,i. 32+ years old,NULL,0.0140000004321336
3107,FR,EUR,64,1,5,4.69,2021-02-03 20:11:31,f. 23 - 26 years old,NULL,0.00600000005215406
3520,UK,GBP,798,1,11,4.94,2021-09-30 22:11:42,e. 20 - 22 years old,NULL,0.00600000005215406
3358,DE,EUR,406,0,1,4.99,2015-02-26 17:00:49,h. 30 - 31 years old,NULL,NULL
1816,DE,EUR,406,0,1,4.99,2015-02-26 17:00:49,h. 30 - 31 years old,NULL,NULL
1805,DE,EUR,406,0,1,4.99,2015-02-26 17:00:49,h. 30 - 31 years old,NULL,NULL
1582,DE,EUR,406,0,1,4.99,2015-02-26 17:00:49,h. 30 - 31 years old,NULL,NULL
975,DE,EUR,406,0,1,4.99,2015-02-26 17:00:49,h. 30 - 31 years old,NULL,NULL
688,DE,EUR,406,0,1,4.99,2015-02-26 17:00:49,h. 30 - 31 years old,NULL,NULL
2272,FR,EUR,160,0,39,4.16,2017-01-22 11:25:56,Unknown,NULL,0.00600000005215406
1868,FR,EUR,1,0,0,5,2024-05-28 16:26:57,Unknown,SCAM_OTHER,0.023
3614,DE,EUR,0,0,0,NULL,2019-05-25 5:55:20,Unknown,NULL,NULL
1297,DE,EUR,0,0,0,NULL,2019-05-25 5:55:20,Unknown,NULL,NULL
1546,UK,GBP,8,0,0,4.88,2023-03-20 21:12:00,g. 27 - 29 years old,NULL,0.006
2794,UK,GBP,7,0,3,3.8,2021-07-28 12:51:09,Unknown,NULL,0.00600000005215406
422,UK,GBP,69,0,3,4.82,2023-05-01 19:19:04,Unknown,NULL,0.021
2593,UK,GBP,59,1,7,4.54,2023-04-13 21:49:45,g. 27 - 29 years old,NULL,0.014
503,UK,GBP,79,0,41,3.63,2024-02-24 17:28:52,Unknown,AUTO_SHADOW_BAN_MSG_SIMILARITY,0.036
1872,US,USD,0,0,0,NULL,2019-08-27 15:15:19,Unknown,NULL,NULL
310,US,USD,0,0,0,NULL,2019-08-27 15:15:19,Unknown,NULL,NULL
2901,DE,EUR,0,0,0,NULL,2019-05-04 21:11:49,Unknown,NULL,NULL
2748,DE,EUR,0,0,0,NULL,2019-05-04 21:11:49,Unknown,NULL,NULL
1039,NL,EUR,17,0,0,5,2019-08-25 18:58:13,i. 32+ years old,NULL,0.00600000005215406
1232,UK,GBP,111,0,0,4.98,2023-07-10 5:42:08,Unknown,NULL,0.01
1778,UK,GBP,58,0,4,4.74,2023-10-09 10:50:59,i. 32+ years old,AUTO_SHADOW_BAN_SPAM_MODEL,0.012
2463,UK,GBP,272,1,9,4.86,2022-07-08 10:48:14,e. 20 - 22 years old,AUTO_SHADOW_BAN_SPAM_MODEL,0.0130000002682209
2895,UK,GBP,366,0,2,4.98,2022-06-10 15:01:38,f. 23 - 26 years old,NULL,0.0109999999403953
3391,HU,HUF,34,0,0,5,2022-11-05 9:08:08,Unknown,NULL,0.012
1792,UK,GBP,62,0,0,5,2024-02-11 8:01:26,Unknown,NULL,0.022
2408,UK,GBP,67,1,5,4.68,2022-02-20 15:22:27,Unknown,NULL,0.0120000001043081
1063,UK,GBP,67,1,5,4.68,2022-02-20 15:22:27,Unknown,NULL,0.0120000001043081
3404,UK,GBP,0,0,0,NULL,2014-05-26 16:37:10,Unknown,NULL,NULL
2232,UK,GBP,0,0,0,NULL,2014-05-26 16:37:10,Unknown,NULL,NULL
2073,UK,GBP,0,0,0,NULL,2014-05-26 16:37:10,Unknown,NULL,NULL
1094,UK,GBP,0,0,0,NULL,2014-05-26 16:37:10,Unknown,NULL,NULL
571,UK,GBP,0,0,0,NULL,2014-05-26 16:37:10,Unknown,NULL,NULL
477,UK,GBP,0,0,0,NULL,2014-05-26 16:37:10,Unknown,NULL,NULL
420,UK,GBP,0,0,0,NULL,2014-05-26 16:37:10,Unknown,NULL,NULL
19,UK,GBP,0,0,0,NULL,2014-05-26 16:37:10,Unknown,NULL,NULL
3165,FR,EUR,205,4,20,4.57,2018-04-16 17:10:16,Unknown,NULL,0.00600000005215406
3653,DE,EUR,0,0,0,NULL,2012-12-18 12:00:20,Unknown,NULL,NULL
3601,DE,EUR,0,0,0,NULL,2012-12-18 12:00:20,Unknown,NULL,NULL
2981,DE,EUR,0,0,0,NULL,2012-12-18 12:00:20,Unknown,NULL,NULL
1523,DE,EUR,0,0,0,NULL,2012-12-18 12:00:20,Unknown,NULL,NULL
1164,DE,EUR,0,0,0,NULL,2012-12-18 12:00:20,Unknown,NULL,NULL
593,DE,EUR,0,0,0,NULL,2012-12-18 12:00:20,Unknown,NULL,NULL
70,DE,EUR,0,0,0,NULL,2012-12-18 12:00:20,Unknown,NULL,NULL
3577,UK,GBP,96,0,0,4.99,2022-12-04 15:54:13,Unknown,NULL,0.015
2407,UK,GBP,110,0,1,4.96,2023-02-23 23:28:09,i. 32+ years old,NULL,0.027
3532,PL,PLN,0,0,0,NULL,2014-02-09 20:03:59,Unknown,NULL,NULL
2965,PL,PLN,0,0,0,NULL,2014-02-09 20:03:59,Unknown,NULL,NULL
1651,PL,PLN,0,0,0,NULL,2014-02-09 20:03:59,Unknown,NULL,NULL
1437,PL,PLN,0,0,0,NULL,2014-02-09 20:03:59,Unknown,NULL,NULL
1095,PL,PLN,0,0,0,NULL,2014-02-09 20:03:59,Unknown,NULL,NULL
908,PL,PLN,0,0,0,NULL,2014-02-09 20:03:59,Unknown,NULL,NULL
843,PL,PLN,0,0,0,NULL,2014-02-09 20:03:59,Unknown,NULL,NULL
674,PL,PLN,0,0,0,NULL,2014-02-09 20:03:59,Unknown,NULL,NULL
26,PL,PLN,0,0,0,NULL,2014-02-09 20:03:59,Unknown,NULL,NULL
2179,IT,EUR,513,1,4,4.95,2021-01-04 20:53:02,Unknown,NULL,0.00600000005215406
1896,FR,EUR,78,0,0,4.99,2021-06-16 11:57:04,Unknown,NULL,0.00600000005215406
106,PL,PLN,58,0,0,5,2020-01-12 18:30:06,Unknown,NULL,0.00600000005215406
2777,DE,EUR,0,0,0,NULL,2018-06-18 7:04:19,Unknown,NULL,NULL
1281,DE,EUR,0,0,0,NULL,2018-06-18 7:04:19,Unknown,NULL,NULL
761,DE,EUR,2,0,0,5,2016-11-13 13:45:51,d. 17 - 19 years old,NULL,NULL
669,DE,EUR,2,0,0,5,2016-11-13 13:45:51,d. 17 - 19 years old,NULL,NULL
3633,UK,GBP,0,0,0,NULL,2014-08-15 7:19:40,Unknown,NULL,NULL
3241,UK,GBP,0,0,0,NULL,2014-08-15 7:19:40,Unknown,NULL,NULL
3000,UK,GBP,0,0,0,NULL,2014-08-15 7:19:40,Unknown,NULL,NULL
2395,UK,GBP,0,0,0,NULL,2014-08-15 7:19:40,Unknown,NULL,NULL
2128,UK,GBP,0,0,0,NULL,2014-08-15 7:19:40,Unknown,NULL,NULL
1759,UK,GBP,0,0,0,NULL,2014-08-15 7:19:40,Unknown,NULL,NULL
1470,UK,GBP,0,0,0,NULL,2014-08-15 7:19:40,Unknown,NULL,NULL
63,RO,RON,40,0,2,4.81,2024-03-17 19:16:25,Unknown,NULL,0.007
1451,UK,GBP,113,0,0,5,2022-05-02 18:26:17,Unknown,NULL,0.00600000005215406
2887,FR,EUR,13,0,2,4.4,2019-01-03 9:10:23,Unknown,NULL,0.00600000005215406
953,IT,EUR,160,1,0,4.98,2021-03-08 16:22:44,Unknown,NULL,0.00600000005215406
3192,UK,GBP,13,0,3,4.31,2020-10-18 14:35:19,Unknown,NULL,0.00600000005215406
2331,PL,PLN,486,1,5,4.95,2020-11-17 18:45:20,Unknown,NULL,0.00600000005215406
2293,UK,GBP,129,0,4,4.87,2023-02-11 10:53:03,i. 32+ years old,NULL,0.053
2267,UK,GBP,6,0,0,5,2023-03-29 12:29:01,Unknown,NULL,0.019
1452,UK,GBP,9,0,0,5,2023-05-30 19:26:00,Unknown,NULL,0.082
1555,UK,GBP,255,0,8,4.88,2022-05-04 10:30:34,Unknown,NULL,0.00999999977648258
1360,US,USD,0,0,0,NULL,2017-07-30 21:54:32,Unknown,NULL,NULL
786,US,USD,0,0,0,NULL,2017-07-30 21:54:32,Unknown,NULL,NULL
2343,UK,GBP,111,0,1,4.96,2022-04-03 20:22:04,i. 32+ years old,NULL,0.00800000037997961
664,FR,EUR,175,0,3,4.92,2022-07-10 12:48:31,Unknown,AUTO_SHADOW_BAN_SPAM_MODEL,0.0450000017881393
1329,UK,GBP,51,0,0,5,2024-05-08 18:13:54,Unknown,NULL,0.014
406,UK,GBP,0,0,0,NULL,2024-08-21 13:46:09,Unknown,NULL,0.597
2905,PL,PLN,0,0,0,NULL,2013-07-02 20:20:06,Unknown,NULL,NULL
2323,PL,PLN,0,0,0,NULL,2013-07-02 20:20:06,Unknown,NULL,NULL
2024,PL,PLN,0,0,0,NULL,2013-07-02 20:20:06,Unknown,NULL,NULL
1450,PL,PLN,0,0,0,NULL,2013-07-02 20:20:06,Unknown,NULL,NULL
1345,PL,PLN,0,0,0,NULL,2013-07-02 20:20:06,Unknown,NULL,NULL
1026,PL,PLN,0,0,0,NULL,2013-07-02 20:20:06,Unknown,NULL,NULL
996,PL,PLN,0,0,0,NULL,2013-07-02 20:20:06,Unknown,NULL,NULL
2635,FR,EUR,359,0,4,4.94,2022-04-17 14:53:03,Unknown,NULL,0.0120000001043081
148,UK,GBP,112,0,0,4.99,2022-08-07 17:00:00,i. 32+ years old,NULL,0.0120000001043081
16,UK,GBP,24,1,10,3.8,2022-07-25 15:25:29,Unknown,NULL,0.00700000021606683
612,IT,EUR,25,0,2,4.59,2022-11-01 8:16:00,Unknown,NULL,0.042
3413,PT,EUR,0,0,0,NULL,2023-07-12 13:47:45,Unknown,NULL,0.009
2845,DE,EUR,0,0,0,NULL,2020-01-03 22:12:42,Unknown,NULL,NULL
2723,DE,EUR,0,0,0,NULL,2020-01-03 22:12:42,Unknown,NULL,NULL
689,FR,EUR,216,0,1,4.99,2024-05-22 9:09:44,e. 20 - 22 years old,NULL,0.086
810,FR,EUR,35,1,0,4.89,2023-01-19 20:09:43,Unknown,NULL,0.016
194,FR,EUR,301,1,11,4.84,2018-11-06 15:46:34,i. 32+ years old,ACCOUNT_COMPROMISED,0.00600000005215406
770,DE,EUR,0,0,0,NULL,2019-08-02 16:00:53,Unknown,NULL,NULL
335,DE,EUR,0,0,0,NULL,2019-08-02 16:00:53,Unknown,NULL,NULL
2296,UK,GBP,42,0,0,5,2021-04-10 11:22:59,Unknown,NULL,0.00600000005215406
3657,UK,GBP,1,0,0,5,2023-11-02 19:38:14,f. 23 - 26 years old,NULL,0.006
2353,ES,EUR,211,3,7,4.81,2020-11-15 17:26:43,Unknown,NULL,0.00600000005215406
2115,UK,GBP,12,0,0,5,2024-07-06 9:42:50,Unknown,AUTO_SHADOW_BAN_MSG_SIMILARITY,0.013
3414,UK,GBP,420,0,1,4.99,2023-04-02 15:17:28,f. 23 - 26 years old,NULL,0.015
1830,SE,SEK,91,1,0,4.93,2023-09-01 11:34:12,d. 17 - 19 years old,NULL,0.053
1429,UK,GBP,203,1,1,4.96,2023-06-24 17:33:08,Unknown,NULL,0.013
2964,UK,GBP,13,0,0,5,2022-08-30 18:41:15,Unknown,NULL,0.0260000005364418
1813,UK,GBP,183,1,1,4.95,2023-03-11 8:20:11,Unknown,REPLICA_OFFENDER,0.008
2117,UK,GBP,29,0,1,4.83,2021-04-02 23:12:25,Unknown,NULL,0.00600000005215406
300,IT,EUR,171,0,0,4.99,2024-04-04 17:37:21,f. 23 - 26 years old,AUTO_PHISHING_ITEM_URL_REVIEW,0.025
1432,FR,EUR,71,0,0,4.97,2020-10-26 9:09:18,i. 32+ years old,NULL,0.00600000005215406
2848,UK,GBP,359,0,0,5,2022-04-10 19:50:48,Unknown,NULL,0.0130000002682209
1346,PL,PLN,0,0,0,0,2024-04-26 19:22:54,Unknown,NULL,0.021
2747,FR,EUR,93,2,1,4.92,2016-10-16 17:44:12,Unknown,NULL,0.00600000005215406
2453,FR,EUR,93,2,1,4.92,2016-10-16 17:44:12,Unknown,NULL,0.00600000005215406
2315,DE,EUR,0,0,0,NULL,2013-04-15 12:12:11,Unknown,NULL,NULL
1736,DE,EUR,0,0,0,NULL,2013-04-15 12:12:11,Unknown,NULL,NULL
565,DE,EUR,0,0,0,NULL,2013-04-15 12:12:11,Unknown,NULL,NULL
435,UK,GBP,11,0,0,4.91,2023-05-28 21:24:17,Unknown,NULL,0.012
1015,ES,EUR,514,11,52,4.58,2022-07-17 13:35:35,f. 23 - 26 years old,AUTO_SHADOW_BAN_MEMBER_SCORE,0.0219999998807907
1211,UK,GBP,56,0,5,4.67,2021-08-25 21:42:37,Unknown,NULL,0.00600000005215406
2222,FR,EUR,88,1,14,4.38,2018-11-08 20:25:01,Unknown,NULL,0.00600000005215406
2158,UK,GBP,22,0,0,5,2023-06-11 18:55:38,Unknown,NULL,0.019
1833,IT,EUR,90,0,0,4.99,2023-10-01 17:37:14,Unknown,NULL,0.029
126,UK,GBP,67,0,3,4.84,2024-03-23 10:47:04,f. 23 - 26 years old,NULL,0.015
2665,DE,EUR,11,0,0,5,2017-10-05 18:44:48,Unknown,NULL,NULL
2622,DE,EUR,11,0,0,5,2017-10-05 18:44:48,Unknown,NULL,NULL
662,DE,EUR,0,0,0,NULL,2018-11-29 20:44:09,e. 20 - 22 years old,NULL,NULL
400,DE,EUR,0,0,0,NULL,2018-11-29 20:44:09,e. 20 - 22 years old,NULL,NULL
2458,FR,EUR,154,1,2,4.9,2022-12-31 2:08:47,g. 27 - 29 years old,NULL,0.021
1154,UK,GBP,888,5,135,4.46,2021-06-28 21:21:54,e. 20 - 22 years old,NULL,0.00600000005215406
308,DE,EUR,0,0,0,NULL,2019-05-06 14:56:01,Unknown,NULL,NULL
79,DE,EUR,0,0,0,NULL,2019-05-06 14:56:01,Unknown,NULL,NULL
45,UK,GBP,424,0,7,4.93,2022-12-15 9:45:55,Unknown,SHADOW_BAN_SPAM,0.03
2108,UK,GBP,0,0,0,0,2024-08-12 17:18:50,Unknown,NULL,0.006
2385,FR,EUR,600,0,1,4.99,2019-05-14 8:45:27,Unknown,NULL,0.00600000005215406
2910,UK,GBP,236,1,5,4.91,2022-02-18 19:10:33,Unknown,NULL,0.008
1390,UK,GBP,236,1,5,4.91,2022-02-18 19:10:33,Unknown,NULL,0.008
3582,UK,GBP,617,0,11,4.92,2023-06-12 8:00:57,Unknown,AUTO_SHADOW_BAN_MSG_SIMILARITY,0.029
3615,UK,GBP,56,0,1,4.95,2023-09-21 23:17:07,Unknown,NULL,0.016
3203,UK,GBP,29,0,0,5,2022-06-25 17:12:43,Unknown,NULL,0.00700000021606683
536,UK,GBP,66,0,0,4.98,2022-10-27 11:26:03,Unknown,AUTO_SHADOW_BAN_IMPROPER_AVATAR,0.006
1075,UK,GBP,147,0,0,4.99,2024-06-20 10:28:20,Unknown,AUTO_SHADOW_BAN_MSG_SIMILARITY,0.007
2650,UK,GBP,313,0,5,4.93,2022-02-16 18:24:02,Unknown,NULL,0.00700000021606683
1074,UK,GBP,313,0,5,4.93,2022-02-16 18:24:02,Unknown,NULL,0.00700000021606683
2062,UK,GBP,0,0,3,1,2022-05-05 7:44:26,Unknown,NULL,0.0089999996125698
568,UK,GBP,247,2,23,4.62,2022-08-28 22:13:29,Unknown,NULL,0.0109999999403953
3532,DE,EUR,28,0,1,4.83,2014-02-26 9:58:30,Unknown,NULL,NULL
2965,DE,EUR,28,0,1,4.83,2014-02-26 9:58:30,Unknown,NULL,NULL
1651,DE,EUR,28,0,1,4.83,2014-02-26 9:58:30,Unknown,NULL,NULL
1437,DE,EUR,28,0,1,4.83,2014-02-26 9:58:30,Unknown,NULL,NULL
1095,DE,EUR,28,0,1,4.83,2014-02-26 9:58:30,Unknown,NULL,NULL
908,DE,EUR,28,0,1,4.83,2014-02-26 9:58:30,Unknown,NULL,NULL
843,DE,EUR,28,0,1,4.83,2014-02-26 9:58:30,Unknown,NULL,NULL
674,DE,EUR,28,0,1,4.83,2014-02-26 9:58:30,Unknown,NULL,NULL
26,DE,EUR,28,0,1,4.83,2014-02-26 9:58:30,Unknown,NULL,NULL
1447,NL,EUR,2680,16,76,4.86,2019-11-24 15:53:51,Unknown,INCOMPLETE_ORDER2,0.00600000005215406
2638,UK,GBP,47,0,0,5,2022-01-25 10:24:31,i. 32+ years old,NULL,0.0120000001043081
1661,UK,GBP,47,0,0,5,2022-01-25 10:24:31,i. 32+ years old,NULL,0.0120000001043081
1663,UK,GBP,6,0,0,5,2022-10-22 11:33:11,Unknown,NULL,0.007
1932,US,USD,0,0,0,NULL,2015-11-02 14:58:03,Unknown,NULL,NULL
263,US,USD,0,0,0,NULL,2015-11-02 14:58:03,Unknown,NULL,NULL
2219,UK,GBP,81,0,1,4.95,2023-08-20 8:26:46,Unknown,AUTO_SHADOW_BAN_SPAM_MODEL,0.013
3687,FR,EUR,17,0,5,4.09,2020-10-04 9:59:36,Unknown,NULL,0.00600000005215406
1554,FR,EUR,8,0,0,5,2024-07-28 11:40:32,Unknown,NULL,0.143
3697,LT,EUR,63,0,4,4.76,2013-11-15 13:20:06,b. 13 - 15 years old,NULL,0.00600000005215406
1171,IT,EUR,14,0,0,5,2022-12-25 15:00:31,Unknown,NULL,0.015
986,UK,GBP,44,0,0,5,2023-02-17 11:33:50,g. 27 - 29 years old,NULL,0.016
3072,FR,EUR,28,0,1,4.79,2024-05-15 20:15:58,i. 32+ years old,NULL,0.015
3489,US,USD,0,0,0,NULL,2021-09-22 9:27:20,g. 27 - 29 years old,NULL,NULL
684,US,USD,0,0,0,NULL,2021-09-22 9:27:20,g. 27 - 29 years old,NULL,NULL
2189,UK,GBP,49,0,0,5,2022-11-15 21:51:22,Unknown,NULL,0.006
2957,UK,GBP,85,0,7,4.7,2023-10-29 21:26:23,Unknown,NULL,0.011
2952,FR,EUR,19,2,8,3.76,2020-12-27 22:58:47,d. 17 - 19 years old,NULL,0.00600000005215406
2756,UK,GBP,1233,2,6,4.97,2022-10-28 12:36:03,i. 32+ years old,NULL,0.026
2569,UK,GBP,593,3,2,4.97,2022-12-29 12:42:05,d. 17 - 19 years old,AUTO_SHADOW_BAN_SPAM_MODEL,0.008
34,ES,EUR,19,0,0,4.95,2021-02-02 13:37:47,Unknown,NULL,0.00600000005215406
2792,UK,GBP,3,0,0,5,2023-12-15 14:15:12,Unknown,AUTO_SHADOW_BAN_SPAM_MODEL,0.082
2496,FR,EUR,159,2,5,4.83,2017-11-11 19:06:04,Unknown,NULL,0.00600000005215406
888,FR,EUR,159,2,5,4.83,2017-11-11 19:06:04,Unknown,NULL,0.00600000005215406
3498,UK,GBP,12,0,0,5,2021-10-24 19:47:15,Unknown,NULL,0.0160000007599592
3396,US,USD,0,0,0,NULL,2020-01-30 9:52:27,Unknown,NULL,NULL
2148,US,USD,0,0,0,NULL,2020-01-30 9:52:27,Unknown,NULL,NULL
3001,UK,GBP,79,0,3,4.85,2021-07-19 20:38:35,i. 32+ years old,NULL,0.00600000005215406
1313,NL,EUR,6,0,0,5,2020-10-28 14:20:30,f. 23 - 26 years old,NULL,0.00600000005215406
965,UK,GBP,166,0,2,4.95,2021-04-26 11:34:25,i. 32+ years old,AUTO_SHADOW_BAN_SPAM_MODEL,0.00600000005215406
2801,UK,GBP,24,0,3,4.52,2023-07-11 11:44:32,Unknown,NULL,0.073
1811,UK,GBP,138,0,1,4.96,2023-10-25 21:50:47,Unknown,NULL,0.013
857,IT,EUR,4,0,0,5,2020-09-26 12:35:53,Unknown,NULL,0.00600000005215406
2355,UK,GBP,11,0,1,4.67,2023-06-15 15:44:31,g. 27 - 29 years old,NULL,0.008
1826,UK,GBP,94,0,0,5,2024-03-21 17:54:57,Unknown,NULL,0.028
1071,FR,EUR,54,0,0,4.96,2018-11-23 18:08:16,d. 17 - 19 years old,NULL,0.00600000005215406
1363,FR,EUR,245,0,1,4.97,2021-01-23 12:47:32,e. 20 - 22 years old,AUTO_SHADOW_BAN_SPAM_MODEL,0.00600000005215406
1719,UK,GBP,352,0,9,4.9,2022-12-28 15:41:58,Unknown,AUTO_SHADOW_BAN_MEMBER_SCORE,0.01
2810,UK,GBP,7,0,0,5,2022-05-31 16:37:05,Unknown,NULL,0.025000000372529
3361,UK,GBP,22,0,0,4.95,2022-10-17 8:43:59,Unknown,NULL,0.015
3232,DE,EUR,0,0,0,NULL,2017-06-01 17:15:50,Unknown,NULL,NULL
2471,DE,EUR,0,0,0,NULL,2017-06-01 17:15:50,Unknown,NULL,NULL
2088,UK,GBP,27,0,0,5,2023-01-23 5:40:20,Unknown,AUTO_SHADOW_BAN_SPAM_MODEL,0.019
231,UK,GBP,82,0,4,4.78,2024-03-17 17:24:42,Unknown,AUTO_SHADOW_BAN_SPAM_MODEL,0.019
3096,DE,EUR,0,0,0,NULL,2020-07-13 14:30:53,Unknown,NULL,NULL
2441,DE,EUR,0,0,0,NULL,2020-07-13 14:30:53,Unknown,NULL,NULL
2722,UK,GBP,428,0,3,4.97,2022-02-05 18:42:03,i. 32+ years old,NULL,0.00999999977648258
2277,UK,GBP,428,0,3,4.97,2022-02-05 18:42:03,i. 32+ years old,NULL,0.00999999977648258
2956,UK,GBP,55,0,0,4.98,2023-12-04 11:28:22,i. 32+ years old,NULL,0.009
2529,UK,GBP,31,0,0,5,2024-07-03 17:21:08,Unknown,NULL,0.01
2915,UK,GBP,11,0,2,4.38,2024-07-25 10:29:19,Unknown,AUTO_SHADOW_BAN_MSG_SIMILARITY,0.02
3141,UK,GBP,40,0,0,5,2023-02-12 18:24:09,Unknown,NULL,0.013
96,UK,GBP,15,0,0,5,2022-07-24 13:19:49,Unknown,NULL,0.0130000002682209
170,FR,EUR,434,1,5,4.93,2024-06-04 21:49:57,d. 17 - 19 years old,AUTO_SHADOW_BAN_MSG_SIMILARITY,0.011
3532,LT,EUR,0,0,0,NULL,2017-09-29 12:58:38,g. 27 - 29 years old,NULL,NULL
2965,LT,EUR,0,0,0,NULL,2017-09-29 12:58:38,g. 27 - 29 years old,NULL,NULL
1651,LT,EUR,0,0,0,NULL,2017-09-29 12:58:38,g. 27 - 29 years old,NULL,NULL
1437,LT,EUR,0,0,0,NULL,2017-09-29 12:58:38,g. 27 - 29 years old,NULL,NULL
1095,LT,EUR,0,0,0,NULL,2017-09-29 12:58:38,g. 27 - 29 years old,NULL,NULL
908,LT,EUR,0,0,0,NULL,2017-09-29 12:58:38,g. 27 - 29 years old,NULL,NULL
843,LT,EUR,0,0,0,NULL,2017-09-29 12:58:38,g. 27 - 29 years old,NULL,NULL
674,LT,EUR,0,0,0,NULL,2017-09-29 12:58:38,g. 27 - 29 years old,NULL,NULL
26,LT,EUR,0,0,0,NULL,2017-09-29 12:58:38,g. 27 - 29 years old,NULL,NULL
3220,FR,EUR,756,4,10,4.91,2022-06-25 13:03:24,i. 32+ years old,SHIPPING_SCAM,0.0120000001043081
3237,UK,GBP,32,0,1,4.88,2023-06-25 21:49:35,Unknown,NULL,0.016
2216,UK,GBP,6,0,0,5,2024-02-18 22:43:21,Unknown,NULL,0.00600000005215406
3690,UK,GBP,0,0,0,NULL,2014-08-12 13:38:27,Unknown,NULL,NULL
3053,UK,GBP,0,0,0,NULL,2014-08-12 13:38:27,Unknown,NULL,NULL
3051,UK,GBP,0,0,0,NULL,2014-08-12 13:38:27,Unknown,NULL,NULL
2177,UK,GBP,0,0,0,NULL,2014-08-12 13:38:27,Unknown,NULL,NULL
952,UK,GBP,0,0,0,NULL,2014-08-12 13:38:27,Unknown,NULL,NULL
715,UK,GBP,0,0,0,NULL,2014-08-12 13:38:27,Unknown,NULL,NULL
650,UK,GBP,0,0,0,NULL,2014-08-12 13:38:27,Unknown,NULL,NULL
600,UK,GBP,49,0,0,5,2022-12-02 10:38:03,h. 30 - 31 years old,NULL,0.016
3071,UK,GBP,221,1,5,4.89,2022-05-23 4:06:39,Unknown,NULL,0.00999999977648258
3348,UK,GBP,963,2,29,4.87,2022-01-18 19:51:43,Unknown,NULL,0.0280000008642673
2962,UK,GBP,963,2,29,4.87,2022-01-18 19:51:43,Unknown,NULL,0.0280000008642673
2627,UK,GBP,156,0,2,4.94,2022-03-27 17:26:03,Unknown,NULL,0.00600000005215406
1271,FR,EUR,2063,3,4,4.98,2020-11-25 13:32:44,i. 32+ years old,NULL,0.00600000005215406
1045,UK,GBP,54,0,1,4.93,2024-01-08 18:20:17,Unknown,NULL,0.01
1017,IT,EUR,24,0,0,4.96,2022-05-20 5:38:57,Unknown,AUTO_SHADOW_BAN_MEMBER_SCORE,0.00600000005215406
137,FR,EUR,250,1,4,4.92,2021-09-12 10:54:52,Unknown,NULL,0.00600000005215406
3263,UK,GBP,218,1,47,4.28,2021-09-17 18:12:18,Unknown,AUTO_SHADOW_BAN_SPAM_MODEL,0.00600000005215406
2424,DE,EUR,8,0,0,5,2016-05-29 20:25:29,Unknown,NULL,NULL
2022,DE,EUR,8,0,0,5,2016-05-29 20:25:29,Unknown,NULL,NULL
558,NL,EUR,2,0,0,5,2021-01-21 11:38:49,Unknown,NULL,0.00600000005215406
2697,UK,GBP,174,0,1,4.98,2021-02-26 19:13:18,e. 20 - 22 years old,NULL,0.00600000005215406
172,BE,EUR,156,0,0,4.99,2019-01-19 14:43:32,i. 32+ years old,NULL,0.00600000005215406
2536,UK,GBP,75,0,4,4.8,2022-04-05 18:31:20,Unknown,NULL,0.032999999821186
2584,UK,GBP,75,2,9,4.53,2023-10-08 18:12:35,Unknown,NULL,0.128
2619,NL,EUR,441,1,9,4.9,2023-04-19 19:11:48,Unknown,REPLICA_SELLER,0.017
411,UK,GBP,58,3,2,4.75,2021-04-09 11:54:34,Unknown,NULL,0.00600000005215406
2040,CZ,CZK,1040,5,29,4.87,2020-11-27 17:46:06,Unknown,NULL,0.00600000005215406
1620,CZ,CZK,1040,5,29,4.87,2020-11-27 17:46:06,Unknown,NULL,0.00600000005215406
1276,FR,EUR,102,1,0,4.95,2023-01-09 22:45:12,Unknown,AUTO_SHADOW_BAN_SPAM_MODEL,0.022
1968,FR,EUR,15,0,0,4.93,2020-10-21 10:52:13,Unknown,NULL,0.00600000005215406
1717,FR,EUR,2442,9,36,4.92,2020-10-27 9:37:03,h. 30 - 31 years old,NULL,0.00600000005215406
3363,FR,EUR,4262,5,12,4.98,2021-09-09 13:19:22,g. 27 - 29 years old,AUTO_SHADOW_BAN_SPAM_MODEL,0.00600000005215406
2702,UK,GBP,25,0,4,4.41,2023-09-12 21:11:39,e. 20 - 22 years old,NULL,0.013
3285,NL,EUR,51,3,1,4.75,2023-10-24 19:55:39,d. 17 - 19 years old,REPLICA_OFFENDER,0.024
3392,FR,EUR,12,1,8,3.43,2023-01-05 16:39:11,Unknown,AUTO_SHADOW_BAN_MEMBER_SCORE,0.019
2790,DE,EUR,0,0,0,NULL,2018-09-11 19:24:26,Unknown,NULL,NULL
2416,DE,EUR,0,0,0,NULL,2018-09-11 19:24:26,Unknown,NULL,NULL
1734,FR,EUR,648,7,75,4.56,2018-05-20 18:54:22,c. 16 - 16 years old,NULL,0.00600000005215406
3688,UK,GBP,12,0,2,4.36,2022-03-29 20:02:36,c. 16 - 16 years old,NULL,0.0130000002682209
818,UK,GBP,586,3,11,4.9,2023-09-09 19:15:41,Unknown,NULL,0.219
3533,UK,GBP,1791,4,18,4.95,2024-01-04 7:40:32,Unknown,AUTO_SHADOW_BAN_MSG_SIMILARITY,0.013
1486,RO,RON,46,0,0,4.98,2023-10-17 17:04:45,Unknown,NULL,0.008
2831,IT,EUR,92,0,0,4.99,2022-11-30 19:30:21,Unknown,NULL,0.072
470,NL,EUR,82,0,1,4.89,2020-06-24 11:22:04,Unknown,NULL,0.00600000005215406
3099,HU,HUF,239,0,0,5,2023-01-26 12:10:56,Unknown,NULL,0.011
3480,UK,GBP,8,0,0,5,2021-10-31 18:24:05,Unknown,NULL,0.0399999991059303
3112,IT,EUR,332,0,10,4.86,2021-02-21 8:04:07,Unknown,NULL,0.00600000005215406
171,UK,GBP,5,0,0,5,2024-05-25 7:22:32,Unknown,NULL,0.011
563,FR,EUR,1,0,0,5,2023-10-20 17:43:52,Unknown,NULL,0.015
2558,NL,EUR,54,0,2,4.86,2021-04-13 20:32:38,Unknown,AUTO_SHADOW_BAN_SPAM_MODEL,0.00600000005215406
3634,CZ,CZK,0,0,0,NULL,2021-01-10 14:47:01,Unknown,NULL,NULL
3022,CZ,CZK,0,0,0,NULL,2021-01-10 14:47:01,Unknown,NULL,NULL
2110,CZ,CZK,0,0,0,NULL,2021-01-10 14:47:01,Unknown,NULL,NULL
570,CZ,CZK,0,0,0,NULL,2021-01-10 14:47:01,Unknown,NULL,NULL
275,CZ,CZK,0,0,0,NULL,2021-01-10 14:47:01,Unknown,NULL,NULL
839,PL,PLN,151,1,0,4.98,2022-07-01 11:34:13,i. 32+ years old,AUTO_SHADOW_BAN_SPAM_MODEL,0.115000002086162
3622,DE,EUR,27,0,1,4.86,2019-04-29 12:22:14,g. 27 - 29 years old,NULL,NULL
2741,DE,EUR,27,0,1,4.86,2019-04-29 12:22:14,g. 27 - 29 years old,NULL,NULL
3119,FR,EUR,7,0,0,5,2019-04-01 20:40:30,Unknown,NULL,0.00600000005215406
1288,UK,GBP,15,0,0,5,2024-02-11 16:03:07,i. 32+ years old,NULL,0.018
647,SK,EUR,13,0,1,4.79,2022-06-18 19:22:16,d. 17 - 19 years old,NULL,0.0130000002682209
1404,DE,EUR,0,0,0,NULL,2020-11-05 22:30:48,Unknown,NULL,NULL
134,DE,EUR,0,0,0,NULL,2020-11-05 22:30:48,Unknown,NULL,NULL
1750,UK,GBP,298,1,8,4.89,2021-01-10 20:50:48,d. 17 - 19 years old,AUTO_SHADOW_BAN_SPAM_MODEL,0.00600000005215406
2142,IT,EUR,237,0,4,4.92,2022-09-21 12:17:11,i. 32+ years old,SUSPEND - REPLICA2,0.0350000001490116
550,FR,EUR,541,2,22,4.8,2018-05-04 22:46:47,i. 32+ years old,NULL,0.00600000005215406
2218,UK,GBP,144,0,12,4.67,2022-03-20 14:34:52,e. 20 - 22 years old,AUTO_SHADOW_BAN_MEMBER_SCORE,0.0120000001043081
1997,BE,EUR,51,0,1,4.92,2024-02-05 19:04:36,Unknown,NULL,0.017
2926,UK,GBP,419,2,15,4.83,2021-07-31 21:44:43,Unknown,NULL,0.00600000005215406
1407,UK,GBP,0,0,0,NULL,2024-07-01 0:28:23,Unknown,NULL,0.007
1400,UK,GBP,33,0,9,4.12,2023-08-06 22:48:20,Unknown,NULL,0.055
3358,UK,GBP,0,0,0,NULL,2014-09-30 15:14:50,Unknown,NULL,NULL
1816,UK,GBP,0,0,0,NULL,2014-09-30 15:14:50,Unknown,NULL,NULL
1805,UK,GBP,0,0,0,NULL,2014-09-30 15:14:50,Unknown,NULL,NULL
1582,UK,GBP,0,0,0,NULL,2014-09-30 15:14:50,Unknown,NULL,NULL
975,UK,GBP,0,0,0,NULL,2014-09-30 15:14:50,Unknown,NULL,NULL
688,UK,GBP,0,0,0,NULL,2014-09-30 15:14:50,Unknown,NULL,NULL
1598,UK,GBP,57,0,1,4.93,2023-05-01 13:17:31,Unknown,NULL,0.007
693,FR,EUR,2,0,0,5,2022-09-25 11:43:55,Unknown,NULL,0.0120000001043081
89,IT,EUR,84,0,1,4.94,2023-01-25 20:33:22,i. 32+ years old,NULL,0.015
2477,IT,EUR,174,0,3,4.93,2023-06-14 19:40:10,i. 32+ years old,NULL,0.013
2257,IT,EUR,51,0,0,5,2023-03-02 12:18:30,Unknown,NULL,0.019
881,NL,EUR,339,1,4,4.88,2019-06-28 15:48:03,i. 32+ years old,NULL,0.00600000005215406
2567,UK,GBP,23,0,0,5,2023-04-29 17:44:01,Unknown,NULL,0.016
3177,UK,GBP,133,0,0,5,2021-04-25 9:58:11,Unknown,NULL,0.00600000005215406
2037,UK,GBP,81,0,0,5,2023-03-17 20:50:01,Unknown,NULL,0.013
2606,UK,GBP,22,0,2,4.67,2022-03-01 21:09:02,Unknown,NULL,0.0689999982714653
958,ES,EUR,92,2,0,4.95,2019-08-28 13:17:59,Unknown,AUTO_SHADOW_BAN_MEMBER_SCORE,0.00600000005215406
1041,FR,EUR,175,3,6,4.82,2018-11-26 21:20:26,Unknown,NULL,0.00600000005215406
763,PL,PLN,31,0,1,4.88,2023-08-22 16:26:33,Unknown,NULL,0.015
2813,UK,GBP,5,0,0,5,2024-07-10 22:10:50,Unknown,AUTO_SHADOW_BAN_MSG_SIMILARITY,0.00999999977648258
2196,UK,GBP,19,0,0,5,2024-05-27 19:36:46,Unknown,NULL,0.012
370,UK,GBP,555,2,6,4.93,2021-02-24 18:09:08,Unknown,NULL,0.00600000005215406
3095,FR,EUR,1129,4,8,4.95,2017-06-05 10:16:52,Unknown,NULL,0.00600000005215406
619,UK,GBP,208,0,0,5,2021-09-11 10:57:04,Unknown,NULL,0.00600000005215406
10,UK,GBP,319,0,39,4.56,2022-10-15 8:47:27,Unknown,NULL,0.011
3497,NL,EUR,69,0,2,4.89,2021-05-03 18:02:55,Unknown,NULL,0.00600000005215406
1481,UK,GBP,66,1,0,4.97,2022-04-12 20:33:45,Unknown,NULL,0.00600000005215406
2352,UK,GBP,51,0,0,5,2022-05-23 17:34:30,i. 32+ years old,NULL,0.00600000005215406
1682,FR,EUR,2,0,0,5,2022-09-06 17:49:55,d. 17 - 19 years old,NULL,0.0140000004321336
1960,NL,EUR,98,0,2,4.93,2021-05-24 13:20:49,Unknown,NULL,0.00600000005215406
3302,DE,EUR,0,0,0,NULL,2017-12-10 19:46:11,Unknown,NULL,NULL
2784,DE,EUR,0,0,0,NULL,2017-12-10 19:46:11,Unknown,NULL,NULL
2762,UK,GBP,174,0,3,4.92,2021-08-26 21:20:50,Unknown,NULL,0.00600000005215406
3441,UK,GBP,259,0,3,4.94,2021-11-11 21:50:51,i. 32+ years old,NULL,0.00999999977648258
778,UK,GBP,259,0,3,4.94,2021-11-11 21:50:51,i. 32+ years old,NULL,0.00999999977648258
2176,UK,GBP,78,0,2,4.9,2023-09-24 8:12:55,i. 32+ years old,NULL,0.024
2270,UK,GBP,114,0,0,4.99,2024-02-18 14:25:57,g. 27 - 29 years old,NULL,0.012
1689,FR,EUR,677,8,14,4.88,2021-11-14 13:25:12,Unknown,REPLICA_OFFENDER,0.0189999993890523
1385,FR,EUR,677,8,14,4.88,2021-11-14 13:25:12,Unknown,REPLICA_OFFENDER,0.0189999993890523
2013,UK,GBP,27,0,0,5,2022-05-01 17:22:09,i. 32+ years old,NULL,0.0089999996125698
2817,UK,GBP,58,0,1,4.93,2022-09-19 12:16:46,Unknown,NULL,0.0120000001043081
3175,FR,EUR,1000,1,8,4.96,2021-12-14 14:34:26,Unknown,NULL,0.0189999993890523
1856,FR,EUR,1000,1,8,4.96,2021-12-14 14:34:26,Unknown,NULL,0.0189999993890523
1333,UK,GBP,30,0,0,5,2023-08-11 14:05:39,Unknown,AUTO_SHADOW_BAN_SPAM_MODEL,0.02
1383,UK,GBP,15,0,5,4,2024-05-08 16:44:15,Unknown,NULL,0.019
2405,DE,EUR,2,0,0,5,2020-03-03 17:35:47,Unknown,NULL,NULL
1677,DE,EUR,2,0,0,5,2020-03-03 17:35:47,Unknown,NULL,NULL
530,UK,GBP,1,0,0,5,2024-07-03 15:46:26,Unknown,NULL,0.009
1803,UK,GBP,27,0,0,5,2023-01-22 2:29:28,Unknown,NULL,0.006
3328,UK,GBP,95,0,0,4.99,2021-06-15 16:20:15,Unknown,NULL,0.00600000005215406
3100,US,USD,0,0,0,NULL,2014-02-23 4:52:59,Unknown,NULL,NULL
2610,US,USD,0,0,0,NULL,2014-02-23 4:52:59,Unknown,NULL,NULL
1923,US,USD,0,0,0,NULL,2014-02-23 4:52:59,Unknown,NULL,NULL
1381,US,USD,0,0,0,NULL,2014-02-23 4:52:59,Unknown,NULL,NULL
1280,US,USD,0,0,0,NULL,2014-02-23 4:52:59,Unknown,NULL,NULL
304,US,USD,0,0,0,NULL,2014-02-23 4:52:59,Unknown,NULL,NULL
274,US,USD,0,0,0,NULL,2014-02-23 4:52:59,Unknown,NULL,NULL
1058,PT,EUR,1,0,0,5,2023-10-05 1:33:21,Unknown,NULL,0.013
2365,UK,GBP,36,0,0,5,2024-06-08 19:26:24,Unknown,NULL,0.012
3268,UK,GBP,198,0,2,4.95,2022-04-02 20:12:16,Unknown,NULL,0.0109999999403953
1885,PL,PLN,6,0,0,5,2022-10-28 15:12:25,e. 20 - 22 years old,NULL,0.049
264,UK,GBP,1,0,0,5,2024-08-01 10:00:30,Unknown,NULL,0.007
3571,UK,GBP,343,0,5,4.93,2023-09-13 13:33:58,i. 32+ years old,NULL,0.019
907,IT,EUR,59,0,2,4.84,2021-03-27 13:44:07,Unknown,NULL,0.00600000005215406
1338,NL,EUR,143,2,18,4.52,2021-03-18 20:45:42,i. 32+ years old,ACCOUNT_COMPROMISED,0.00600000005215406
3443,IT,EUR,28,1,1,4.73,2024-04-30 10:48:01,i. 32+ years old,SNAD_SCAM2,0.016
666,FR,EUR,567,4,1,4.96,2018-07-09 17:44:51,d. 17 - 19 years old,NULL,0.00600000005215406
2746,FR,EUR,586,0,1,4.99,2019-04-14 15:21:18,i. 32+ years old,NULL,0.00600000005215406
2467,UK,GBP,43,0,4,4.64,2023-04-23 14:05:08,i. 32+ years old,NULL,0.013
3341,UK,GBP,41,0,2,4.81,2023-08-31 20:22:48,Unknown,NULL,0.013
3549,IT,EUR,30,0,0,5,2021-08-21 17:20:02,Unknown,NULL,0.00600000005215406
1973,UK,GBP,102,0,4,4.84,2023-01-16 22:21:55,f. 23 - 26 years old,NULL,0.01
3284,DE,EUR,0,0,0,NULL,2017-03-13 13:05:19,Unknown,NULL,NULL
1553,DE,EUR,0,0,0,NULL,2017-03-13 13:05:19,Unknown,NULL,NULL
509,DE,EUR,0,0,0,NULL,2019-03-03 10:41:10,Unknown,NULL,NULL
309,DE,EUR,0,0,0,NULL,2019-03-03 10:41:10,Unknown,NULL,NULL
978,NL,EUR,36,0,0,5,2021-12-07 18:03:44,Unknown,AUTO_SHADOW_BAN_SPAM_MODEL,0.00999999977648258
637,NL,EUR,36,0,0,5,2021-12-07 18:03:44,Unknown,AUTO_SHADOW_BAN_SPAM_MODEL,0.00999999977648258
2605,FR,EUR,168,1,1,4.95,2018-01-16 9:21:02,f. 23 - 26 years old,NULL,0.00600000005215406
2106,FR,EUR,168,1,1,4.95,2018-01-16 9:21:02,f. 23 - 26 years old,NULL,0.00600000005215406
579,PT,EUR,329,4,15,4.77,2022-11-02 17:47:22,Unknown,AUTO_SHADOW_BAN_SPAM_MODEL,0.017
2321,FR,EUR,296,3,8,4.85,2016-09-10 14:24:45,f. 23 - 26 years old,NULL,0.00600000005215406
2508,UK,GBP,15,0,16,2.94,2023-08-16 11:13:32,Unknown,NULL,0.01
242,UK,GBP,9,0,0,5,2024-05-19 18:41:34,Unknown,AUTO_SHADOW_BAN_SPAM_MODEL,0.006
2730,UK,GBP,20,0,0,5,2024-04-02 16:14:37,Unknown,NULL,0.013
2294,DE,EUR,0,0,0,NULL,2017-05-05 9:53:39,Unknown,NULL,NULL
1957,DE,EUR,0,0,0,NULL,2017-05-05 9:53:39,Unknown,NULL,NULL
2239,BE,EUR,604,1,3,4.96,2021-07-16 18:38:27,i. 32+ years old,NULL,0.00600000005215406
531,UK,GBP,146,1,4,4.87,2022-06-08 21:13:39,Unknown,NULL,0.00999999977648258
3575,FR,EUR,622,3,8,4.94,2015-03-09 20:38:38,i. 32+ years old,AUTO_PHISHING_ITEM_URL_REVIEW,0.00600000005215406
2928,FR,EUR,622,3,8,4.94,2015-03-09 20:38:38,i. 32+ years old,AUTO_PHISHING_ITEM_URL_REVIEW,0.00600000005215406
2305,FR,EUR,622,3,8,4.94,2015-03-09 20:38:38,i. 32+ years old,AUTO_PHISHING_ITEM_URL_REVIEW,0.00600000005215406
2112,FR,EUR,622,3,8,4.94,2015-03-09 20:38:38,i. 32+ years old,AUTO_PHISHING_ITEM_URL_REVIEW,0.00600000005215406
88,FR,EUR,622,3,8,4.94,2015-03-09 20:38:38,i. 32+ years old,AUTO_PHISHING_ITEM_URL_REVIEW,0.00600000005215406
2427,UK,GBP,145,0,19,4.52,2020-11-27 22:33:14,Unknown,NULL,0.00600000005215406
524,FR,EUR,176,1,0,4.97,2024-02-24 16:53:08,i. 32+ years old,AUTO_SHADOW_BAN_SPAM_MODEL,0.707000017166137
889,BE,EUR,99,1,0,4.97,2019-01-09 21:10:59,Unknown,NULL,0.00600000005215406
1535,HU,HUF,415,2,2,4.97,2022-12-10 11:11:29,f. 23 - 26 years old,AUTO_SHADOW_BAN_MSG_SIMILARITY,0.069
572,UK,GBP,218,0,1,4.98,2023-05-09 4:53:51,i. 32+ years old,NULL,0.117
1391,UK,GBP,897,1,8,4.96,2023-11-03 13:12:06,e. 20 - 22 years old,NULL,0.013
2495,FR,EUR,0,0,0,NULL,2024-02-12 23:54:13,Unknown,NULL,0.524
225,UK,GBP,58,1,0,4.97,2023-07-16 19:19:17,Unknown,NULL,0.029
2306,UK,GBP,86,0,0,4.99,2024-03-20 16:42:08,Unknown,NULL,0.025
2725,NL,EUR,148,2,7,4.79,2019-08-01 13:42:59,Unknown,NULL,0.00600000005215406
2809,NL,EUR,66,0,0,4.95,2021-12-05 9:54:55,Unknown,NULL,0.00600000005215406
2169,NL,EUR,66,0,0,4.95,2021-12-05 9:54:55,Unknown,NULL,0.00600000005215406
2145,UK,GBP,5,0,0,5,2024-07-22 15:33:04,Unknown,NULL,0.012
850,LT,EUR,20,0,0,5,2022-07-22 18:00:44,e. 20 - 22 years old,NULL,0.0140000004321336
2833,UK,GBP,29,0,0,4.97,2023-07-03 21:37:00,Unknown,NULL,0.011
1000,UK,GBP,40,0,0,5,2020-09-22 13:07:58,Unknown,NULL,0.00600000005215406
1700,SE,SEK,0,0,0,NULL,2024-08-31 13:20:37,Unknown,NULL,0.008
3190,UK,GBP,24,0,0,5,2022-07-08 10:27:09,Unknown,NULL,0.0120000001043081
1425,UK,GBP,6,0,0,5,2024-04-24 11:59:45,Unknown,NULL,0.031
3056,UK,GBP,831,1,7,4.96,2021-09-04 8:06:40,Unknown,NULL,0.00600000005215406
1149,UK,GBP,34,0,0,4.97,2024-06-23 12:53:36,Unknown,AUTO_SHADOW_BAN_MSG_SIMILARITY,0.08
834,FR,EUR,46,0,4,4.58,2016-12-30 16:00:37,g. 27 - 29 years old,NULL,0.00600000005215406
2803,ES,EUR,73,0,8,4.59,2023-04-29 22:38:35,Unknown,NULL,0.01
1116,FR,EUR,186,0,2,4.95,2023-06-15 6:29:06,i. 32+ years old,AUTO_SHADOW_BAN_SPAM_MODEL,0.592
2656,UK,GBP,12,0,0,5,2022-03-04 11:23:00,Unknown,NULL,0.0240000002086162
3343,LT,NULL,0,0,0,NULL,2012-03-04 12:18:16,Unknown,NULL,NULL
3265,LT,NULL,0,0,0,NULL,2012-03-04 12:18:16,Unknown,NULL,NULL
2946,LT,NULL,0,0,0,NULL,2012-03-04 12:18:16,Unknown,NULL,NULL
2591,LT,NULL,0,0,0,NULL,2012-03-04 12:18:16,Unknown,NULL,NULL
2511,LT,NULL,0,0,0,NULL,2012-03-04 12:18:16,Unknown,NULL,NULL
2402,LT,NULL,0,0,0,NULL,2012-03-04 12:18:16,Unknown,NULL,NULL
2292,LT,NULL,0,0,0,NULL,2012-03-04 12:18:16,Unknown,NULL,NULL
401,LT,NULL,0,0,0,NULL,2012-03-04 12:18:16,Unknown,NULL,NULL
136,LT,NULL,0,0,0,NULL,2012-03-04 12:18:16,Unknown,NULL,NULL
1789,UK,GBP,64,1,1,4.89,2021-08-22 16:42:14,d. 17 - 19 years old,NULL,0.00600000005215406
2392,UK,GBP,0,0,0,0,2024-08-21 11:59:04,Unknown,NULL,0.015
3092,UK,GBP,1707,1,11,4.97,2020-09-24 10:11:20,h. 30 - 31 years old,AUTO_SHADOW_BAN_SPAM_MODEL,0.00600000005215406
1430,UK,GBP,400,0,12,4.88,2023-07-20 7:14:16,Unknown,NULL,0.011
863,UK,GBP,51,0,0,5,2022-11-17 0:38:02,Unknown,NULL,0.015
510,IT,EUR,60,0,0,4.97,2021-01-10 7:47:51,Unknown,NULL,0.00600000005215406
2777,UK,GBP,66,0,6,4.67,2021-12-15 11:36:54,e. 20 - 22 years old,NULL,0.00700000021606683
1281,UK,GBP,66,0,6,4.67,2021-12-15 11:36:54,e. 20 - 22 years old,NULL,0.00700000021606683
3410,DE,EUR,1,0,0,5,2020-02-11 17:54:13,e. 20 - 22 years old,NULL,NULL
2560,DE,EUR,1,0,0,5,2020-02-11 17:54:13,e. 20 - 22 years old,NULL,NULL
2972,UK,GBP,1523,6,10,4.96,2021-02-14 23:23:07,Unknown,AUTO_SHADOW_BAN_SPAM_MODEL,0.00600000005215406
1120,IT,EUR,53,2,2,4.79,2023-10-28 13:16:51,Unknown,NULL,0.00999999977648258
2036,UK,GBP,111,0,1,4.96,2021-08-21 13:27:13,Unknown,NULL,0.00600000005215406
299,UK,GBP,358,0,3,4.97,2021-10-25 7:54:05,i. 32+ years old,NULL,0.0379999987781047
1163,UK,GBP,37,0,0,5,2023-03-05 19:28:13,Unknown,NULL,0.007
3690,PL,PLN,10,0,0,5,2014-10-12 10:52:00,Unknown,NULL,NULL
3053,PL,PLN,10,0,0,5,2014-10-12 10:52:00,Unknown,NULL,NULL
3051,PL,PLN,10,0,0,5,2014-10-12 10:52:00,Unknown,NULL,NULL
2177,PL,PLN,10,0,0,5,2014-10-12 10:52:00,Unknown,NULL,NULL
952,PL,PLN,10,0,0,5,2014-10-12 10:52:00,Unknown,NULL,NULL
715,PL,PLN,10,0,0,5,2014-10-12 10:52:00,Unknown,NULL,NULL
650,PL,PLN,10,0,0,5,2014-10-12 10:52:00,Unknown,NULL,NULL
320,FR,EUR,12,0,2,4.5,2023-11-24 21:20:33,Unknown,NULL,0.072
562,FR,EUR,192,1,2,4.93,2017-10-21 19:53:51,i. 32+ years old,NULL,0.00600000005215406
1849,FR,EUR,59,0,0,4.97,2019-10-09 20:41:07,i. 32+ years old,NULL,0.00600000005215406
997,FR,EUR,65,2,7,4.59,2020-10-04 9:18:45,Unknown,NULL,0.00600000005215406
1563,PL,PLN,41,0,2,4.81,2022-07-31 22:42:34,Unknown,AUTO_SHADOW_BAN_SPAM_MODEL,0.00800000037997961
208,UK,GBP,69,0,0,5,2023-03-28 7:30:41,Unknown,NULL,0.013
2734,UK,GBP,48,0,0,5,2024-02-05 23:02:42,Unknown,AUTO_SHADOW_BAN_MSG_SIMILARITY,0.014
606,UK,GBP,0,0,0,NULL,2024-08-25 14:00:39,Unknown,NULL,0.012
228,UK,GBP,21,0,0,5,2022-11-15 22:47:23,Unknown,NULL,0.031
1218,UK,GBP,15,0,0,5,2023-03-10 17:52:37,Unknown,NULL,0.019
2401,UK,GBP,61,0,2,4.86,2022-07-05 13:23:14,f. 23 - 26 years old,NULL,0.0130000002682209
2708,FR,EUR,66,3,0,4.88,2019-10-23 13:22:01,Unknown,NULL,0.00600000005215406
2173,UK,GBP,146,0,2,4.95,2021-06-18 12:08:30,Unknown,NULL,0.00600000005215406
66,UK,GBP,167,1,0,4.96,2022-09-05 12:58:39,Unknown,NULL,0.00999999977648258
3633,PL,PLN,0,0,0,NULL,2014-11-05 18:38:27,Unknown,NULL,NULL
3241,PL,PLN,0,0,0,NULL,2014-11-05 18:38:27,Unknown,NULL,NULL
3000,PL,PLN,0,0,0,NULL,2014-11-05 18:38:27,Unknown,NULL,NULL
2395,PL,PLN,0,0,0,NULL,2014-11-05 18:38:27,Unknown,NULL,NULL
2128,PL,PLN,0,0,0,NULL,2014-11-05 18:38:27,Unknown,NULL,NULL
1759,PL,PLN,0,0,0,NULL,2014-11-05 18:38:27,Unknown,NULL,NULL
1470,PL,PLN,0,0,0,NULL,2014-11-05 18:38:27,Unknown,NULL,NULL
3055,UK,GBP,14,0,1,4.73,2021-11-11 22:43:13,Unknown,AUTO_SHADOW_BAN_MEMBER_SCORE,0.0199999995529651
2886,FR,EUR,69,2,5,4.67,2022-10-06 19:03:05,i. 32+ years old,SCAM_OTHER,0.017
2941,UK,GBP,17,0,0,4.94,2024-06-19 0:44:08,Unknown,AUTO_SHADOW_BAN_MSG_SIMILARITY,0.018
1458,UK,GBP,0,0,0,NULL,2024-06-30 18:02:54,Unknown,NULL,0.029
2925,FR,EUR,75,0,1,4.95,2018-10-14 9:00:08,Unknown,NULL,0.00600000005215406
1221,FR,EUR,2600,25,45,4.89,2022-08-25 11:35:50,Unknown,AUTO_SHADOW_BAN_SPAM_MODEL,0.458999991416931
880,UK,GBP,1,0,0,5,2024-08-16 14:42:29,Unknown,NULL,0.012
1696,UK,GBP,475,0,7,4.94,2021-12-19 20:42:21,Unknown,AUTO_SHADOW_BAN_SPAM_MODEL,0.0729999989271164
944,UK,GBP,475,0,7,4.94,2021-12-19 20:42:21,Unknown,AUTO_SHADOW_BAN_SPAM_MODEL,0.0729999989271164
2101,DE,EUR,5,0,0,5,2016-04-26 8:02:05,Unknown,NULL,NULL
413,DE,EUR,5,0,0,5,2016-04-26 8:02:05,Unknown,NULL,NULL
991,UK,GBP,47,0,0,5,2021-06-11 13:19:13,Unknown,NULL,0.00600000005215406
3380,UK,GBP,66,0,0,4.98,2023-08-15 8:02:53,Unknown,NULL,0.016
2598,PT,EUR,98,1,2,4.9,2021-09-15 8:05:16,Unknown,NULL,0.00600000005215406
1180,FR,EUR,79,0,1,4.93,2021-06-15 18:04:05,Unknown,NULL,0.00600000005215406
2288,UK,GBP,517,1,4,4.96,2022-08-10 16:20:51,Unknown,NULL,0.015
193,UK,GBP,11,0,1,4.67,2021-11-08 21:06:25,i. 32+ years old,AUTO_SHADOW_BAN_SPAM_MODEL,0.00600000005215406
140,FR,EUR,372,1,28,4.71,2016-08-21 16:19:23,Unknown,NULL,0.00600000005215406
2969,DE,EUR,0,0,0,NULL,2016-08-17 10:56:24,Unknown,NULL,NULL
534,DE,EUR,0,0,0,NULL,2016-08-17 10:56:24,Unknown,NULL,NULL
3186,CZ,CZK,37,0,0,5,2022-01-22 12:46:18,e. 20 - 22 years old,AUTO_SHADOW_BAN_MSG_SIMILARITY,0.0109999999403953
339,CZ,CZK,37,0,0,5,2022-01-22 12:46:18,e. 20 - 22 years old,AUTO_SHADOW_BAN_MSG_SIMILARITY,0.0109999999403953
1638,UK,GBP,1165,1,4,4.98,2023-11-10 10:17:44,e. 20 - 22 years old,NULL,0.008
460,ES,EUR,62,0,2,4.89,2024-05-01 13:12:02,Unknown,NULL,0.274
2871,BE,EUR,2,0,0,5,2024-07-06 18:17:01,Unknown,NULL,0.795
1364,UK,GBP,729,0,6,4.96,2022-10-15 20:44:19,f. 23 - 26 years old,NULL,0.017
3625,UK,GBP,83,1,1,4.93,2023-04-09 21:07:39,Unknown,NULL,0.015
2534,RO,RON,41,0,1,4.88,2024-04-30 16:43:02,f. 23 - 26 years old,NULL,0.006
1950,UK,GBP,10,1,0,4.82,2023-07-11 15:31:19,Unknown,NULL,0.057
58,UK,GBP,0,0,0,NULL,2024-09-05 19:41:06,Unknown,NULL,0.81
296,IT,EUR,1,0,0,5,2024-05-16 11:11:00,Unknown,NULL,0.063
3649,US,USD,0,0,0,NULL,2014-02-06 16:17:23,Unknown,NULL,NULL
3054,US,USD,0,0,0,NULL,2014-02-06 16:17:23,Unknown,NULL,NULL
2676,US,USD,0,0,0,NULL,2014-02-06 16:17:23,Unknown,NULL,NULL
1569,US,USD,0,0,0,NULL,2014-02-06 16:17:23,Unknown,NULL,NULL
1358,US,USD,0,0,0,NULL,2014-02-06 16:17:23,Unknown,NULL,NULL
813,US,USD,0,0,0,NULL,2014-02-06 16:17:23,Unknown,NULL,NULL
803,US,USD,0,0,0,NULL,2014-02-06 16:17:23,Unknown,NULL,NULL
718,UK,GBP,61,0,2,4.87,2022-11-24 7:22:51,Unknown,NULL,0.013
3287,UK,GBP,180,0,0,5,2023-03-16 15:45:08,Unknown,REPLICA_SELLER,0.012
2085,UK,GBP,7,0,0,5,2021-07-20 1:46:19,Unknown,NULL,0.00600000005215406
3292,UK,GBP,201,0,0,5,2022-03-06 22:28:18,Unknown,NULL,0.00700000021606683
717,PL,PLN,3,0,0,5,2024-08-17 19:46:36,Unknown,NULL,0.021
1415,FR,EUR,1,0,0,5,2024-01-14 20:45:33,Unknown,NULL,0.098
219,UK,GBP,193,1,1,4.95,2022-09-17 20:41:13,Unknown,NULL,0.0299999993294477
3011,FR,EUR,13,0,1,4.79,2024-06-02 10:05:43,Unknown,SHIPPING_SCAM,0.019
1588,IT,EUR,62,0,0,5,2021-03-23 16:33:56,Unknown,NULL,0.00600000005215406
3012,DE,EUR,0,0,0,NULL,2016-07-05 18:13:11,Unknown,NULL,NULL
1214,DE,EUR,0,0,0,NULL,2016-07-05 18:13:11,Unknown,NULL,NULL
1941,LT,EUR,3,0,0,5,2023-09-30 20:07:40,Unknown,NULL,0.023
1459,NL,EUR,131,2,9,4.72,2021-04-12 11:05:02,Unknown,NULL,0.00600000005215406
2670,UK,GBP,908,0,0,5,2022-02-01 11:40:13,Unknown,NULL,0.0120000001043081
93,UK,GBP,908,0,0,5,2022-02-01 11:40:13,Unknown,NULL,0.0120000001043081
2658,UK,GBP,47,0,4,4.69,2022-09-06 9:13:42,Unknown,NULL,0.0089999996125698
710,UK,GBP,918,0,10,4.95,2022-10-11 5:12:26,Unknown,NULL,0.016
1119,IT,EUR,243,1,0,4.98,2021-02-22 8:12:35,Unknown,NULL,0.00600000005215406
2623,US,USD,0,0,0,NULL,2020-02-11 0:27:40,g. 27 - 29 years old,NULL,NULL
1303,US,USD,0,0,0,NULL,2020-02-11 0:27:40,g. 27 - 29 years old,NULL,NULL
1348,FR,EUR,214,6,5,4.84,2018-11-27 14:49:32,Unknown,NULL,0.00600000005215406
2974,PT,EUR,6,0,0,4.83,2022-09-17 23:46:22,Unknown,NULL,0.00800000037997961
2055,UK,GBP,219,3,12,4.75,2021-11-18 23:54:45,i. 32+ years old,NULL,0.00499999988824129
407,UK,GBP,219,3,12,4.75,2021-11-18 23:54:45,i. 32+ years old,NULL,0.00499999988824129
1165,UK,GBP,281,0,0,5,2023-02-17 11:59:17,i. 32+ years old,BLOCK_2PROFILES,0.013
1487,FR,EUR,1,0,0,5,2023-06-05 19:33:57,Unknown,NULL,0.173
1008,UK,GBP,193,1,16,4.68,2022-05-02 10:29:06,Unknown,AUTO_PHISHING_URL_REVIEW,0.0149999996647238
3048,FR,EUR,69,1,2,4.88,2013-12-08 13:12:46,Unknown,NULL,0.00600000005215406
3006,FR,EUR,69,1,2,4.88,2013-12-08 13:12:46,Unknown,NULL,0.00600000005215406
1352,FR,EUR,69,1,2,4.88,2013-12-08 13:12:46,Unknown,NULL,0.00600000005215406
1091,FR,EUR,69,1,2,4.88,2013-12-08 13:12:46,Unknown,NULL,0.00600000005215406
485,FR,EUR,69,1,2,4.88,2013-12-08 13:12:46,Unknown,NULL,0.00600000005215406
2548,UK,GBP,24,0,3,4.56,2023-01-30 16:11:39,Unknown,NULL,0.009
3418,UK,GBP,0,0,0,NULL,2024-07-29 21:40:09,Unknown,NULL,0.626
2055,DE,EUR,0,0,0,NULL,2016-10-23 11:28:37,Unknown,NULL,NULL
407,DE,EUR,0,0,0,NULL,2016-10-23 11:28:37,Unknown,NULL,NULL
444,UK,GBP,100,0,1,4.96,2022-05-02 13:59:35,Unknown,NULL,0.00800000037997961
602,UK,GBP,307,0,10,4.87,2021-04-10 21:14:43,Unknown,NULL,0.00600000005215406
1005,UK,GBP,36,0,0,4.97,2022-09-25 16:21:25,Unknown,NULL,0.00600000005215406
2533,UK,GBP,249,0,2,4.94,2024-02-01 20:28:36,d. 17 - 19 years old,NULL,0.006
3503,US,USD,0,0,0,NULL,2015-10-24 4:42:10,Unknown,NULL,NULL
2389,US,USD,0,0,0,NULL,2015-10-24 4:42:10,Unknown,NULL,NULL
2186,FR,EUR,14,0,0,5,2021-08-29 18:02:00,Unknown,NULL,0.00600000005215406
3422,FR,EUR,4395,32,83,4.89,2022-06-23 17:07:35,i. 32+ years old,AUTO_SHADOW_BAN_SPAM_MODEL,0.0140000004321336
1021,FR,EUR,61,0,0,5,2020-04-06 19:31:08,Unknown,NULL,0.00600000005215406
3627,PL,PLN,145,0,0,5,2016-05-27 12:43:29,b. 13 - 15 years old,NULL,0.00600000005215406
2445,FR,EUR,683,1,1,4.99,2019-08-03 16:43:07,Unknown,BLOCK_2PROFILES,0.00600000005215406
3293,UK,GBP,4,0,0,5,2023-06-16 11:42:50,Unknown,NULL,0.047
1439,IT,EUR,776,2,14,4.91,2021-01-03 22:10:00,Unknown,NULL,0.00600000005215406
1892,UK,GBP,149,0,6,4.84,2024-07-11 15:14:47,Unknown,REPLICA_OFFENDER,0.017
2493,UK,GBP,219,1,8,4.85,2023-01-12 17:15:59,i. 32+ years old,AUTO_PHISHING_IMAGE_REVIEW,0.015
1851,UK,GBP,181,0,0,5,2023-06-04 13:25:26,Unknown,NULL,0.016
1477,UK,GBP,27,0,2,4.72,2024-07-13 11:08:59,Unknown,NULL,0.013
640,ES,EUR,12,0,8,3.35,2020-06-24 23:21:18,Unknown,NULL,0.00600000005215406
250,UK,GBP,44,0,0,5,2021-09-23 10:57:30,Unknown,NULL,0.00600000005215406
1910,UK,GBP,761,1,3,4.97,2021-05-08 13:25:09,i. 32+ years old,NULL,0.00600000005215406
2461,BE,EUR,182,1,3,4.87,2021-02-18 15:08:10,Unknown,NULL,0.00600000005215406
1882,DE,EUR,0,0,0,0,2018-09-03 17:47:10,Unknown,SHADOW_BAN_REPLICA_SCAMMER,NULL
1087,DE,EUR,0,0,0,0,2018-09-03 17:47:10,Unknown,SHADOW_BAN_REPLICA_SCAMMER,NULL
1298,FR,EUR,413,6,20,4.77,2018-03-29 11:56:12,i. 32+ years old,USED_COSMETIC_BLOCK,0.00600000005215406
3696,UK,GBP,51,1,17,3.96,2023-12-17 21:42:40,Unknown,AUTO_SHADOW_BAN_MSG_SIMILARITY,0.075
110,UK,GBP,4,0,0,5,2023-03-09 0:20:21,Unknown,NULL,0.087
2789,UK,GBP,23,0,0,5,2023-06-28 17:30:06,Unknown,NULL,0.103
381,IT,EUR,268,3,23,4.65,2024-03-20 15:42:29,h. 30 - 31 years old,REPLICA_OFFENDER,0.023
1775,FR,EUR,124,0,4,4.87,2022-05-04 11:45:06,d. 17 - 19 years old,NULL,0.0230000000447034
3288,UK,GBP,434,0,1,4.99,2023-10-09 18:45:18,h. 30 - 31 years old,NULL,0.012
2532,UK,GBP,16,0,0,5,2024-05-01 21:24:07,Unknown,NULL,0.009
2468,FR,EUR,8,0,1,4.56,2023-10-08 19:24:11,Unknown,NULL,0.012
3329,NL,EUR,698,1,2,4.97,2019-10-13 11:38:35,i. 32+ years old,NULL,0.00600000005215406
1325,UK,GBP,136,1,14,4.61,2023-04-11 17:09:49,Unknown,NULL,0.019
3094,UK,GBP,19,0,0,5,2022-10-11 15:28:07,Unknown,NULL,0.023
3487,AT,EUR,0,0,0,NULL,2019-08-30 23:04:23,Unknown,NULL,NULL
821,AT,EUR,0,0,0,NULL,2019-08-30 23:04:23,Unknown,NULL,NULL
3584,UK,GBP,38,0,0,5,2023-05-03 22:20:22,Unknown,NULL,0.014
768,DE,EUR,0,0,0,NULL,2020-10-17 8:18:55,Unknown,NULL,NULL
198,DE,EUR,0,0,0,NULL,2020-10-17 8:18:55,Unknown,NULL,NULL
3672,UK,GBP,140,0,4,4.9,2021-06-29 19:48:22,Unknown,NULL,0.00600000005215406
1834,UK,GBP,52,0,0,5,2023-02-12 14:43:33,Unknown,NULL,0.006
2033,FR,EUR,1056,3,9,4.95,2021-04-08 16:28:39,i. 32+ years old,NULL,0.00600000005215406
846,UK,GBP,157,0,55,3.96,2023-07-16 18:01:29,Unknown,NULL,0.011
1136,UK,GBP,561,1,23,4.84,2021-02-08 14:28:48,Unknown,AUTO_SHADOW_BAN_SPAM_MODEL,0.00600000005215406
552,UK,GBP,0,0,0,NULL,2024-07-29 5:35:54,g. 27 - 29 years old,NULL,0.492
99,NL,EUR,859,1,9,4.95,2020-06-05 7:07:19,i. 32+ years old,AUTO_SHADOW_BAN_SPAM_MODEL,0.00600000005215406
1669,FR,EUR,82,0,4,4.79,2018-11-10 23:49:37,b. 13 - 15 years old,SHIPPING_SCAM,0.00600000005215406
1540,UK,GBP,127,0,0,5,2022-08-07 21:45:40,Unknown,NULL,0.00600000005215406
1079,UK,GBP,7,0,0,5,2024-01-30 9:17:58,Unknown,NULL,0.012
3678,DE,EUR,5,0,0,5,2019-09-23 18:09:12,g. 27 - 29 years old,NULL,NULL
1354,DE,EUR,5,0,0,5,2019-09-23 18:09:12,g. 27 - 29 years old,NULL,NULL
3649,PL,PLN,0,0,2,NULL,2014-11-22 11:34:15,Unknown,NULL,NULL
3054,PL,PLN,0,0,2,NULL,2014-11-22 11:34:15,Unknown,NULL,NULL
2676,PL,PLN,0,0,2,NULL,2014-11-22 11:34:15,Unknown,NULL,NULL
1569,PL,PLN,0,0,2,NULL,2014-11-22 11:34:15,Unknown,NULL,NULL
1358,PL,PLN,0,0,2,NULL,2014-11-22 11:34:15,Unknown,NULL,NULL
813,PL,PLN,0,0,2,NULL,2014-11-22 11:34:15,Unknown,NULL,NULL
803,PL,PLN,0,0,2,NULL,2014-11-22 11:34:15,Unknown,NULL,NULL
859,FR,EUR,58,4,36,3.45,2018-07-27 16:27:00,Unknown,NULL,0.00600000005215406
269,UK,GBP,105,0,0,5,2023-09-14 16:14:09,Unknown,NULL,0.006
2433,FR,EUR,735,9,41,4.76,2022-01-09 11:10:35,Unknown,REPLICA_OFFENDER,0.0170000009238719
827,FR,EUR,735,9,41,4.76,2022-01-09 11:10:35,Unknown,REPLICA_OFFENDER,0.0170000009238719
1022,UK,GBP,110,1,3,4.87,2022-09-09 18:22:32,Unknown,NULL,0.00700000021606683
590,IT,EUR,7,0,0,5,2023-12-16 23:12:17,Unknown,NULL,0.016
428,UK,GBP,28,1,7,4.17,2023-08-09 18:47:46,Unknown,AUTO_SHADOW_BAN_SPAM_MODEL,0.007
2505,FR,EUR,207,1,5,4.89,2019-12-23 18:32:10,g. 27 - 29 years old,NULL,0.00600000005215406
1733,HU,HUF,245,0,0,4.98,2022-11-19 15:34:21,i. 32+ years old,NULL,0.006
3589,IT,EUR,2,0,0,5,2023-01-20 11:46:29,Unknown,NULL,0.007
900,UK,GBP,282,0,1,4.99,2023-01-01 22:21:16,i. 32+ years old,NULL,0.01
1846,UK,GBP,73,0,0,5,2024-07-03 17:56:07,Unknown,AUTO_SHADOW_BAN_MSG_SIMILARITY,0.417
1416,DE,EUR,0,0,0,NULL,2020-07-27 19:27:00,Unknown,NULL,NULL
522,DE,EUR,0,0,0,NULL,2020-07-27 19:27:00,Unknown,NULL,NULL
2181,FR,EUR,896,12,37,4.79,2016-04-15 7:11:32,Unknown,NULL,0.00600000005215406
2844,UK,GBP,18,0,0,5,2024-07-10 8:28:56,Unknown,NULL,0.278
963,FR,EUR,339,4,17,4.78,2021-04-28 5:58:33,i. 32+ years old,AUTO_SHADOW_BAN_SPAM_MODEL,0.00600000005215406
765,PL,PLN,18,0,1,4.79,2024-02-06 16:16:49,Unknown,AUTO_SHADOW_BAN_SPAM_MODEL,0.013
97,UK,GBP,5333,43,766,4.47,2020-01-07 23:25:53,d. 17 - 19 years old,NULL,0.00600000005215406
3456,NL,EUR,32,1,2,4.69,2019-08-12 10:57:43,e. 20 - 22 years old,NULL,0.00600000005215406
1599,FR,EUR,1508,4,44,4.87,2020-01-01 18:23:30,h. 30 - 31 years old,NULL,0.00600000005215406
2738,UK,GBP,41,0,0,4.98,2023-03-27 21:31:07,f. 23 - 26 years old,NULL,0.007
2772,UK,GBP,584,1,6,4.95,2022-09-22 15:37:27,Unknown,NULL,0.0149999996647238
3366,UK,GBP,20,0,0,5,2021-08-27 10:46:21,Unknown,NULL,0.00600000005215406
1907,FR,EUR,81,0,3,4.83,2023-03-30 8:52:30,i. 32+ years old,NULL,0.061
1449,UK,GBP,384,1,13,4.86,2022-03-19 21:12:35,Unknown,AUTO_PHISHING_ITEM_URL_REVIEW,0.00999999977648258
2109,DE,EUR,0,0,0,NULL,2015-06-10 14:15:31,Unknown,NULL,NULL
1726,DE,EUR,0,0,0,NULL,2015-06-10 14:15:31,Unknown,NULL,NULL
781,UK,GBP,104,0,2,4.92,2021-08-28 19:54:10,Unknown,NULL,0.00600000005215406
1568,UK,GBP,139,0,0,4.99,2022-05-01 7:55:03,Unknown,NULL,0.0509999990463256
2509,FR,EUR,90,0,0,4.99,2019-08-27 3:31:16,h. 30 - 31 years old,NULL,0.00600000005215406
2602,UK,GBP,367,0,4,4.95,2022-05-05 16:28:31,Unknown,NULL,0.0140000004321336
969,FR,EUR,48,2,1,4.82,2019-03-14 18:34:29,Unknown,NULL,0.00600000005215406
1064,UK,GBP,1,0,0,5,2023-04-12 16:27:23,Unknown,NULL,0.019
1521,FR,EUR,21,2,0,4.83,2024-03-15 17:28:12,Unknown,NULL,0.007
3089,UK,GBP,86,0,1,4.95,2022-05-21 22:23:38,g. 27 - 29 years old,NULL,0.00600000005215406
3532,DE,EUR,0,0,1,NULL,2012-06-26 17:34:18,Unknown,NULL,NULL
2965,DE,EUR,0,0,1,NULL,2012-06-26 17:34:18,Unknown,NULL,NULL
1651,DE,EUR,0,0,1,NULL,2012-06-26 17:34:18,Unknown,NULL,NULL
1437,DE,EUR,0,0,1,NULL,2012-06-26 17:34:18,Unknown,NULL,NULL
1095,DE,EUR,0,0,1,NULL,2012-06-26 17:34:18,Unknown,NULL,NULL
908,DE,EUR,0,0,1,NULL,2012-06-26 17:34:18,Unknown,NULL,NULL
843,DE,EUR,0,0,1,NULL,2012-06-26 17:34:18,Unknown,NULL,NULL
674,DE,EUR,0,0,1,NULL,2012-06-26 17:34:18,Unknown,NULL,NULL
26,DE,EUR,0,0,1,NULL,2012-06-26 17:34:18,Unknown,NULL,NULL
1228,SE,SEK,35,1,6,4.36,2023-08-29 16:05:39,Unknown,NULL,0.01
2624,UK,GBP,184,0,16,4.67,2023-12-12 17:37:14,i. 32+ years old,NULL,0.019
2568,FR,EUR,187,4,18,4.59,2018-12-29 12:00:16,Unknown,NULL,0.00600000005215406
2501,NL,EUR,408,6,21,4.76,2019-10-14 11:42:28,Unknown,NULL,0.00600000005215406
1549,FR,EUR,228,1,7,4.87,2021-07-10 10:23:11,Unknown,AUTO_SHADOW_BAN_MEMBER_SCORE,0.00600000005215406
758,UK,GBP,88,0,6,4.73,2021-08-02 10:04:46,h. 30 - 31 years old,NULL,0.00600000005215406
2670,DE,EUR,0,0,0,NULL,2020-04-22 18:31:05,Unknown,NULL,NULL
93,DE,EUR,0,0,0,NULL,2020-04-22 18:31:05,Unknown,NULL,NULL
2362,FR,EUR,121,0,5,4.81,2017-12-26 9:43:53,Unknown,NULL,0.00600000005215406
1589,FR,EUR,121,0,5,4.81,2017-12-26 9:43:53,Unknown,NULL,0.00600000005215406
3224,UK,GBP,111,0,1,4.96,2023-03-05 11:40:53,Unknown,NULL,0.012
2172,UK,GBP,34,0,0,5,2023-07-27 16:31:46,d. 17 - 19 years old,AUTO-BLOCK SHIPPING SCAM,0.376
2749,UK,GBP,19,0,0,5,2023-10-15 15:19:56,Unknown,NULL,0.006
662,NL,EUR,72,5,33,3.61,2021-12-26 15:53:31,Unknown,AUTO_SHADOW_BAN_MEMBER_SCORE,0.0120000001043081
400,NL,EUR,72,5,33,3.61,2021-12-26 15:53:31,Unknown,AUTO_SHADOW_BAN_MEMBER_SCORE,0.0120000001043081
3162,UK,GBP,16,0,0,5,2024-03-09 16:23:39,Unknown,NULL,0.007
608,DE,EUR,1,0,0,5,2016-05-16 17:26:44,Unknown,NULL,NULL
380,DE,EUR,1,0,0,5,2016-05-16 17:26:44,Unknown,NULL,NULL
3147,UK,GBP,1883,4,62,4.86,2017-12-27 15:15:37,g. 27 - 29 years old,NULL,0.00600000005215406
2525,IT,EUR,439,3,4,4.94,2022-02-06 21:23:25,i. 32+ years old,NULL,0.0089999996125698
1366,IT,EUR,439,3,4,4.94,2022-02-06 21:23:25,i. 32+ years old,NULL,0.0089999996125698
646,UK,GBP,91,0,2,4.92,2022-03-05 18:22:57,h. 30 - 31 years old,NULL,0.00999999977648258
36,CZ,CZK,11,0,0,5,2023-02-23 12:32:07,Unknown,SUSPEND - REPLICA2,0.022
1318,PL,PLN,0,0,0,NULL,2024-03-23 5:22:39,Unknown,NULL,0.131
2028,FR,EUR,52,0,0,5,2023-07-08 15:08:39,Unknown,AUTO_SHADOW_BAN_SPAM_MODEL,0.011
3701,UK,GBP,31,0,0,5,2022-03-04 15:22:26,Unknown,NULL,0.0120000001043081
1077,UK,GBP,84,0,1,4.95,2021-06-19 21:36:31,Unknown,NULL,0.00600000005215406
2512,UK,GBP,145,2,4,4.86,2022-12-23 12:33:05,Unknown,AUTO_SHADOW_BAN_SPAM_MODEL,0.016
1972,FR,EUR,10,0,0,5,2024-05-12 14:53:23,Unknown,NULL,0.007
1796,UK,GBP,122,0,1,4.97,2021-04-11 22:11:29,f. 23 - 26 years old,NULL,0.00600000005215406
3628,FR,EUR,138,0,0,4.98,2018-05-22 20:16:31,Unknown,NULL,0.00600000005215406
2137,UK,GBP,0,0,0,NULL,2024-01-01 9:37:15,Unknown,NULL,0.038
3167,DE,EUR,0,0,0,NULL,2020-04-28 20:24:20,Unknown,NULL,NULL
605,DE,EUR,0,0,0,NULL,2020-04-28 20:24:20,Unknown,NULL,NULL
1738,UK,GBP,8,0,0,5,2023-03-26 16:48:55,Unknown,AUTO_SHADOW_BAN_MEMBER_SCORE,0.037
2488,UK,GBP,0,0,0,NULL,2023-10-09 13:05:12,Unknown,NULL,0.008
3137,UK,GBP,31,0,0,5,2023-01-09 13:30:33,Unknown,NULL,0.012
1206,PT,EUR,57,1,1,4.92,2023-08-12 6:52:35,Unknown,NULL,0.008
302,UK,GBP,51,0,5,4.63,2021-07-03 11:01:16,Unknown,NULL,0.00600000005215406
3175,DE,EUR,0,0,0,NULL,2018-05-28 13:20:08,Unknown,NULL,NULL
1856,DE,EUR,0,0,0,NULL,2018-05-28 13:20:08,Unknown,NULL,NULL
1863,PL,PLN,1,0,0,5,2023-06-23 20:08:51,Unknown,NULL,0.007
1704,UK,GBP,158,0,1,4.97,2023-01-23 19:38:07,Unknown,NULL,0.008
3409,DE,EUR,16,0,1,4.76,2016-01-08 10:33:24,d. 17 - 19 years old,NULL,NULL
947,DE,EUR,16,0,1,4.76,2016-01-08 10:33:24,d. 17 - 19 years old,NULL,NULL
788,FR,EUR,17,0,0,4.88,2023-04-16 15:22:59,Unknown,NULL,0.007
970,UK,GBP,8,0,0,5,2024-06-25 17:20:25,Unknown,NULL,0.011
3532,US,USD,0,0,0,NULL,2014-01-18 15:24:34,Unknown,NULL,NULL
2965,US,USD,0,0,0,NULL,2014-01-18 15:24:34,Unknown,NULL,NULL
1651,US,USD,0,0,0,NULL,2014-01-18 15:24:34,Unknown,NULL,NULL
1437,US,USD,0,0,0,NULL,2014-01-18 15:24:34,Unknown,NULL,NULL
1095,US,USD,0,0,0,NULL,2014-01-18 15:24:34,Unknown,NULL,NULL
908,US,USD,0,0,0,NULL,2014-01-18 15:24:34,Unknown,NULL,NULL
843,US,USD,0,0,0,NULL,2014-01-18 15:24:34,Unknown,NULL,NULL
674,US,USD,0,0,0,NULL,2014-01-18 15:24:34,Unknown,NULL,NULL
26,US,USD,0,0,0,NULL,2014-01-18 15:24:34,Unknown,NULL,NULL
149,BE,EUR,1126,2,13,4.94,2019-08-30 4:39:45,Unknown,NULL,0.00600000005215406
1666,UK,GBP,375,0,2,4.98,2022-09-25 13:24:28,Unknown,NULL,0.0379999987781047
1901,FR,EUR,3,0,0,5,2024-08-14 20:45:58,Unknown,NULL,0.018
2479,IT,EUR,62,0,1,4.86,2021-03-02 10:46:07,Unknown,NULL,0.00600000005215406
1336,SE,SEK,37,0,1,4.87,2024-02-20 6:56:58,Unknown,NULL,0.012
995,FR,EUR,121,0,1,4.94,2017-02-11 8:37:18,i. 32+ years old,NULL,0.00600000005215406
2586,UK,GBP,34,0,0,5,2021-07-04 18:32:26,Unknown,NULL,0.00600000005215406
2904,DE,EUR,0,0,0,0,2016-02-15 13:59:54,Unknown,NULL,NULL
2432,DE,EUR,0,0,0,0,2016-02-15 13:59:54,Unknown,NULL,NULL
2165,UK,GBP,37,0,2,4.77,2023-10-13 14:59:58,Unknown,NULL,0.017
3133,UK,GBP,9,0,0,5,2024-02-25 18:41:15,Unknown,NULL,0.089
3437,UK,GBP,1075,3,12,4.95,2023-03-24 14:54:43,i. 32+ years old,REPLICA_SELLER,0.0450000017881393
248,UK,GBP,14,0,0,5,2024-06-05 21:53:58,Unknown,NULL,0.022
1160,FR,EUR,146,0,0,5,2018-10-22 14:20:45,Unknown,NULL,0.00600000005215406
862,DE,EUR,185,0,2,4.96,2016-11-02 18:15:35,g. 27 - 29 years old,NULL,0.00600000005215406
3250,FR,EUR,288,2,14,4.79,2020-03-16 20:23:18,Unknown,REPLICA_OFFENDER,0.00600000005215406
1962,UK,GBP,31,0,2,4.76,2021-02-22 14:02:15,Unknown,NULL,0.00600000005215406
1018,FR,EUR,140,0,0,4.97,2019-05-31 16:04:17,Unknown,NULL,0.00600000005215406
877,UK,GBP,42,0,0,5,2024-05-26 4:30:45,h. 30 - 31 years old,NULL,0.032
867,UK,GBP,60,0,1,4.93,2021-05-15 20:01:37,Unknown,AUTO_SHADOW_BAN_SPAM_MODEL,0.00600000005215406
871,IT,EUR,27,0,0,5,2023-05-21 3:57:38,Unknown,NULL,0.015
2006,UK,GBP,395,0,1,4.99,2022-02-04 19:30:25,Unknown,NULL,0.0189999993890523
1905,UK,GBP,395,0,1,4.99,2022-02-04 19:30:25,Unknown,NULL,0.0189999993890523
2357,UK,GBP,18,0,0,5,2024-04-01 10:21:00,f. 23 - 26 years old,NULL,0.01
2440,HU,HUF,5,0,0,5,2023-12-09 23:08:59,i. 32+ years old,NULL,0.01
220,FR,EUR,175,0,4,4.9,2018-04-19 0:04:51,e. 20 - 22 years old,NULL,0.00600000005215406
2150,HU,HUF,560,1,0,4.99,2023-01-27 8:03:08,Unknown,AUTO_SHADOW_BAN_MSG_SIMILARITY,0.006
747,UK,GBP,41,0,9,4.3,2023-04-09 16:12:29,Unknown,NULL,0.031
621,UK,GBP,75,0,1,4.95,2022-10-14 21:38:20,Unknown,NULL,0.019
525,FR,EUR,4,0,0,5,2024-03-25 22:18:32,Unknown,AUTO_SHADOW_BAN_SPAM_MODEL,0.017
2094,FR,EUR,279,3,3,4.92,2020-06-03 19:17:39,g. 27 - 29 years old,AUTO_SHADOW_BAN_MEMBER_SCORE,0.00600000005215406
3145,CZ,CZK,472,1,8,4.92,2012-10-10 16:22:05,e. 20 - 22 years old,NULL,0.00600000005215406
1742,CZ,CZK,472,1,8,4.92,2012-10-10 16:22:05,e. 20 - 22 years old,NULL,0.00600000005215406
2802,UK,GBP,19,0,1,4.8,2023-12-30 21:33:45,Unknown,NULL,0.023
2637,NL,EUR,540,12,59,4.54,2020-05-22 13:50:19,h. 30 - 31 years old,BLOCK_2PROFILES,0.00600000005215406
1093,UK,GBP,20,0,0,5,2022-10-11 21:34:16,Unknown,NULL,0.026
2063,NL,EUR,12,0,0,5,2023-12-02 22:19:19,Unknown,NULL,0.006
2704,PL,PLN,31,0,1,4.88,2024-04-15 10:25:36,i. 32+ years old,NULL,0.007
1936,PT,EUR,30,0,1,4.87,2024-07-27 15:57:54,Unknown,AUTO_SHADOW_BAN_MSG_SIMILARITY,0.015
3683,FR,EUR,265,5,25,4.61,2014-08-29 10:31:23,e. 20 - 22 years old,NULL,0.00600000005215406
2761,FR,EUR,265,5,25,4.61,2014-08-29 10:31:23,e. 20 - 22 years old,NULL,0.00600000005215406
1916,FR,EUR,265,5,25,4.61,2014-08-29 10:31:23,e. 20 - 22 years old,NULL,0.00600000005215406
1290,FR,EUR,265,5,25,4.61,2014-08-29 10:31:23,e. 20 - 22 years old,NULL,0.00600000005215406
191,FR,EUR,265,5,25,4.61,2014-08-29 10:31:23,e. 20 - 22 years old,NULL,0.00600000005215406
3544,UK,GBP,32,0,0,5,2023-01-16 9:22:04,Unknown,NULL,0.008
2419,UK,GBP,347,0,7,4.92,2021-11-09 17:57:36,Unknown,NULL,0.0140000004321336
799,IT,EUR,32,0,1,4.91,2022-09-30 22:09:29,Unknown,NULL,0.0240000002086162
2526,UK,GBP,22,0,0,5,2022-02-27 16:49:50,Unknown,NULL,0.00800000037997961
1357,PL,PLN,43,0,4,4.66,2020-10-02 9:32:28,e. 20 - 22 years old,NULL,0.00600000005215406
2308,UK,GBP,51,0,5,4.64,2021-12-31 13:08:16,Unknown,NULL,0.00999999977648258
809,UK,GBP,51,0,5,4.64,2021-12-31 13:08:16,Unknown,NULL,0.00999999977648258
1243,UK,GBP,117,0,0,4.97,2024-02-28 17:50:33,Unknown,AUTO_SHADOW_BAN_MSG_SIMILARITY,0.014
2484,BE,EUR,214,2,8,4.83,2019-02-06 19:24:11,e. 20 - 22 years old,NULL,0.00600000005215406
3564,US,USD,0,0,0,NULL,2019-05-25 20:29:52,Unknown,NULL,NULL
176,US,USD,0,0,0,NULL,2019-05-25 20:29:52,Unknown,NULL,NULL
1466,DE,EUR,0,0,0,NULL,2016-09-19 15:25:20,Unknown,NULL,NULL
1173,DE,EUR,0,0,0,NULL,2016-09-19 15:25:20,Unknown,NULL,NULL
447,UK,GBP,45,0,4,4.67,2023-02-17 9:12:33,Unknown,NULL,0.008
2422,PL,PLN,11,0,1,4.67,2021-11-04 17:57:59,e. 20 - 22 years old,NULL,0.0949999988079071
1653,UK,GBP,47,0,7,4.46,2022-09-25 15:28:58,Unknown,NULL,0.01
2126,UK,GBP,34,0,5,4.49,2022-07-15 23:41:44,Unknown,NULL,0.00600000005215406
2452,UK,GBP,185,0,0,5,2021-10-02 9:12:55,g. 27 - 29 years old,NULL,0.00600000005215406
367,UK,GBP,98,0,7,4.73,2023-03-24 19:45:37,i. 32+ years old,NULL,0.008
1977,CZ,CZK,33,0,1,4.88,2014-10-22 17:55:11,Unknown,NULL,0.00600000005215406
1613,CZ,CZK,33,0,1,4.88,2014-10-22 17:55:11,Unknown,NULL,0.00600000005215406
3314,IT,EUR,377,2,2,4.95,2021-10-29 13:09:35,Unknown,NULL,0.00999999977648258
2661,UK,GBP,712,2,5,4.96,2021-02-14 12:38:16,g. 27 - 29 years old,NULL,0.00600000005215406
721,UK,GBP,35,2,0,4.89,2023-08-30 17:34:28,d. 17 - 19 years old,NULL,0.203
2969,FR,EUR,21,0,1,4.82,2021-11-14 18:34:59,Unknown,NULL,NULL
534,FR,EUR,21,0,1,4.82,2021-11-14 18:34:59,Unknown,NULL,NULL
441,UK,GBP,40,0,0,5,2024-05-14 10:43:18,Unknown,NULL,0.006
1579,UK,GBP,13,0,0,5,2021-04-15 4:45:16,Unknown,NULL,0.00600000005215406
942,UK,GBP,5,0,1,4.33,2024-08-23 14:57:51,Unknown,AUTO_SHADOW_BAN_MSG_SIMILARITY,0.012
1514,IT,EUR,18,0,0,4.89,2021-05-23 22:54:14,Unknown,NULL,0.00600000005215406
2906,UK,GBP,721,1,30,4.83,2021-09-08 6:23:30,Unknown,NULL,0.00600000005215406
1573,PT,EUR,38,1,0,4.95,2022-12-16 15:06:10,Unknown,NULL,0.018
3057,US,USD,0,0,0,NULL,2019-02-10 9:11:08,e. 20 - 22 years old,NULL,NULL
918,US,USD,0,0,0,NULL,2019-02-10 9:11:08,e. 20 - 22 years old,NULL,NULL
1556,UK,GBP,110,0,10,4.67,2021-09-30 13:07:18,h. 30 - 31 years old,AUTO_SHADOW_BAN_SPAM_MODEL,0.00600000005215406
3624,NL,EUR,67,0,2,4.88,2021-02-20 17:56:48,d. 17 - 19 years old,NULL,0.00600000005215406
2448,NL,EUR,497,0,1,4.98,2021-05-16 14:27:37,Unknown,NULL,0.00600000005215406
3333,IT,EUR,271,2,3,4.93,2022-06-11 16:14:41,Unknown,NULL,0.00600000005215406
1707,UK,GBP,263,0,3,4.95,2023-08-04 19:31:10,i. 32+ years old,NULL,0.02
3545,FR,EUR,36,4,6,4.28,2018-02-13 6:19:01,b. 13 - 15 years old,NULL,0.00600000005215406
2053,FR,EUR,36,4,6,4.28,2018-02-13 6:19:01,b. 13 - 15 years old,NULL,0.00600000005215406
2104,DE,EUR,0,0,0,NULL,2017-10-16 11:17:01,Unknown,NULL,NULL
698,DE,EUR,0,0,0,NULL,2017-10-16 11:17:01,Unknown,NULL,NULL
1954,PL,PLN,114,1,0,4.98,2021-08-09 17:37:48,Unknown,NULL,0.00600000005215406
1152,UK,GBP,7,0,0,5,2023-12-13 17:24:37,Unknown,NULL,0.011
3315,UK,GBP,332,1,32,4.64,2022-03-23 17:12:49,Unknown,NULL,0.0149999996647238
3325,UK,GBP,24,0,0,5,2022-04-12 17:42:20,Unknown,NULL,0.00999999977648258
2631,FR,EUR,19,0,0,5,2023-07-31 16:12:00,f. 23 - 26 years old,NULL,0.268
858,DE,EUR,0,0,0,NULL,2019-05-20 19:48:21,Unknown,NULL,NULL
330,DE,EUR,0,0,0,NULL,2019-05-20 19:48:21,Unknown,NULL,NULL
3301,UK,GBP,8,0,0,5,2023-04-07 16:57:36,Unknown,NULL,0.011
156,FR,EUR,38,0,0,5,2018-10-12 20:00:21,Unknown,NULL,0.00600000005215406
2726,UK,GBP,701,2,43,4.76,2022-06-24 23:16:35,i. 32+ years old,AUTO_SHADOW_BAN_SPAM_MODEL,0.00999999977648258
2943,UK,GBP,36,0,1,4.89,2023-03-05 9:27:43,Unknown,NULL,0.023
1195,UK,GBP,14,0,0,4.93,2021-12-28 9:39:37,Unknown,NULL,0.00600000005215406
324,UK,GBP,14,0,0,4.93,2021-12-28 9:39:37,Unknown,NULL,0.00600000005215406
2146,UK,GBP,4,0,2,3.67,2023-12-11 18:06:25,Unknown,REPLICA_OFFENDER,0.0240000002086162
1768,UK,GBP,8,0,1,4.33,2024-05-27 18:46:16,Unknown,NULL,0.026
197,UK,GBP,10,0,0,5,2021-11-02 16:04:17,d. 17 - 19 years old,NULL,0.00600000005215406
3689,UK,GBP,5403,14,24,4.97,2021-10-18 15:55:21,i. 32+ years old,AUTO_PHISHING_IMAGE_REVIEW,0.00600000005215406
3541,UK,GBP,43,0,9,4.31,2023-08-24 16:57:26,Unknown,NULL,0.011
557,FR,EUR,79,0,13,4.39,2019-02-21 18:05:42,i. 32+ years old,NULL,0.00600000005215406
2217,UK,GBP,221,0,1,4.97,2023-04-09 12:10:59,i. 32+ years old,NULL,0.006
3213,UK,GBP,5,0,0,5,2023-01-04 10:23:14,Unknown,NULL,0.013
1349,FR,EUR,155,1,13,4.62,2020-12-01 14:55:11,Unknown,AUTO_SHADOW_BAN_SPAM_MODEL,0.00600000005215406
1692,PL,PLN,798,8,10,4.9,2023-06-22 10:40:54,g. 27 - 29 years old,REPLICA_OFFENDER,0.006
3427,US,USD,0,0,0,NULL,2018-01-17 20:12:16,Unknown,NULL,NULL
1213,US,USD,0,0,0,NULL,2018-01-17 20:12:16,Unknown,NULL,NULL
607,FR,EUR,75,0,5,4.76,2024-07-21 16:40:56,f. 23 - 26 years old,AUTO_SHADOW_BAN_MSG_SIMILARITY,0.01
2947,UK,GBP,42,0,4,4.63,2023-01-09 19:30:46,Unknown,NULL,0.011
2103,ES,EUR,4,0,0,5,2022-02-03 12:26:22,Unknown,NULL,0.266999989748001
735,ES,EUR,4,0,0,5,2022-02-03 12:26:22,Unknown,NULL,0.266999989748001
2409,DE,EUR,2,0,0,5,2018-06-25 17:55:12,Unknown,NULL,NULL
560,DE,EUR,2,0,0,5,2018-06-25 17:55:12,Unknown,NULL,NULL
2129,FR,EUR,45,1,12,4.12,2018-03-06 17:51:10,Unknown,NULL,0.00600000005215406
1814,FR,EUR,45,1,12,4.12,2018-03-06 17:51:10,Unknown,NULL,0.00600000005215406
2287,UK,GBP,121,0,1,4.97,2023-09-08 22:07:02,Unknown,NULL,0.006
2930,FR,EUR,505,0,7,4.93,2017-11-18 14:17:51,Unknown,OTHER_ILLEGAL_CONTENT_BLOCK,0.00600000005215406
2630,FR,EUR,505,0,7,4.93,2017-11-18 14:17:51,Unknown,OTHER_ILLEGAL_CONTENT_BLOCK,0.00600000005215406
3649,DE,EUR,1,0,0,NULL,2012-11-11 14:25:37,d. 17 - 19 years old,NULL,NULL
3054,DE,EUR,1,0,0,NULL,2012-11-11 14:25:37,d. 17 - 19 years old,NULL,NULL
2676,DE,EUR,1,0,0,NULL,2012-11-11 14:25:37,d. 17 - 19 years old,NULL,NULL
1569,DE,EUR,1,0,0,NULL,2012-11-11 14:25:37,d. 17 - 19 years old,NULL,NULL
1358,DE,EUR,1,0,0,NULL,2012-11-11 14:25:37,d. 17 - 19 years old,NULL,NULL
813,DE,EUR,1,0,0,NULL,2012-11-11 14:25:37,d. 17 - 19 years old,NULL,NULL
803,DE,EUR,1,0,0,NULL,2012-11-11 14:25:37,d. 17 - 19 years old,NULL,NULL
3062,UK,GBP,17,0,0,5,2023-03-17 8:36:26,Unknown,NULL,0.012
3282,PL,PLN,242,0,8,4.86,2023-01-23 11:42:31,Unknown,AUTO_SHADOW_BAN_SPAM_MODEL,0.015
696,UK,GBP,51,0,0,5,2023-11-19 15:49:25,Unknown,NULL,0.017
2724,DE,EUR,0,0,0,NULL,2019-11-17 20:41:48,Unknown,NULL,NULL
2476,DE,EUR,0,0,0,NULL,2019-11-17 20:41:48,Unknown,NULL,NULL
2815,FR,EUR,473,1,9,4.91,2019-07-24 18:13:12,i. 32+ years old,NULL,0.00600000005215406
3319,DE,EUR,0,0,0,NULL,2016-05-14 11:33:07,Unknown,NULL,NULL
2209,DE,EUR,0,0,0,NULL,2016-05-14 11:33:07,Unknown,NULL,NULL
409,NL,EUR,41,0,1,4.9,2020-12-20 17:14:46,c. 16 - 16 years old,NULL,0.00600000005215406
2936,UK,GBP,149,0,2,4.93,2021-02-14 8:52:12,i. 32+ years old,NULL,0.00600000005215406
773,UK,GBP,289,0,10,4.86,2021-06-06 22:48:30,d. 17 - 19 years old,NULL,0.00600000005215406
2644,UK,GBP,46,0,1,4.89,2022-03-22 0:30:15,e. 20 - 22 years old,NULL,0.0289999991655349
3080,UK,GBP,40,0,1,4.88,2023-03-21 6:51:04,d. 17 - 19 years old,NULL,0.014
847,UK,GBP,0,0,0,0,2024-06-24 18:25:54,Unknown,NULL,0.918
3567,UK,GBP,36,0,0,5,2023-08-15 12:20:28,Unknown,SUSPEND - REPLICA2,0.016
3063,UK,GBP,41,0,11,4.15,2021-11-28 14:40:13,Unknown,NULL,0.0879999995231628
115,UK,GBP,41,0,11,4.15,2021-11-28 14:40:13,Unknown,NULL,0.0879999995231628
1438,NL,EUR,47,0,2,4.82,2024-05-27 10:32:54,e. 20 - 22 years old,NULL,0.025
1296,UK,GBP,146,0,12,4.7,2022-09-25 14:29:29,Unknown,NULL,0.0140000004321336
3526,FR,EUR,5,0,0,5,2024-05-17 8:40:20,Unknown,SNAD_SCAM2,0.137
2449,UK,GBP,12,0,0,5,2022-03-21 16:33:55,Unknown,NULL,0.00600000005215406
293,UK,GBP,17,0,0,5,2022-11-06 18:58:21,Unknown,NULL,0.014
1687,UK,GBP,53,0,4,4.68,2023-12-15 18:51:50,Unknown,NULL,0.015
2070,UK,GBP,214,1,9,4.83,2022-05-10 20:52:58,Unknown,NULL,0.0149999996647238
527,ES,EUR,2,0,0,5,2022-11-15 4:57:37,Unknown,NULL,0.007
2314,UK,GBP,0,0,0,NULL,2024-07-01 9:31:30,Unknown,NULL,0.597
1223,DE,EUR,0,0,0,NULL,2019-02-24 18:11:03,Unknown,NULL,NULL
1006,DE,EUR,0,0,0,NULL,2019-02-24 18:11:03,Unknown,NULL,NULL
1921,FR,EUR,351,6,16,4.77,2021-07-04 16:54:27,Unknown,AUTO_SHADOW_BAN_SPAM_MODEL,0.00600000005215406
2066,UK,GBP,86,1,14,4.43,2022-03-01 8:10:45,f. 23 - 26 years old,NULL,0.0089999996125698
2604,IT,EUR,61,0,2,4.87,2023-09-02 15:20:34,Unknown,AUTO_SHADOW_BAN_SPAM_MODEL,0.015
2269,DE,EUR,0,0,0,NULL,2016-04-05 20:19:19,Unknown,NULL,NULL
1720,DE,EUR,0,0,0,NULL,2016-04-05 20:19:19,Unknown,NULL,NULL
3306,UK,GBP,706,3,5,4.96,2023-07-12 19:21:07,Unknown,CLOTHES_REPEATING_BLOCK,0.015
2131,FR,EUR,75,0,2,4.9,2019-05-27 10:45:47,f. 23 - 26 years old,NULL,0.00600000005215406
1560,UK,GBP,234,0,10,4.82,2021-10-11 12:17:05,Unknown,NULL,0.00600000005215406
3017,UK,GBP,635,0,1,4.99,2021-10-19 18:18:34,Unknown,AUTO_PHISHING_ITEM_URL_REVIEW,0.0120000001043081
2556,IT,EUR,10,0,0,5,2022-02-03 20:40:58,Unknown,NULL,0.00600000005215406
551,IT,EUR,10,0,0,5,2022-02-03 20:40:58,Unknown,NULL,0.00600000005215406
3343,DE,EUR,20,0,0,5,2013-08-07 6:55:26,Unknown,NULL,NULL
3265,DE,EUR,20,0,0,5,2013-08-07 6:55:26,Unknown,NULL,NULL
2946,DE,EUR,20,0,0,5,2013-08-07 6:55:26,Unknown,NULL,NULL
2591,DE,EUR,20,0,0,5,2013-08-07 6:55:26,Unknown,NULL,NULL
2511,DE,EUR,20,0,0,5,2013-08-07 6:55:26,Unknown,NULL,NULL
2402,DE,EUR,20,0,0,5,2013-08-07 6:55:26,Unknown,NULL,NULL
2292,DE,EUR,20,0,0,5,2013-08-07 6:55:26,Unknown,NULL,NULL
401,DE,EUR,20,0,0,5,2013-08-07 6:55:26,Unknown,NULL,NULL
136,DE,EUR,20,0,0,5,2013-08-07 6:55:26,Unknown,NULL,NULL
294,UK,GBP,50,1,0,4.96,2022-03-02 20:54:34,Unknown,NULL,0.00700000021606683
3454,DE,EUR,0,0,0,NULL,2019-12-29 19:10:51,Unknown,NULL,NULL
2662,DE,EUR,0,0,0,NULL,2019-12-29 19:10:51,Unknown,NULL,NULL
573,UK,GBP,26,0,0,5,2023-07-21 11:02:57,i. 32+ years old,NULL,0.012
2641,IT,EUR,26,0,4,4.43,2022-08-25 23:28:09,Unknown,AUTO_SHADOW_BAN_SPAM_MODEL,0.0179999992251396
1327,UK,GBP,119,0,0,5,2022-12-07 14:31:18,e. 20 - 22 years old,NULL,0.014
2469,UK,GBP,157,0,4,4.9,2021-11-10 16:38:08,Unknown,NULL,0.00600000005215406
3042,UK,GBP,281,0,4,4.93,2020-12-12 18:47:13,Unknown,AUTO_SHADOW_BAN_SPAM_MODEL,0.00600000005215406
2812,UK,GBP,20,1,0,4.9,2022-04-22 13:00:42,i. 32+ years old,NULL,0.00700000021606683
3527,UK,GBP,25,0,2,4.67,2023-06-24 11:05:54,Unknown,NULL,0.012
3423,UK,GBP,117,0,0,5,2018-11-05 11:36:04,g. 27 - 29 years old,NULL,0.00600000005215406
1436,IT,EUR,61,0,2,4.86,2023-11-17 11:27:34,Unknown,NULL,0.014
159,UK,GBP,163,0,11,4.75,2022-06-27 10:03:13,Unknown,AUTO_SHADOW_BAN_MSG_SIMILARITY,0.0109999999403953
1081,UK,GBP,99,0,0,5,2023-11-29 15:16:10,Unknown,AUTO_SHADOW_BAN_SPAM_MODEL,0.012
919,UK,GBP,35,0,0,5,2021-05-09 21:03:48,Unknown,NULL,0.00600000005215406
202,FR,EUR,27,0,0,5,2019-03-30 20:04:09,Unknown,NULL,0.00600000005215406
2559,UK,GBP,43,0,0,4.98,2021-07-28 11:10:13,Unknown,NULL,0.00600000005215406
3299,DE,EUR,1,0,0,5,2017-11-03 7:42:19,Unknown,NULL,NULL
1644,DE,EUR,1,0,0,5,2017-11-03 7:42:19,Unknown,NULL,NULL
1804,DE,EUR,0,0,0,NULL,2020-04-30 8:14:44,Unknown,NULL,NULL
694,DE,EUR,0,0,0,NULL,2020-04-30 8:14:44,Unknown,NULL,NULL
1460,LT,EUR,86,0,0,5,2022-11-05 11:47:35,e. 20 - 22 years old,AUTO_SHADOW_BAN_MEMBER_SCORE,0.009
3140,UK,GBP,750,1,6,4.96,2023-02-10 21:31:24,i. 32+ years old,REPLICA_OFFENDER,0.017
591,UK,GBP,19,0,0,4.95,2023-03-26 18:29:41,Unknown,NULL,0.007
3670,NL,EUR,89,0,1,4.94,2019-10-17 19:21:41,i. 32+ years old,NULL,0.00600000005215406
2909,UK,GBP,25,0,1,4.85,2023-09-03 13:13:50,Unknown,NULL,0.026
783,FR,EUR,272,0,6,4.9,2020-06-24 20:40:31,Unknown,AUTO_SHADOW_BAN_SPAM_MODEL,0.00600000005215406
2596,UK,GBP,309,1,11,4.85,2022-05-29 19:46:13,Unknown,NULL,0.0109999999403953
3575,CZ,CZK,0,0,0,NULL,2020-11-07 14:01:14,Unknown,NULL,NULL
2928,CZ,CZK,0,0,0,NULL,2020-11-07 14:01:14,Unknown,NULL,NULL
2305,CZ,CZK,0,0,0,NULL,2020-11-07 14:01:14,Unknown,NULL,NULL
2112,CZ,CZK,0,0,0,NULL,2020-11-07 14:01:14,Unknown,NULL,NULL
88,CZ,CZK,0,0,0,NULL,2020-11-07 14:01:14,Unknown,NULL,NULL
3569,UK,GBP,466,2,16,4.85,2023-01-12 14:36:32,Unknown,NULL,0.104
1273,UK,GBP,2969,4,41,4.94,2023-06-03 14:07:28,i. 32+ years old,SNAD_SCAM2,0.021
371,FR,EUR,21,0,0,5,2022-05-28 19:05:07,Unknown,AUTO_SHADOW_BAN_MEMBER_SCORE,0.0179999992251396
1832,UK,GBP,15,0,0,5,2023-12-14 1:25:21,i. 32+ years old,NULL,0.006
2853,UK,GBP,149,1,7,4.8,2021-05-04 16:18:17,e. 20 - 22 years old,NULL,0.00600000005215406
1334,UK,GBP,64,0,1,4.94,2022-11-02 9:21:37,Unknown,NULL,0.011
2696,NL,EUR,33,0,19,3.52,2020-07-10 12:13:57,Unknown,NULL,0.00600000005215406
3008,UK,GBP,0,0,0,NULL,2024-08-01 8:26:37,Unknown,NULL,0.018
1178,UK,GBP,7,0,0,5,2019-08-11 20:50:37,Unknown,NULL,0.00600000005215406
767,UK,GBP,85,0,0,5,2024-02-15 20:18:18,Unknown,NULL,0.025
2592,UK,GBP,176,0,1,4.98,2022-08-16 13:41:58,Unknown,NULL,0.00800000037997961
3,FR,EUR,3,0,0,5,2020-06-04 10:08:07,Unknown,NULL,0.00600000005215406
1462,UK,GBP,303,1,9,4.86,2022-02-21 21:43:30,Unknown,NULL,0.0149999996647238
2554,UK,GBP,333,1,5,4.94,2023-01-30 7:14:02,Unknown,NULL,0.009
1884,UK,GBP,602,0,10,4.93,2021-03-28 9:15:48,i. 32+ years old,NULL,0.00600000005215406
1170,UK,GBP,602,0,10,4.93,2021-03-28 9:15:48,i. 32+ years old,NULL,0.00600000005215406
3626,UK,GBP,121,0,2,4.93,2023-05-06 15:37:12,Unknown,NULL,0.015
1291,UK,GBP,924,1,22,4.9,2022-02-24 13:43:40,Unknown,NULL,0.00999999977648258
2043,UK,GBP,144,3,2,4.9,2021-04-17 19:51:27,Unknown,NULL,0.00600000005215406
3157,UK,GBP,1019,4,56,4.78,2020-07-01 6:44:13,i. 32+ years old,HEALTH_RISK_ITEMS_BLOCK,0.00600000005215406
2673,FR,EUR,500,2,2,4.96,2023-03-31 14:05:03,i. 32+ years old,AUTO_PHISHING_IMAGE_REVIEW,0.041
3583,UK,GBP,59,0,0,4.98,2022-10-03 11:29:11,i. 32+ years old,NULL,0.0130000002682209
1855,FR,EUR,114,0,9,4.69,2017-03-04 21:07:27,Unknown,NULL,0.00600000005215406
414,UK,GBP,93,0,1,4.95,2020-08-31 20:10:53,Unknown,NULL,0.00600000005215406
2518,FR,EUR,44,1,5,4.54,2022-02-12 9:12:23,Unknown,NULL,0.0130000002682209
3402,NL,EUR,1354,10,33,4.88,2022-12-26 9:34:28,Unknown,NULL,0.1
1558,BE,EUR,28,0,15,3.58,2020-02-28 22:31:22,Unknown,NULL,0.00600000005215406
3514,IT,EUR,39,1,0,4.93,2021-12-09 18:37:10,g. 27 - 29 years old,NULL,0.0120000001043081
1545,IT,EUR,39,1,0,4.93,2021-12-09 18:37:10,g. 27 - 29 years old,NULL,0.0120000001043081
458,FR,EUR,279,0,1,4.99,2023-10-19 20:14:42,i. 32+ years old,NULL,0.007
1413,UK,GBP,200,0,27,4.52,2021-09-30 10:43:57,Unknown,NULL,0.00600000005215406
1176,UK,GBP,37,0,1,4.89,2023-12-27 12:42:50,Unknown,NULL,0.011
1032,UK,GBP,5,0,1,4.33,2024-08-22 12:31:42,Unknown,NULL,0.012
3595,FR,EUR,818,4,42,4.78,2019-01-12 17:58:37,i. 32+ years old,NULL,0.00600000005215406
2426,UK,GBP,80,0,0,4.99,2024-06-07 20:55:57,Unknown,REPLICA_OFFENDER,0.034
3029,LT,NULL,3,0,0,NULL,2014-02-22 16:02:50,Unknown,NULL,NULL
2739,LT,NULL,3,0,0,NULL,2014-02-22 16:02:50,Unknown,NULL,NULL
2027,LT,NULL,3,0,0,NULL,2014-02-22 16:02:50,Unknown,NULL,NULL
1999,LT,NULL,3,0,0,NULL,2014-02-22 16:02:50,Unknown,NULL,NULL
1783,LT,NULL,3,0,0,NULL,2014-02-22 16:02:50,Unknown,NULL,NULL
1565,LT,NULL,3,0,0,NULL,2014-02-22 16:02:50,Unknown,NULL,NULL
1423,LT,NULL,3,0,0,NULL,2014-02-22 16:02:50,Unknown,NULL,NULL
2540,UK,GBP,4,0,0,5,2022-06-05 15:05:28,Unknown,NULL,0.0109999999403953
1054,FR,EUR,2121,2,2,4.99,2023-02-04 11:43:33,i. 32+ years old,AUTO_SHADOW_BAN_SPAM_MODEL,0.019
3234,UK,GBP,357,2,6,4.92,2022-05-27 8:18:16,Unknown,NULL,0.00800000037997961
3243,UK,GBP,100,0,0,4.98,2023-04-01 14:31:18,Unknown,NULL,0.015
175,NL,EUR,51,1,1,4.89,2021-02-08 20:05:11,Unknown,NULL,0.00600000005215406
2124,NL,EUR,63,2,0,4.92,2020-04-02 18:18:53,g. 27 - 29 years old,NULL,0.00600000005215406
455,NL,EUR,63,0,1,4.91,2023-09-05 15:52:07,Unknown,NULL,0.007
792,UK,GBP,825,1,12,4.94,2021-06-01 6:51:28,Unknown,NULL,0.00600000005215406
2104,UK,GBP,498,1,2,4.97,2021-12-04 18:10:42,Unknown,AUTO_SHADOW_BAN_MEMBER_SCORE,0.0379999987781047
698,UK,GBP,498,1,2,4.97,2021-12-04 18:10:42,Unknown,AUTO_SHADOW_BAN_MEMBER_SCORE,0.0379999987781047
272,UK,GBP,2105,8,66,4.86,2022-05-10 16:24:00,f. 23 - 26 years old,AUTO_SHADOW_BAN_MEMBER_SCORE,0.0140000004321336
2977,UK,GBP,16,0,6,3.91,2023-05-17 7:51:23,Unknown,AUTO_SHADOW_BAN_MSG_SIMILARITY,0.034
2141,FR,EUR,96,0,7,4.73,2019-07-02 20:34:19,i. 32+ years old,NULL,0.00600000005215406
2069,NL,EUR,39,0,0,5,2019-08-09 20:34:17,g. 27 - 29 years old,NULL,0.00600000005215406
2309,UK,GBP,827,3,56,4.72,2021-03-02 19:53:35,Unknown,NULL,0.00600000005215406
3690,CZ,CZK,1,0,0,NULL,2015-03-25 8:14:35,Unknown,NULL,NULL
3053,CZ,CZK,1,0,0,NULL,2015-03-25 8:14:35,Unknown,NULL,NULL
3051,CZ,CZK,1,0,0,NULL,2015-03-25 8:14:35,Unknown,NULL,NULL
2177,CZ,CZK,1,0,0,NULL,2015-03-25 8:14:35,Unknown,NULL,NULL
952,CZ,CZK,1,0,0,NULL,2015-03-25 8:14:35,Unknown,NULL,NULL
715,CZ,CZK,1,0,0,NULL,2015-03-25 8:14:35,Unknown,NULL,NULL
650,CZ,CZK,1,0,0,NULL,2015-03-25 8:14:35,Unknown,NULL,NULL
1268,DE,EUR,0,0,0,NULL,2019-12-18 8:41:03,Unknown,NULL,NULL
567,DE,EUR,0,0,0,NULL,2019-12-18 8:41:03,Unknown,NULL,NULL
1117,UK,GBP,0,0,0,NULL,2024-08-14 15:59:56,Unknown,NULL,0.597
1721,BE,EUR,313,3,6,4.88,2020-01-15 17:31:32,Unknown,NULL,0.00600000005215406
2102,UK,GBP,1382,5,19,4.93,2021-08-23 10:20:04,e. 20 - 22 years old,AUTO_SHADOW_BAN_SPAM_MODEL,0.00600000005215406
1252,UK,GBP,46,0,1,4.89,2022-07-21 20:45:06,Unknown,NULL,0.00600000005215406
2843,IT,EUR,76,0,1,4.94,2021-10-02 6:01:00,Unknown,NULL,0.00600000005215406
2839,FR,EUR,52,1,0,4.92,2018-12-29 18:50:52,Unknown,NULL,0.00600000005215406
497,UK,GBP,3,0,0,5,2024-07-22 17:24:31,i. 32+ years old,NULL,0.006
1581,UK,GBP,44,0,2,4.8,2022-11-12 8:39:46,Unknown,NULL,0.012
2953,DE,EUR,2,0,0,5,2017-05-16 10:30:32,Unknown,NULL,NULL
1003,DE,EUR,2,0,0,5,2017-05-16 10:30:32,Unknown,NULL,NULL
1396,UK,GBP,29,0,1,4.87,2022-03-11 16:25:52,Unknown,NULL,0.0240000002086162
119,FR,EUR,12,0,0,4.92,2022-11-16 11:09:06,Unknown,NULL,0.01
2336,UK,GBP,273,1,4,4.94,2022-04-23 8:09:45,Unknown,NULL,0.0109999999403953
2563,UK,GBP,299,0,1,4.98,2022-11-03 13:21:31,Unknown,NULL,0.006
1749,UK,GBP,4,0,0,4.75,2023-10-25 15:54:54,Unknown,NULL,0.007
3500,IT,EUR,1,0,0,5,2024-08-03 20:21:44,Unknown,NULL,0.006
2446,UK,GBP,11,0,2,4.46,2024-05-27 9:31:09,Unknown,AUTO_SHADOW_BAN_MEMBER_SCORE,0.014
1772,UK,GBP,1508,3,2,4.99,2021-11-29 13:35:06,i. 32+ years old,NULL,0.166999995708465
2510,FR,EUR,36,0,0,4.97,2021-02-09 18:53:32,e. 20 - 22 years old,NULL,0.00600000005215406
2261,UK,GBP,455,1,7,4.94,2021-11-02 23:36:17,Unknown,NULL,0.0189999993890523
3650,UK,GBP,0,0,0,NULL,2024-08-12 13:52:24,Unknown,NULL,0.033
2828,FR,EUR,196,2,3,4.92,2024-02-04 11:20:25,i. 32+ years old,NULL,0.363
3236,PL,PLN,684,14,34,4.77,2023-09-04 14:38:00,Unknown,AUTO_SHADOW_BAN_SPAM_MODEL,0.017
1433,FR,EUR,2628,27,24,4.92,2018-09-22 11:38:57,d. 17 - 19 years old,NULL,0.00600000005215406
2539,NL,EUR,3052,9,27,4.93,2020-05-06 19:30:56,Unknown,AUTO_SHADOW_BAN_SPAM_MODEL,0.00600000005215406
3158,UK,GBP,117,0,7,4.77,2021-11-11 9:09:39,Unknown,NULL,0.0140000004321336
2908,DE,EUR,0,0,0,0,2017-02-11 23:39:37,Unknown,NULL,NULL
423,DE,EUR,0,0,0,0,2017-02-11 23:39:37,Unknown,NULL,NULL
1770,UK,GBP,32,0,0,5,2024-04-09 11:16:58,Unknown,NULL,0.022
645,UK,GBP,612,2,10,4.92,2022-05-23 16:53:20,Unknown,NULL,0.0189999993890523
82,IT,EUR,76,0,0,5,2022-07-07 5:47:34,Unknown,NULL,0.00800000037997961
790,UK,GBP,210,0,6,4.87,2021-04-01 7:15:54,e. 20 - 22 years old,REPLICA_SELLER,0.00600000005215406
3613,IT,EUR,92,0,2,4.93,2023-12-30 10:06:34,e. 20 - 22 years old,AUTO_SHADOW_BAN_SPAM_MODEL,0.0189999993890523
3640,UK,GBP,94,0,10,4.63,2022-01-29 15:00:38,Unknown,NULL,0.0140000004321336
241,UK,GBP,94,0,10,4.63,2022-01-29 15:00:38,Unknown,NULL,0.0140000004321336
2386,UK,GBP,39,0,1,4.9,2023-04-24 8:48:50,Unknown,NULL,0.015
2123,IT,EUR,26,0,0,5,2023-06-05 18:08:03,Unknown,AUTO_SHADOW_BAN_MSG_SIMILARITY,0.014
737,PL,PLN,262,1,2,4.96,2017-04-18 8:04:38,i. 32+ years old,NULL,0.00600000005215406
1925,UK,GBP,13,0,2,4.47,2024-01-09 21:52:07,Unknown,NULL,0.018
2868,UK,GBP,23,0,0,5,2022-04-27 21:47:04,Unknown,NULL,0.00600000005215406
2996,UK,GBP,156,0,0,4.99,2021-03-13 21:16:41,Unknown,NULL,0.00600000005215406
3469,UK,GBP,55,0,1,4.95,2021-04-29 9:45:48,f. 23 - 26 years old,NULL,0.00600000005215406
1389,NL,EUR,246,3,4,4.89,2020-07-11 9:05:19,g. 27 - 29 years old,NULL,0.00600000005215406
2372,UK,GBP,335,1,7,4.9,2022-06-04 14:24:50,i. 32+ years old,NULL,0.0109999999403953
1932,FR,EUR,221,1,10,4.81,2017-01-22 13:31:36,Unknown,NULL,0.00600000005215406
263,FR,EUR,221,1,10,4.81,2017-01-22 13:31:36,Unknown,NULL,0.00600000005215406
338,FR,EUR,1488,9,12,4.93,2018-05-24 10:03:25,Unknown,BLOCK_2PROFILES,0.00600000005215406
18,HU,HUF,1,0,0,5,2024-01-30 7:07:07,d. 17 - 19 years old,NULL,0.006
3150,UK,GBP,157,1,1,4.96,2024-06-13 16:49:09,Unknown,AUTO_SHADOW_BAN_MSG_SIMILARITY,0.012
1422,UK,GBP,0,0,0,NULL,2024-07-09 13:55:11,Unknown,NULL,0.597
3131,IT,EUR,443,4,63,4.46,2021-03-29 20:47:01,Unknown,NULL,0.00600000005215406
2204,IT,EUR,131,0,3,4.88,2021-03-03 15:53:47,Unknown,NULL,0.00600000005215406
3558,ES,EUR,26,1,1,4.79,2023-04-03 12:16:27,Unknown,AUTO_SHADOW_BAN_MEMBER_SCORE,0.045
2940,DE,EUR,9,0,0,4.89,2018-03-09 16:03:33,Unknown,NULL,NULL
2896,DE,EUR,9,0,0,4.89,2018-03-09 16:03:33,Unknown,NULL,NULL
201,FR,EUR,143,0,7,4.78,2018-12-26 18:38:46,g. 27 - 29 years old,NULL,0.00600000005215406
2107,UK,GBP,57,0,0,4.98,2021-09-12 17:39:19,Unknown,NULL,0.00600000005215406
1979,UK,GBP,289,2,4,4.93,2022-01-25 16:28:10,Unknown,NULL,0.0109999999403953
1484,UK,GBP,289,2,4,4.93,2022-01-25 16:28:10,Unknown,NULL,0.0109999999403953
3027,UK,GBP,89,0,4,4.83,2022-03-03 17:13:44,Unknown,NULL,0.0089999996125698
3100,FR,EUR,128,0,3,4.9,2013-07-17 15:27:31,e. 20 - 22 years old,NULL,0.00600000005215406
2610,FR,EUR,128,0,3,4.9,2013-07-17 15:27:31,e. 20 - 22 years old,NULL,0.00600000005215406
1923,FR,EUR,128,0,3,4.9,2013-07-17 15:27:31,e. 20 - 22 years old,NULL,0.00600000005215406
1381,FR,EUR,128,0,3,4.9,2013-07-17 15:27:31,e. 20 - 22 years old,NULL,0.00600000005215406
1280,FR,EUR,128,0,3,4.9,2013-07-17 15:27:31,e. 20 - 22 years old,NULL,0.00600000005215406
304,FR,EUR,128,0,3,4.9,2013-07-17 15:27:31,e. 20 - 22 years old,NULL,0.00600000005215406
274,FR,EUR,128,0,3,4.9,2013-07-17 15:27:31,e. 20 - 22 years old,NULL,0.00600000005215406
113,UK,GBP,2799,4,7,4.98,2021-10-12 8:28:16,Unknown,AUTO_SHADOW_BAN_SPAM_MODEL,0.00600000005215406
853,BE,EUR,113,2,9,4.68,2019-12-28 12:18:41,Unknown,NULL,0.00600000005215406
1395,FR,EUR,370,3,13,4.84,2020-07-02 6:50:05,i. 32+ years old,NULL,0.00600000005215406
3278,FR,EUR,115,0,13,4.52,2021-08-21 23:16:50,e. 20 - 22 years old,AUTO_SHADOW_BAN_SPAM_MODEL,0.00600000005215406
2681,FR,EUR,804,2,18,4.9,2019-05-31 11:29:42,i. 32+ years old,NULL,0.00600000005215406
740,UK,GBP,2519,3,28,4.95,2017-11-24 22:19:44,i. 32+ years old,NULL,0.00600000005215406
450,UK,GBP,2519,3,28,4.95,2017-11-24 22:19:44,i. 32+ years old,NULL,0.00600000005215406
2168,DE,EUR,31,0,0,5,2018-10-17 18:38:03,Unknown,NULL,NULL
804,DE,EUR,31,0,0,5,2018-10-17 18:38:03,Unknown,NULL,NULL
1264,FR,EUR,389,0,3,4.97,2018-08-03 13:30:34,e. 20 - 22 years old,AUTO_SHADOW_BAN_SPAM_MODEL,0.00600000005215406
2858,FR,EUR,740,6,32,4.81,2018-03-24 14:45:58,i. 32+ years old,BLOCK_2PROFILES,0.00600000005215406
2691,IT,EUR,166,0,0,4.99,2024-01-04 17:15:23,Unknown,AUTO_SHADOW_BAN_MEMBER_SCORE,0.015
2077,NL,EUR,22,0,2,4.67,2022-06-08 13:18:19,Unknown,NULL,0.0120000001043081
2694,UK,GBP,67,0,0,5,2023-07-02 8:36:42,Unknown,NULL,0.006
2625,BE,EUR,869,4,20,4.88,2022-07-06 11:10:44,Unknown,AUTO_SHADOW_BAN_SPAM_MODEL,0.0130000002682209
1586,ES,EUR,22,0,8,3.93,2024-02-24 1:18:45,f. 23 - 26 years old,AUTO_SHADOW_BAN_SPAM_MODEL,0.037
3685,CZ,CZK,25,0,0,5,2016-08-04 15:02:13,Unknown,NULL,NULL
2892,CZ,CZK,25,0,0,5,2016-08-04 15:02:13,Unknown,NULL,NULL
2677,CZ,CZK,25,0,0,5,2016-08-04 15:02:13,Unknown,NULL,NULL
1256,CZ,CZK,25,0,0,5,2016-08-04 15:02:13,Unknown,NULL,NULL
805,CZ,CZK,25,0,0,5,2016-08-04 15:02:13,Unknown,NULL,NULL
518,CZ,CZK,25,0,0,5,2016-08-04 15:02:13,Unknown,NULL,NULL
1510,UK,GBP,1,0,1,3,2024-04-26 20:57:55,Unknown,NULL,0.075
2351,FR,EUR,17,2,1,4.55,2018-04-20 13:36:13,Unknown,NULL,0.00600000005215406
1167,UK,GBP,36,0,0,5,2021-05-10 13:13:59,Unknown,NULL,0.00600000005215406
3693,IT,EUR,27,0,0,4.96,2021-10-15 18:24:19,Unknown,NULL,0.00600000005215406
3400,FR,EUR,2788,5,13,4.96,2017-01-15 0:03:03,i. 32+ years old,AUTO_PHISHING_ITEM_URL_REVIEW,0.00600000005215406
3364,FR,EUR,2788,5,13,4.96,2017-01-15 0:03:03,i. 32+ years old,AUTO_PHISHING_ITEM_URL_REVIEW,0.00600000005215406
67,NL,EUR,17,0,1,4.78,2023-06-14 8:24:32,Unknown,NULL,0.016
3397,BE,EUR,14,0,0,4.93,2019-08-18 12:34:50,h. 30 - 31 years old,NULL,0.00600000005215406
3139,NL,EUR,83,1,1,4.94,2020-07-06 8:05:04,Unknown,NULL,0.00600000005215406
3653,FR,EUR,130,0,2,4.92,2013-07-17 22:53:34,g. 27 - 29 years old,NULL,0.00600000005215406
3601,FR,EUR,130,0,2,4.92,2013-07-17 22:53:34,g. 27 - 29 years old,NULL,0.00600000005215406
2981,FR,EUR,130,0,2,4.92,2013-07-17 22:53:34,g. 27 - 29 years old,NULL,0.00600000005215406
1523,FR,EUR,130,0,2,4.92,2013-07-17 22:53:34,g. 27 - 29 years old,NULL,0.00600000005215406
1164,FR,EUR,130,0,2,4.92,2013-07-17 22:53:34,g. 27 - 29 years old,NULL,0.00600000005215406
593,FR,EUR,130,0,2,4.92,2013-07-17 22:53:34,g. 27 - 29 years old,NULL,0.00600000005215406
70,FR,EUR,130,0,2,4.92,2013-07-17 22:53:34,g. 27 - 29 years old,NULL,0.00600000005215406
139,FR,EUR,123,0,2,4.93,2022-11-17 13:59:33,Unknown,NULL,0.023
1469,UK,GBP,59,0,3,4.81,2023-08-30 12:32:53,Unknown,NULL,0.008
1938,UK,GBP,296,0,1,4.98,2023-10-21 12:21:08,Unknown,NULL,0.022
2119,RO,RON,10,0,1,4.73,2023-06-01 11:39:07,Unknown,NULL,0.008
180,UK,GBP,375,0,2,4.98,2024-02-15 21:56:01,Unknown,BLOCK_2PROFILES,0.136000007390975
3007,DE,EUR,0,0,0,NULL,2016-01-24 17:57:01,Unknown,NULL,NULL
2185,DE,EUR,0,0,0,NULL,2016-01-24 17:57:01,Unknown,NULL,NULL
935,UK,GBP,578,1,19,4.87,2021-12-29 17:03:48,Unknown,NULL,0.123999997973442
282,UK,GBP,578,1,19,4.87,2021-12-29 17:03:48,Unknown,NULL,0.123999997973442
1943,IT,EUR,447,2,1,4.96,2022-02-05 4:51:01,Unknown,AUTO_SHADOW_BAN_SPAM_MODEL,0.0170000009238719
1322,IT,EUR,447,2,1,4.96,2022-02-05 4:51:01,Unknown,AUTO_SHADOW_BAN_SPAM_MODEL,0.0170000009238719
1594,UK,GBP,30,0,1,4.87,2022-07-07 22:09:52,Unknown,NULL,0.0109999999403953
748,UK,GBP,136,0,0,5,2023-02-25 8:09:22,i. 32+ years old,NULL,0.007
3633,CZ,CZK,145,2,3,4.89,2015-04-29 16:04:47,Unknown,NULL,NULL
3241,CZ,CZK,145,2,3,4.89,2015-04-29 16:04:47,Unknown,NULL,NULL
3000,CZ,CZK,145,2,3,4.89,2015-04-29 16:04:47,Unknown,NULL,NULL
2395,CZ,CZK,145,2,3,4.89,2015-04-29 16:04:47,Unknown,NULL,NULL
2128,CZ,CZK,145,2,3,4.89,2015-04-29 16:04:47,Unknown,NULL,NULL
1759,CZ,CZK,145,2,3,4.89,2015-04-29 16:04:47,Unknown,NULL,NULL
1470,CZ,CZK,145,2,3,4.89,2015-04-29 16:04:47,Unknown,NULL,NULL
1234,HU,HUF,49,0,0,4.98,2023-01-15 15:15:59,Unknown,NULL,0.012
1848,UK,GBP,27,0,1,4.86,2023-04-10 14:23:09,Unknown,NULL,0.007
2865,UK,GBP,0,0,0,NULL,2024-08-05 19:50:48,Unknown,NULL,0.617
1412,IT,EUR,140,0,6,4.84,2021-01-06 12:14:40,i. 32+ years old,NULL,0.00600000005215406
3233,HU,HUF,12,0,0,5,2023-04-04 15:16:55,Unknown,NULL,0.006
2937,DE,EUR,0,0,0,NULL,2020-02-28 19:22:55,d. 17 - 19 years old,NULL,NULL
27,DE,EUR,0,0,0,NULL,2020-02-28 19:22:55,d. 17 - 19 years old,NULL,NULL
2286,UK,GBP,18,0,0,5,2022-12-19 14:12:34,Unknown,NULL,0.006
3442,UK,GBP,19,1,1,4.67,2024-01-27 19:05:55,d. 17 - 19 years old,NULL,0.012
473,UK,GBP,26,0,0,5,2022-07-31 17:35:17,g. 27 - 29 years old,NULL,0.013
926,FR,EUR,195,3,10,4.76,2018-01-20 9:16:24,i. 32+ years old,NULL,0.00600000005215406
766,FR,EUR,195,3,10,4.76,2018-01-20 9:16:24,i. 32+ years old,NULL,0.00600000005215406
2572,UK,GBP,51,0,1,4.92,2023-09-14 8:07:00,g. 27 - 29 years old,AUTO_SHADOW_BAN_MSG_SIMILARITY,0.019
258,UK,GBP,0,0,0,NULL,2024-07-26 16:20:47,Unknown,NULL,0.00600000005215406
595,FR,EUR,96,1,1,4.94,2019-09-28 20:52:20,Unknown,NULL,0.00600000005215406
2643,FR,EUR,11,0,3,4.21,2022-09-06 5:54:31,d. 17 - 19 years old,NULL,0.093
1103,IT,EUR,179,0,4,4.88,2021-02-02 14:08:17,Unknown,NULL,0.00600000005215406
2,UK,GBP,114,0,0,4.98,2016-11-03 19:21:02,Unknown,NULL,0.00600000005215406
711,UK,GBP,37,0,0,4.97,2022-07-21 18:27:14,Unknown,NULL,0.0430000014603138
2576,UK,GBP,70,0,1,4.94,2023-04-01 17:21:28,Unknown,NULL,0.011
687,UK,GBP,0,0,0,NULL,2024-08-18 15:25:32,Unknown,NULL,0.473
528,FR,EUR,17,0,1,4.78,2020-01-16 9:35:54,d. 17 - 19 years old,NULL,0.00600000005215406
3043,UK,GBP,149,0,0,5,2022-07-12 18:39:15,Unknown,NULL,0.0109999999403953
3393,US,USD,0,0,0,NULL,2014-02-02 15:52:44,Unknown,NULL,NULL
2975,US,USD,0,0,0,NULL,2014-02-02 15:52:44,Unknown,NULL,NULL
2684,US,USD,0,0,0,NULL,2014-02-02 15:52:44,Unknown,NULL,NULL
2041,US,USD,0,0,0,NULL,2014-02-02 15:52:44,Unknown,NULL,NULL
1708,US,USD,0,0,0,NULL,2014-02-02 15:52:44,Unknown,NULL,NULL
1239,US,USD,0,0,0,NULL,2014-02-02 15:52:44,Unknown,NULL,NULL
819,US,USD,0,0,0,NULL,2014-02-02 15:52:44,Unknown,NULL,NULL
362,US,USD,0,0,0,NULL,2014-02-02 15:52:44,Unknown,NULL,NULL
211,US,USD,0,0,0,NULL,2014-02-02 15:52:44,Unknown,NULL,NULL
129,UK,GBP,1913,2,4,4.99,2021-01-30 21:27:23,i. 32+ years old,AUTO_SHADOW_BAN_SPAM_MODEL,0.00600000005215406
474,FR,EUR,3249,5,5,4.98,2015-11-01 17:21:53,i. 32+ years old,BLOCK_2PROFILES,0.00600000005215406
232,FR,EUR,3249,5,5,4.98,2015-11-01 17:21:53,i. 32+ years old,BLOCK_2PROFILES,0.00600000005215406
1344,UK,GBP,2,0,0,5,2022-05-25 19:23:00,Unknown,NULL,0.0240000002086162
448,UK,GBP,38,0,1,4.9,2023-11-30 12:17:12,i. 32+ years old,NULL,0.017
2657,IT,EUR,18,0,0,4.94,2024-02-19 18:09:07,Unknown,NULL,0.047
421,FR,EUR,441,1,5,4.95,2017-07-25 22:03:42,Unknown,NULL,0.00600000005215406
1735,NL,EUR,192,2,0,4.96,2019-11-30 23:52:45,Unknown,NULL,0.00600000005215406
7,UK,GBP,101,0,0,4.97,2023-04-23 19:26:10,f. 23 - 26 years old,AUTO_SHADOW_BAN_SPAM_MODEL,0.021
3591,LT,EUR,0,0,0,0,2016-10-01 14:22:05,Unknown,NULL,NULL
3350,LT,EUR,0,0,0,0,2016-10-01 14:22:05,Unknown,NULL,NULL
2709,LT,EUR,0,0,0,0,2016-10-01 14:22:05,Unknown,NULL,NULL
1961,LT,EUR,0,0,0,0,2016-10-01 14:22:05,Unknown,NULL,NULL
1654,LT,EUR,0,0,0,0,2016-10-01 14:22:05,Unknown,NULL,NULL
1571,LT,EUR,0,0,0,0,2016-10-01 14:22:05,Unknown,NULL,NULL
1453,LT,EUR,0,0,0,0,2016-10-01 14:22:05,Unknown,NULL,NULL
2711,UK,GBP,543,1,13,4.89,2021-02-05 9:02:44,Unknown,AUTO_SHADOW_BAN_SPAM_MODEL,0.00600000005215406
157,UK,GBP,33,0,0,5,2021-02-22 16:41:05,Unknown,NULL,0.00600000005215406
177,ES,EUR,0,0,0,NULL,2024-01-07 18:32:17,Unknown,NULL,0.022
2485,FR,EUR,17,0,0,5,2019-06-29 14:33:22,g. 27 - 29 years old,NULL,0.00600000005215406
1402,UK,GBP,227,0,0,4.98,2022-09-24 12:04:14,i. 32+ years old,NULL,0.0130000002682209
1643,IT,EUR,112,1,0,4.98,2021-09-01 11:08:24,d. 17 - 19 years old,NULL,0.00600000005215406
277,UK,GBP,29,0,0,5,2020-11-15 22:23:57,Unknown,NULL,0.00600000005215406
2095,UK,GBP,49,0,4,4.68,2023-07-09 14:13:06,Unknown,NULL,0.014
2269,UK,GBP,427,0,12,4.88,2021-10-22 15:19:00,Unknown,NULL,0.00700000021606683
1720,UK,GBP,427,0,12,4.88,2021-10-22 15:19:00,Unknown,NULL,0.00700000021606683
2864,DE,EUR,0,0,0,NULL,2019-04-02 10:35:09,d. 17 - 19 years old,NULL,NULL
2551,DE,EUR,0,0,0,NULL,2019-04-02 10:35:09,d. 17 - 19 years old,NULL,NULL
671,FR,EUR,49,0,0,4.98,2023-11-12 13:18:01,e. 20 - 22 years old,NULL,0.008
3378,DE,EUR,9,0,0,5,2013-10-06 18:58:10,Unknown,NULL,NULL
2945,DE,EUR,9,0,0,5,2013-10-06 18:58:10,Unknown,NULL,NULL
1044,DE,EUR,9,0,0,5,2013-10-06 18:58:10,Unknown,NULL,NULL
3201,UK,GBP,7,0,0,5,2023-09-12 14:43:52,Unknown,NULL,0.011
1507,BE,EUR,7,0,0,5,2024-07-04 15:55:50,g. 27 - 29 years old,NULL,0.884
2377,NL,EUR,319,6,3,4.9,2020-05-18 20:44:34,f. 23 - 26 years old,NULL,0.00600000005215406
2369,ES,EUR,12,0,0,5,2020-10-17 22:52:28,Unknown,NULL,0.00600000005215406
2499,UK,GBP,30,0,1,4.84,2021-09-17 8:59:55,Unknown,NULL,0.00600000005215406
3448,DE,EUR,0,0,0,NULL,2020-02-09 14:25:04,Unknown,NULL,NULL
1055,DE,EUR,0,0,0,NULL,2020-02-09 14:25:04,Unknown,NULL,NULL
355,FR,EUR,34,0,1,4.86,2017-11-01 10:49:25,Unknown,NULL,0.00600000005215406
378,IT,EUR,198,1,0,4.97,2022-04-28 18:43:40,Unknown,USED_COSMETIC_BLOCK,0.0379999987781047
2398,UK,GBP,14,0,1,4.73,2022-07-26 23:19:38,d. 17 - 19 years old,NULL,0.014
2614,UK,GBP,15,1,0,4.88,2023-04-09 17:58:45,Unknown,NULL,0.013
356,UK,GBP,16,0,0,5,2022-12-05 20:00:21,Unknown,NULL,0.01
487,RO,RON,24,0,0,5,2023-05-22 19:17:37,h. 30 - 31 years old,NULL,0.016
3634,DE,EUR,1,0,0,5,2017-02-01 12:34:38,Unknown,NULL,NULL
3022,DE,EUR,1,0,0,5,2017-02-01 12:34:38,Unknown,NULL,NULL
2110,DE,EUR,1,0,0,5,2017-02-01 12:34:38,Unknown,NULL,NULL
570,DE,EUR,1,0,0,5,2017-02-01 12:34:38,Unknown,NULL,NULL
275,DE,EUR,1,0,0,5,2017-02-01 12:34:38,Unknown,NULL,NULL
817,UK,GBP,318,0,1,4.98,2022-08-13 8:58:28,Unknown,NULL,0.0219999998807907
2640,FR,EUR,92,1,1,4.9,2021-06-29 8:47:56,Unknown,NULL,NULL
3668,FR,EUR,24,1,1,4.65,2019-02-03 12:01:12,d. 17 - 19 years old,SHIPPING_SCAM,0.00600000005215406
308,UK,GBP,82,0,4,4.81,2022-01-06 14:06:10,Unknown,NULL,0.0320000015199184
79,UK,GBP,82,0,4,4.81,2022-01-06 14:06:10,Unknown,NULL,0.0320000015199184
361,IT,EUR,13,0,0,4.92,2024-05-12 18:25:09,Unknown,NULL,0.009
2864,UK,GBP,44,0,0,4.98,2022-01-04 10:11:30,Unknown,NULL,0.0109999999403953
2551,UK,GBP,44,0,0,4.98,2022-01-04 10:11:30,Unknown,NULL,0.0109999999403953
2161,FR,EUR,133,2,5,4.83,2020-08-12 21:00:32,Unknown,NULL,0.00600000005215406
2421,UK,GBP,165,1,10,4.76,2022-03-27 15:23:40,e. 20 - 22 years old,NULL,0.0130000002682209
1038,UK,GBP,315,1,15,4.81,2021-06-25 22:05:06,g. 27 - 29 years old,NULL,0.00600000005215406
6,UK,GBP,1,0,0,5,2024-01-14 22:42:04,Unknown,NULL,0.023
1227,FR,EUR,2,0,0,5,2023-03-11 17:54:30,Unknown,NULL,0.009
1974,UK,GBP,111,0,1,4.96,2023-08-01 11:08:41,Unknown,NULL,0.107
1551,UK,GBP,54,0,0,5,2021-01-23 21:11:58,Unknown,NULL,0.00600000005215406
94,UK,GBP,0,0,0,NULL,2023-11-01 1:54:52,Unknown,NULL,0.012
2134,FR,EUR,103,1,13,4.53,2023-10-06 23:40:52,Unknown,AUTO_SHADOW_BAN_MSG_SIMILARITY,0.044
2247,BE,EUR,46,0,0,5,2023-07-22 19:24:01,Unknown,NULL,0.021
3587,PL,PLN,26,0,1,4.85,2024-05-20 9:28:56,Unknown,AUTO_SHADOW_BAN_MEMBER_SCORE,0.011
3273,DE,EUR,0,0,0,NULL,2015-06-03 16:07:22,Unknown,NULL,NULL
1548,DE,EUR,0,0,0,NULL,2015-06-03 16:07:22,Unknown,NULL,NULL
2544,UK,GBP,92,0,3,4.87,2023-02-20 11:56:47,Unknown,NULL,0.006
1485,DE,EUR,0,0,0,NULL,2017-01-20 18:14:17,Unknown,NULL,NULL
1210,DE,EUR,0,0,0,NULL,2017-01-20 18:14:17,Unknown,NULL,NULL
2910,DE,EUR,1,0,0,5,2020-10-19 22:38:20,Unknown,NULL,NULL
1390,DE,EUR,1,0,0,5,2020-10-19 22:38:20,Unknown,NULL,NULL
3324,UK,GBP,11,0,0,5,2023-08-12 7:51:17,Unknown,NULL,0.01
3015,FR,EUR,38,1,0,4.95,2022-10-19 17:04:59,d. 17 - 19 years old,NULL,0.047
1269,FR,EUR,621,2,12,4.9,2022-04-28 9:05:25,i. 32+ years old,NULL,0.0199999995529651
3172,UK,GBP,70,0,0,5,2023-05-06 16:28:31,Unknown,NULL,0.013
798,FR,EUR,48,0,0,5,2024-02-05 10:15:54,Unknown,AUTO_SHADOW_BAN_SPAM_MODEL,0.312
215,FR,EUR,58,1,0,4.95,2019-10-06 8:00:24,i. 32+ years old,NULL,0.00600000005215406
3070,FR,EUR,225,0,4,4.93,2022-01-04 6:38:18,Unknown,NULL,0.0189999993890523
1630,FR,EUR,225,0,4,4.93,2022-01-04 6:38:18,Unknown,NULL,0.0189999993890523
1777,UK,GBP,17,0,1,4.72,2023-04-02 13:59:53,i. 32+ years old,NULL,0.013
1725,IT,EUR,130,0,5,4.85,2021-01-13 18:56:25,Unknown,NULL,0.00600000005215406
3257,HU,HUF,69,2,1,4.88,2022-12-21 20:02:16,Unknown,NULL,0.006
2950,UK,GBP,12,0,0,5,2021-11-17 7:38:31,Unknown,NULL,0.0109999999403953
1645,UK,GBP,12,0,0,5,2021-11-17 7:38:31,Unknown,NULL,0.0109999999403953
865,UK,GBP,45,0,16,3.95,2021-05-11 2:24:42,Unknown,NULL,0.00600000005215406
973,UK,GBP,4,0,0,5,2023-10-29 11:11:10,Unknown,NULL,0.051
549,PL,PLN,0,0,0,NULL,2024-08-19 17:42:07,Unknown,NULL,0.056
3648,FR,EUR,0,0,0,NULL,2024-05-21 12:34:00,Unknown,NULL,0.016
3337,UK,GBP,86,0,3,4.87,2024-07-05 13:58:01,Unknown,NULL,0.039
2100,LU,EUR,825,4,3,4.95,2018-10-10 14:25:09,i. 32+ years old,NULL,0.00600000005215406
2011,DE,EUR,236,0,10,4.82,2015-12-21 13:25:11,Unknown,NULL,0.00600000005215406
1323,UK,GBP,41,1,1,4.84,2023-06-09 17:27:35,i. 32+ years old,NULL,0.014
1748,IT,EUR,133,2,2,4.88,2022-02-10 10:01:37,i. 32+ years old,AUTO_SHADOW_BAN_SPAM_MODEL,0.0120000001043081
757,IT,EUR,133,2,2,4.88,2022-02-10 10:01:37,i. 32+ years old,AUTO_SHADOW_BAN_SPAM_MODEL,0.0120000001043081
989,UK,GBP,65,0,0,5,2023-02-01 14:10:23,i. 32+ years old,NULL,0.01
3518,UK,GBP,81,1,14,4.4,2023-09-12 14:00:28,d. 17 - 19 years old,AUTO_SHADOW_BAN_SPAM_MODEL,0.013
103,UK,GBP,56,0,0,4.98,2022-09-14 14:18:19,Unknown,NULL,0.00600000005215406
1454,DE,EUR,0,0,0,NULL,2019-03-17 19:41:21,Unknown,NULL,NULL
52,DE,EUR,0,0,0,NULL,2019-03-17 19:41:21,Unknown,NULL,NULL
1362,UK,GBP,13,0,0,5,2023-09-16 8:56:21,Unknown,NULL,0.039
629,UK,GBP,357,0,0,4.99,2024-04-10 19:08:54,Unknown,NULL,0.01
3517,FR,EUR,1717,27,23,4.89,2017-10-26 22:20:44,i. 32+ years old,BLOCK_2PROFILES,0.00600000005215406
974,FR,EUR,1717,27,23,4.89,2017-10-26 22:20:44,i. 32+ years old,BLOCK_2PROFILES,0.00600000005215406
665,UK,GBP,1,0,0,5,2023-04-01 9:29:03,Unknown,NULL,0.007
1919,UK,GBP,237,0,1,4.97,2023-08-22 11:49:06,Unknown,NULL,0.036
517,UK,GBP,5,0,0,5,2023-09-29 10:35:51,Unknown,AUTO_SHADOW_BAN_SPAM_MODEL,0.012
1169,FR,EUR,58,1,3,4.76,2021-04-18 17:13:35,i. 32+ years old,AUTO_PHISHING_URL_REVIEW,0.00600000005215406
2994,UK,GBP,213,1,4,4.91,2021-05-09 22:32:35,Unknown,NULL,0.00600000005215406
1190,UK,GBP,59,0,7,4.58,2021-05-11 16:03:42,Unknown,NULL,0.00600000005215406
2120,UK,GBP,194,2,6,4.86,2022-11-02 17:46:49,Unknown,NULL,0.013
1444,UK,GBP,70,0,0,4.99,2021-11-14 8:22:16,i. 32+ years old,NULL,0.0109999999403953
714,UK,GBP,70,0,0,4.99,2021-11-14 8:22:16,i. 32+ years old,NULL,0.0109999999403953
2210,FR,EUR,149,2,2,4.91,2021-10-27 17:16:01,i. 32+ years old,NULL,0.00700000021606683
1795,DE,EUR,1,0,0,5,2019-01-14 13:02:44,Unknown,NULL,NULL
929,DE,EUR,1,0,0,5,2019-01-14 13:02:44,Unknown,NULL,NULL
1806,UK,GBP,333,0,2,4.97,2023-08-07 0:25:17,Unknown,AUTO_SHADOW_BAN_MSG_SIMILARITY,0.008
2459,UK,GBP,332,1,3,4.96,2021-10-13 13:30:29,Unknown,NULL,0.00600000005215406
92,UK,GBP,332,1,3,4.96,2021-10-13 13:30:29,Unknown,NULL,0.00600000005215406
1060,FR,EUR,188,0,0,4.98,2023-02-10 9:39:47,Unknown,AUTO_SHADOW_BAN_SPAM_MODEL,0.007
625,UK,GBP,135,0,21,4.46,2023-11-19 18:21:45,Unknown,REPLICA_4,0.029
808,FR,EUR,195,0,1,4.97,2019-04-25 19:05:51,Unknown,NULL,0.00600000005215406
1388,FR,EUR,540,1,4,4.95,2019-12-11 8:38:36,Unknown,NULL,0.00600000005215406
2655,PL,PLN,2,0,0,5,2020-06-13 9:02:47,Unknown,NULL,NULL
1506,PL,PLN,2,0,0,5,2020-06-13 9:02:47,Unknown,NULL,NULL
483,PL,PLN,2,0,0,5,2020-06-13 9:02:47,Unknown,NULL,NULL
44,PL,PLN,2,0,0,5,2020-06-13 9:02:47,Unknown,NULL,NULL
2500,FR,EUR,249,2,12,4.79,2020-09-22 20:11:49,g. 27 - 29 years old,NULL,0.00600000005215406
3396,FR,EUR,215,3,15,4.68,2018-02-01 13:39:06,Unknown,NULL,0.00600000005215406
2148,FR,EUR,215,3,15,4.68,2018-02-01 13:39:06,Unknown,NULL,0.00600000005215406
1713,FR,EUR,42,1,11,4.11,2022-07-09 18:06:11,e. 20 - 22 years old,NULL,0.0120000001043081
1920,IT,EUR,97,0,0,4.98,2021-03-27 8:50:18,Unknown,NULL,0.00600000005215406
3045,FR,EUR,127,1,32,4.17,2017-10-02 19:39:47,Unknown,NULL,0.00600000005215406
1763,UK,GBP,23,0,0,5,2023-08-04 18:29:02,Unknown,NULL,0.011
499,UK,GBP,7,0,0,5,2024-04-15 18:06:18,Unknown,NULL,0.008
532,UK,GBP,25,0,0,5,2024-05-10 19:14:16,i. 32+ years old,NULL,0.007
3106,UK,GBP,436,1,4,4.96,2022-05-27 10:53:53,Unknown,NULL,0.00999999977648258
2901,UK,GBP,107,0,10,4.63,2022-01-06 11:05:11,Unknown,NULL,0.00800000037997961
2748,UK,GBP,107,0,10,4.63,2022-01-06 11:05:11,Unknown,NULL,0.00800000037997961
141,IT,EUR,128,1,3,4.88,2021-02-16 13:45:44,d. 17 - 19 years old,NULL,0.00600000005215406
3291,UK,GBP,8,0,2,4,2023-12-20 22:09:16,Unknown,SNAD_SCAM2,0.027
2481,DE,EUR,1,0,0,4,2020-01-30 10:53:21,Unknown,NULL,NULL
2004,DE,EUR,1,0,0,4,2020-01-30 10:53:21,Unknown,NULL,NULL
121,FR,EUR,435,1,8,4.9,2019-02-28 16:16:47,i. 32+ years old,NULL,0.00600000005215406
1215,UK,GBP,75,0,5,4.74,2018-04-15 14:43:00,Unknown,NULL,0.00600000005215406
2744,FR,EUR,115,1,1,4.94,2021-02-28 13:00:06,Unknown,NULL,0.00600000005215406
77,UK,GBP,21,0,0,5,2023-11-05 20:09:11,i. 32+ years old,NULL,0.019
2060,UK,GBP,186,1,4,4.91,2021-09-06 9:55:20,Unknown,NULL,0.00600000005215406
39,IT,EUR,18,0,0,5,2022-05-12 13:02:39,Unknown,NULL,0.0900000035762786
1406,UK,GBP,17,0,0,5,2024-08-08 8:57:47,e. 20 - 22 years old,AUTO_SHADOW_BAN_MSG_SIMILARITY,0.006
3299,CZ,CZK,216,0,0,5,2018-03-24 10:20:52,Unknown,NULL,0.00600000005215406
1644,CZ,CZK,216,0,0,5,2018-03-24 10:20:52,Unknown,NULL,0.00600000005215406
2470,UK,GBP,223,0,7,4.87,2022-10-31 19:35:02,Unknown,NULL,0.016
639,UK,GBP,82,0,0,5,2022-11-17 7:25:17,e. 20 - 22 years old,NOT_FRAUD_CARD2,0.16
1899,FR,EUR,2,0,0,5,2019-05-11 22:09:07,Unknown,NULL,0.00600000005215406
659,NL,EUR,119,1,6,4.77,2020-08-07 13:48:33,e. 20 - 22 years old,NULL,0.00600000005215406
3561,FR,EUR,100,1,3,4.88,2022-09-06 7:28:23,i. 32+ years old,AUTO_SHADOW_BAN_SPAM_MODEL,0.0140000004321336
677,UK,GBP,62,0,5,4.7,2023-01-21 19:44:52,i. 32+ years old,NULL,0.01
895,UK,GBP,112,0,0,5,2023-04-02 19:03:37,i. 32+ years old,NULL,0.03
2747,US,USD,0,0,0,NULL,2015-10-22 22:02:01,Unknown,NULL,NULL
2453,US,USD,0,0,0,NULL,2015-10-22 22:02:01,Unknown,NULL,NULL
1664,UK,GBP,2,0,0,5,2022-12-04 8:28:33,e. 20 - 22 years old,NULL,0.008
1342,UK,GBP,5,0,1,4.33,2024-06-20 14:38:23,Unknown,NULL,0.011
3460,NL,EUR,135,0,0,4.99,2020-01-21 10:25:05,d. 17 - 19 years old,NULL,0.00600000005215406
3255,NL,EUR,195,1,2,4.93,2021-03-09 20:27:11,Unknown,NULL,0.00600000005215406
1219,IT,EUR,429,3,8,4.9,2021-04-01 11:13:14,e. 20 - 22 years old,SHIPPING_SCAM,0.00600000005215406
3029,FR,EUR,1130,13,37,4.84,2013-06-25 12:53:49,Unknown,SHADOW_BAN_SPAM,0.00600000005215406
2739,FR,EUR,1130,13,37,4.84,2013-06-25 12:53:49,Unknown,SHADOW_BAN_SPAM,0.00600000005215406
2027,FR,EUR,1130,13,37,4.84,2013-06-25 12:53:49,Unknown,SHADOW_BAN_SPAM,0.00600000005215406
1999,FR,EUR,1130,13,37,4.84,2013-06-25 12:53:49,Unknown,SHADOW_BAN_SPAM,0.00600000005215406
1783,FR,EUR,1130,13,37,4.84,2013-06-25 12:53:49,Unknown,SHADOW_BAN_SPAM,0.00600000005215406
1565,FR,EUR,1130,13,37,4.84,2013-06-25 12:53:49,Unknown,SHADOW_BAN_SPAM,0.00600000005215406
1423,FR,EUR,1130,13,37,4.84,2013-06-25 12:53:49,Unknown,SHADOW_BAN_SPAM,0.00600000005215406
955,FR,EUR,77,0,0,5,2024-04-16 0:08:41,i. 32+ years old,AUTO_SHADOW_BAN_SPAM_MODEL,0.301
3223,ES,EUR,21,1,0,4.86,2019-11-20 13:35:49,Unknown,NULL,0.00600000005215406
2492,UK,GBP,676,0,33,4.81,2022-02-03 12:08:22,f. 23 - 26 years old,NULL,0.00600000005215406
1627,UK,GBP,676,0,33,4.81,2022-02-03 12:08:22,f. 23 - 26 years old,NULL,0.00600000005215406
709,IT,EUR,69,0,2,4.87,2023-06-18 20:34:16,d. 17 - 19 years old,NULL,0.015
3481,DE,EUR,0,0,0,NULL,2018-05-31 14:30:24,Unknown,NULL,NULL
2208,DE,EUR,0,0,0,NULL,2018-05-31 14:30:24,Unknown,NULL,NULL
3505,NL,EUR,148,1,5,4.83,2021-10-25 15:24:57,i. 32+ years old,AUTO_SHADOW_BAN_SPAM_MODEL,0.0120000001043081
2413,DE,EUR,8,0,0,5,2019-03-21 19:36:30,e. 20 - 22 years old,NULL,NULL
1198,DE,EUR,8,0,0,5,2019-03-21 19:36:30,e. 20 - 22 years old,NULL,NULL
2954,IT,EUR,1,0,0,5,2023-03-18 20:05:29,f. 23 - 26 years old,NULL,0.009
2317,FR,EUR,4,0,0,5,2022-11-02 13:40:37,Unknown,NULL,0.014
2065,NL,EUR,9,0,0,5,2022-06-30 13:10:33,i. 32+ years old,NULL,0.0120000001043081
3606,UK,GBP,53,0,1,4.91,2022-01-15 13:59:58,Unknown,NULL,0.00999999977648258
1464,UK,GBP,53,0,1,4.91,2022-01-15 13:59:58,Unknown,NULL,0.00999999977648258
553,UK,GBP,1508,7,14,4.94,2021-03-26 22:55:38,i. 32+ years old,NULL,0.00600000005215406
1084,UK,GBP,951,1,5,4.97,2023-05-28 14:21:59,i. 32+ years old,AUTO_SHADOW_BAN_SPAM_MODEL,0.006
1774,UK,GBP,206,3,54,4.16,2022-04-14 7:26:43,Unknown,NULL,0.0120000001043081
1448,UK,GBP,77,0,0,5,2022-11-23 10:50:20,Unknown,NULL,0.008
2213,UK,GBP,108,0,3,4.87,2023-06-16 13:50:22,Unknown,NULL,0.015
3683,CZ,CZK,0,0,0,NULL,2019-11-01 19:34:27,Unknown,NULL,NULL
2761,CZ,CZK,0,0,0,NULL,2019-11-01 19:34:27,Unknown,NULL,NULL
1916,CZ,CZK,0,0,0,NULL,2019-11-01 19:34:27,Unknown,NULL,NULL
1290,CZ,CZK,0,0,0,NULL,2019-11-01 19:34:27,Unknown,NULL,NULL
191,CZ,CZK,0,0,0,NULL,2019-11-01 19:34:27,Unknown,NULL,NULL
3202,UK,GBP,33,0,3,4.67,2022-11-01 11:11:40,Unknown,NULL,0.007
3320,UK,GBP,25,0,0,5,2022-08-24 11:47:16,Unknown,NULL,0.0130000002682209
2999,BE,EUR,80,0,3,4.86,2019-03-03 21:48:01,Unknown,NULL,0.00600000005215406
3395,FR,EUR,877,1,2,4.98,2022-01-14 23:05:26,Unknown,NULL,0.0089999996125698
31,FR,EUR,877,1,2,4.98,2022-01-14 23:05:26,Unknown,NULL,0.0089999996125698
657,UK,GBP,25,0,3,4.57,2024-07-15 16:56:06,Unknown,AUTO_SHADOW_BAN_MSG_SIMILARITY,0.015
454,UK,GBP,51,0,1,4.92,2022-12-03 12:08:19,Unknown,NULL,0.01
3221,FR,EUR,100,0,1,4.95,2018-04-14 15:17:30,i. 32+ years old,NULL,0.00600000005215406
2809,DE,EUR,0,0,0,NULL,2017-10-27 21:11:24,Unknown,NULL,NULL
2169,DE,EUR,0,0,0,NULL,2017-10-27 21:11:24,Unknown,NULL,NULL
80,UK,GBP,18,0,2,4.6,2021-05-05 21:04:19,Unknown,NULL,0.00600000005215406
844,UK,GBP,10,1,6,3.41,2023-02-26 15:03:40,Unknown,NULL,0.008
1650,UK,GBP,682,0,3,4.98,2023-06-12 10:40:53,Unknown,AUTO-BLOCK SHIPPING SCAM,0.022
2577,NL,EUR,54,0,0,4.98,2019-08-30 10:10:09,e. 20 - 22 years old,NULL,0.00600000005215406
1127,UK,GBP,124,0,0,4.98,2021-05-19 0:23:18,Unknown,AUTO_SHADOW_BAN_MEMBER_SCORE,0.00600000005215406
2907,PL,PLN,5,0,0,5,2023-11-13 16:22:04,Unknown,NULL,0.008
1195,DE,EUR,0,0,0,NULL,2019-01-06 19:58:51,i. 32+ years old,NULL,NULL
324,DE,EUR,0,0,0,NULL,2019-01-06 19:58:51,i. 32+ years old,NULL,NULL
3160,DE,EUR,0,0,0,NULL,2019-03-10 19:54:28,Unknown,NULL,NULL
3039,DE,EUR,0,0,0,NULL,2019-03-10 19:54:28,Unknown,NULL,NULL
1937,UK,GBP,38,0,11,4.1,2023-09-03 18:52:18,Unknown,NULL,0.015
676,FR,EUR,58,0,0,4.98,2019-06-11 6:51:56,Unknown,NULL,0.00600000005215406
2052,UK,GBP,17,0,0,5,2021-06-20 20:46:21,Unknown,NULL,0.00600000005215406
2618,UK,GBP,212,1,0,4.98,2023-04-04 21:23:32,Unknown,REPLICA_OFFENDER,0.013
1267,UK,GBP,1,0,0,5,2024-04-18 14:05:53,Unknown,NULL,0.011
1660,UK,GBP,36,0,0,5,2022-09-08 1:29:57,Unknown,NULL,0.0320000015199184
1958,FR,EUR,20,0,0,5,2019-10-28 18:12:53,Unknown,NULL,0.00600000005215406
2113,UK,GBP,220,1,1,4.96,2022-04-15 6:45:18,Unknown,NULL,0.00999999977648258
3227,UK,GBP,13,0,0,5,2024-05-14 8:16:23,Unknown,NULL,0.133
2489,NL,EUR,117,0,7,4.76,2020-04-18 19:56:12,Unknown,NULL,0.00600000005215406
3339,FR,EUR,40,0,1,4.85,2019-11-05 21:56:03,f. 23 - 26 years old,NULL,0.00600000005215406
1139,UK,GBP,169,0,3,4.91,2023-01-29 12:32:09,f. 23 - 26 years old,NULL,0.008
2281,UK,GBP,14,0,0,5,2024-07-14 16:54:44,i. 32+ years old,NULL,0.009
1509,IT,EUR,132,0,3,4.9,2021-01-31 7:03:43,Unknown,NULL,0.00600000005215406
37,UK,GBP,2,0,0,5,2024-03-03 13:18:39,Unknown,NULL,0.018
1596,FR,EUR,8375,17,39,4.97,2017-10-24 21:22:23,g. 27 - 29 years old,B2C_COMM_BLOCK,0.00600000005215406
3674,UK,GBP,604,3,12,4.91,2024-04-11 17:22:19,Unknown,AUTO_SHADOW_BAN_MSG_SIMILARITY,0.012
3254,NL,EUR,177,5,2,4.87,2024-08-07 8:06:03,g. 27 - 29 years old,AUTO_SHADOW_BAN_MSG_SIMILARITY,0.019
3591,DE,EUR,0,0,0,NULL,2015-05-12 7:52:33,Unknown,NULL,NULL
3350,DE,EUR,0,0,0,NULL,2015-05-12 7:52:33,Unknown,NULL,NULL
2709,DE,EUR,0,0,0,NULL,2015-05-12 7:52:33,Unknown,NULL,NULL
1961,DE,EUR,0,0,0,NULL,2015-05-12 7:52:33,Unknown,NULL,NULL
1654,DE,EUR,0,0,0,NULL,2015-05-12 7:52:33,Unknown,NULL,NULL
1571,DE,EUR,0,0,0,NULL,2015-05-12 7:52:33,Unknown,NULL,NULL
1453,DE,EUR,0,0,0,NULL,2015-05-12 7:52:33,Unknown,NULL,NULL
1106,ES,EUR,957,13,30,4.83,2023-03-20 17:48:35,e. 20 - 22 years old,AUTO_SHADOW_BAN_SPAM_MODEL,0.018
2056,UK,GBP,201,0,1,4.98,2022-10-26 13:14:35,i. 32+ years old,NULL,0.007
1001,DE,EUR,3,0,0,5,2020-05-11 18:25:47,Unknown,NULL,NULL
236,DE,EUR,3,0,0,5,2020-05-11 18:25:47,Unknown,NULL,NULL
2410,UK,GBP,865,4,4,4.96,2021-08-09 20:43:43,Unknown,NULL,0.00600000005215406
2497,UK,GBP,28,0,3,4.61,2024-03-02 7:43:17,Unknown,NULL,0.01
3386,FR,EUR,102,2,1,4.91,2019-03-27 9:57:32,Unknown,NULL,0.00600000005215406
1992,FR,EUR,147,0,1,4.97,2020-06-21 13:32:38,f. 23 - 26 years old,AUTO_SHADOW_BAN_SPAM_MODEL,0.00600000005215406
1030,UK,GBP,151,0,1,4.97,2023-05-16 14:20:16,f. 23 - 26 years old,NULL,0.015
2966,UK,GBP,20,0,0,5,2023-12-29 13:19:15,Unknown,NULL,0.099
3467,UK,GBP,37,0,0,5,2024-01-04 1:47:45,Unknown,NULL,0.015
3381,DE,EUR,195,1,2,4.94,2013-06-08 15:24:29,g. 27 - 29 years old,NULL,0.00600000005215406
2905,UK,GBP,0,0,0,NULL,2014-04-19 21:12:20,Unknown,NULL,NULL
2323,UK,GBP,0,0,0,NULL,2014-04-19 21:12:20,Unknown,NULL,NULL
2024,UK,GBP,0,0,0,NULL,2014-04-19 21:12:20,Unknown,NULL,NULL
1450,UK,GBP,0,0,0,NULL,2014-04-19 21:12:20,Unknown,NULL,NULL
1345,UK,GBP,0,0,0,NULL,2014-04-19 21:12:20,Unknown,NULL,NULL
1026,UK,GBP,0,0,0,NULL,2014-04-19 21:12:20,Unknown,NULL,NULL
996,UK,GBP,0,0,0,NULL,2014-04-19 21:12:20,Unknown,NULL,NULL
1902,UK,GBP,174,0,0,5,2021-08-10 20:24:54,Unknown,NULL,0.00600000005215406
2960,PL,PLN,70,0,1,4.92,2020-06-25 18:20:48,e. 20 - 22 years old,NULL,0.00600000005215406
3618,UK,GBP,23,0,0,5,2021-10-21 14:57:53,Unknown,NULL,0.108000002801418
1244,UK,GBP,97,0,0,5,2021-09-22 8:48:50,Unknown,NULL,0.00600000005215406
1522,UK,GBP,100,0,7,4.74,2022-02-02 15:28:16,Unknown,NULL,0.0209999997168779
1140,UK,GBP,100,0,7,4.74,2022-02-02 15:28:16,Unknown,NULL,0.0209999997168779
3100,UK,GBP,0,0,0,NULL,2014-08-31 2:49:46,Unknown,NULL,NULL
2610,UK,GBP,0,0,0,NULL,2014-08-31 2:49:46,Unknown,NULL,NULL
1923,UK,GBP,0,0,0,NULL,2014-08-31 2:49:46,Unknown,NULL,NULL
1381,UK,GBP,0,0,0,NULL,2014-08-31 2:49:46,Unknown,NULL,NULL
1280,UK,GBP,0,0,0,NULL,2014-08-31 2:49:46,Unknown,NULL,NULL
304,UK,GBP,0,0,0,NULL,2014-08-31 2:49:46,Unknown,NULL,NULL
274,UK,GBP,0,0,0,NULL,2014-08-31 2:49:46,Unknown,NULL,NULL
207,UK,GBP,2104,2,79,4.85,2021-02-27 22:18:13,i. 32+ years old,NULL,0.00600000005215406
3542,NL,EUR,129,1,8,4.73,2020-07-03 9:13:24,f. 23 - 26 years old,NULL,0.00600000005215406
2387,PT,EUR,580,0,15,4.88,2021-06-20 18:33:46,g. 27 - 29 years old,AUTO_SHADOW_BAN_SPAM_MODEL,0.00600000005215406
2058,UK,GBP,10,0,0,5,2021-09-03 9:21:23,i. 32+ years old,NULL,0.00600000005215406
1374,IT,EUR,66,0,1,4.87,2021-02-23 22:22:09,Unknown,NULL,0.00600000005215406
2805,UK,GBP,0,0,0,NULL,2014-07-16 8:25:59,Unknown,NULL,NULL
1819,UK,GBP,0,0,0,NULL,2014-07-16 8:25:59,Unknown,NULL,NULL
1809,UK,GBP,0,0,0,NULL,2014-07-16 8:25:59,Unknown,NULL,NULL
1158,UK,GBP,0,0,0,NULL,2014-07-16 8:25:59,Unknown,NULL,NULL
894,UK,GBP,0,0,0,NULL,2014-07-16 8:25:59,Unknown,NULL,NULL
787,UK,GBP,0,0,0,NULL,2014-07-16 8:25:59,Unknown,NULL,NULL
315,UK,GBP,0,0,0,NULL,2014-07-16 8:25:59,Unknown,NULL,NULL
1416,UK,GBP,117,1,3,4.88,2022-02-11 0:20:15,f. 23 - 26 years old,NULL,0.00600000005215406
522,UK,GBP,117,1,3,4.88,2022-02-11 0:20:15,f. 23 - 26 years old,NULL,0.00600000005215406
65,UK,GBP,16,0,0,5,2023-09-16 18:10:36,Unknown,NULL,0.129
130,UK,GBP,127,0,9,4.74,2022-02-21 10:49:58,f. 23 - 26 years old,NULL,0.0240000002086162
1801,FR,EUR,275,1,7,4.86,2018-06-30 16:43:12,Unknown,NULL,0.00600000005215406
2483,UK,GBP,271,0,5,4.93,2022-01-04 11:54:24,g. 27 - 29 years old,NULL,0.0109999999403953
1114,UK,GBP,271,0,5,4.93,2022-01-04 11:54:24,g. 27 - 29 years old,NULL,0.0109999999403953
23,UK,GBP,33,0,0,5,2024-06-01 16:57:10,h. 30 - 31 years old,AUTO_SHADOW_BAN_MEMBER_SCORE,0.025
2428,UK,GBP,232,0,0,5,2023-04-03 16:46:11,Unknown,NULL,0.011
1945,DE,EUR,124,0,1,4.97,2023-08-12 8:45:14,Unknown,AUTO_SHADOW_BAN_SPAM_MODEL,0.077
1860,PL,PLN,76,0,4,4.79,2022-07-07 7:36:21,Unknown,AUTO_SHADOW_BAN_SPAM_MODEL,0.00700000021606683
546,IT,EUR,73,0,1,4.93,2022-09-30 12:50:44,Unknown,NULL,0.0140000004321336
142,IT,EUR,0,0,0,NULL,2024-09-25 15:01:37,Unknown,MP_REPLICA_SELLER_SCAM,0.896000027656555
3086,UK,GBP,128,0,8,4.76,2022-11-04 18:38:21,d. 17 - 19 years old,NULL,0.011
327,UK,GBP,1,0,1,3,2023-06-02 13:02:50,Unknown,NULL,0.006
1618,AT,EUR,81,1,2,4.88,2019-05-25 10:53:28,Unknown,NULL,0.00600000005215406
1842,IT,EUR,75,1,1,4.91,2021-10-12 17:20:41,Unknown,NULL,0.00600000005215406
273,UK,GBP,62,0,8,4.53,2023-11-02 21:48:48,Unknown,ACCOUNT_COMPROMISED,0.013
3438,IT,EUR,1,0,0,5,2022-11-14 20:47:51,Unknown,NULL,0.015
2574,DE,EUR,0,0,0,NULL,2020-02-12 12:59:06,Unknown,NULL,NULL
1463,DE,EUR,0,0,0,NULL,2020-02-12 12:59:06,Unknown,NULL,NULL
1917,FR,EUR,48,0,0,4.98,2021-02-11 18:15:58,Unknown,NULL,0.00600000005215406
3343,FR,EUR,102,2,3,4.85,2013-05-18 17:40:29,d. 17 - 19 years old,NULL,0.00600000005215406
3265,FR,EUR,102,2,3,4.85,2013-05-18 17:40:29,d. 17 - 19 years old,NULL,0.00600000005215406
2946,FR,EUR,102,2,3,4.85,2013-05-18 17:40:29,d. 17 - 19 years old,NULL,0.00600000005215406
2591,FR,EUR,102,2,3,4.85,2013-05-18 17:40:29,d. 17 - 19 years old,NULL,0.00600000005215406
2511,FR,EUR,102,2,3,4.85,2013-05-18 17:40:29,d. 17 - 19 years old,NULL,0.00600000005215406
2402,FR,EUR,102,2,3,4.85,2013-05-18 17:40:29,d. 17 - 19 years old,NULL,0.00600000005215406
2292,FR,EUR,102,2,3,4.85,2013-05-18 17:40:29,d. 17 - 19 years old,NULL,0.00600000005215406
401,FR,EUR,102,2,3,4.85,2013-05-18 17:40:29,d. 17 - 19 years old,NULL,0.00600000005215406
136,FR,EUR,102,2,3,4.85,2013-05-18 17:40:29,d. 17 - 19 years old,NULL,0.00600000005215406
1078,UK,GBP,6445,11,76,4.94,2021-01-09 18:36:03,Unknown,AUTO_SHADOW_BAN_MSG_SIMILARITY,0.00600000005215406
3640,DE,EUR,0,0,0,NULL,2020-03-23 8:51:50,Unknown,NULL,NULL
241,DE,EUR,0,0,0,NULL,2020-03-23 8:51:50,Unknown,NULL,NULL
1268,UK,GBP,312,1,14,4.82,2022-01-21 9:09:51,i. 32+ years old,NULL,0.0109999999403953
567,UK,GBP,312,1,14,4.82,2022-01-21 9:09:51,i. 32+ years old,NULL,0.0109999999403953
1339,UK,GBP,41,1,0,4.95,2022-11-12 21:19:02,Unknown,NULL,0.034
1418,FR,EUR,6,0,0,5,2023-11-05 14:13:42,Unknown,NULL,0.023
1317,UK,GBP,7,0,0,5,2024-06-07 19:09:09,Unknown,NULL,0.027
46,NL,EUR,313,2,12,4.8,2020-07-07 10:14:12,d. 17 - 19 years old,NULL,0.00600000005215406
195,NL,EUR,123,0,2,4.93,2020-12-14 10:24:02,Unknown,NULL,0.00600000005215406
2714,UK,GBP,69,0,0,5,2022-04-25 11:11:43,Unknown,NULL,0.0109999999403953
2201,UK,GBP,4,0,0,5,2024-04-14 19:35:39,Unknown,NULL,0.026
1295,UK,GBP,499,1,1,4.99,2022-09-07 12:52:16,Unknown,NULL,0.0130000002682209
1378,FR,EUR,131,2,3,4.85,2021-06-05 9:17:29,Unknown,NULL,0.00600000005215406
2200,PL,PLN,61,0,6,4.63,2024-06-14 12:25:09,Unknown,SNAD_SCAM2,0.01
1657,FR,EUR,3084,17,25,4.94,2019-08-07 22:56:20,i. 32+ years old,NULL,0.00600000005215406
60,UK,GBP,0,0,0,NULL,2024-07-19 10:11:17,Unknown,NULL,0.686
3231,IT,EUR,44,3,14,3.95,2022-12-14 18:05:37,Unknown,AUTO_SHADOW_BAN_MEMBER_SCORE,0.016
3135,FR,EUR,256,2,16,4.74,2019-09-30 8:37:59,Unknown,NULL,0.00600000005215406
1201,UK,GBP,53,0,2,4.87,2023-04-08 9:39:24,i. 32+ years old,NULL,0.008
2454,UK,GBP,82,0,3,4.86,2021-07-01 6:46:32,i. 32+ years old,NULL,0.00600000005215406
1875,FR,EUR,9,0,4,3.77,2023-04-12 16:22:54,Unknown,NULL,0.01
2731,UK,GBP,1,0,0,5,2024-09-05 8:23:25,Unknown,REPLICA_OFFENDER,0.19200000166893
3473,UK,GBP,18,0,0,5,2023-10-07 18:15:55,Unknown,NULL,0.017
1739,FR,EUR,105,1,1,4.93,2022-07-23 11:11:24,Unknown,NULL,0.0350000001490116
1107,UK,GBP,215,0,2,4.96,2023-07-26 19:06:44,g. 27 - 29 years old,AUTO_SHADOW_BAN_SPAM_MODEL,0.014
383,UK,GBP,1,0,0,5,2023-09-02 15:25:47,Unknown,NULL,0.012
64,UK,GBP,56,0,0,5,2022-10-18 19:03:13,Unknown,NULL,0.008
332,FR,EUR,502,2,7,4.93,2020-11-08 15:27:31,d. 17 - 19 years old,AUTO_SHADOW_BAN_SPAM_MODEL,0.00600000005215406
2447,UK,GBP,381,1,3,4.96,2020-07-26 13:51:01,Unknown,NULL,0.00600000005215406
2647,UK,GBP,400,1,6,4.93,2022-03-14 21:46:01,i. 32+ years old,AUTO_PHISHING_IMAGE_REVIEW,0.0109999999403953
179,FR,EUR,2550,7,21,4.94,2018-08-23 20:32:34,Unknown,NULL,0.00600000005215406
3356,UK,GBP,1138,3,3,4.98,2022-04-04 18:31:09,Unknown,NULL,0.0140000004321336
166,ES,EUR,38,0,0,4.95,2024-06-13 22:25:16,f. 23 - 26 years old,NULL,0.0570000000298023
3419,FR,EUR,235,1,7,4.86,2017-08-17 14:21:00,g. 27 - 29 years old,NULL,0.00600000005215406
118,FR,EUR,690,8,53,4.68,2019-09-08 8:44:03,Unknown,BLOCK_2PROFILES,0.00600000005215406
649,FR,EUR,58,0,0,4.98,2023-08-20 20:39:02,Unknown,NULL,0.015
1229,UK,GBP,11,0,0,5,2023-12-14 9:59:28,Unknown,NULL,0.013
2934,FR,EUR,293,4,4,4.91,2018-04-27 20:20:48,Unknown,NULL,0.00600000005215406
3342,UK,GBP,3,0,0,5,2024-06-30 12:19:06,Unknown,AUTO_SHADOW_BAN_MSG_SIMILARITY,0.007
2719,FR,EUR,31,1,2,4.71,2021-05-28 11:23:54,Unknown,NULL,0.00600000005215406
601,IT,EUR,36,0,8,4.27,2022-04-30 19:24:21,Unknown,NULL,0.0120000001043081
939,UK,GBP,139,2,2,4.89,2022-12-03 11:17:40,Unknown,NULL,0.006
1121,FR,EUR,236,0,0,5,2018-10-19 11:44:04,Unknown,NULL,0.00600000005215406
2023,NL,EUR,735,2,52,4.7,2021-07-13 13:27:16,i. 32+ years old,NULL,0.00600000005215406
2882,UK,GBP,435,1,34,4.7,2023-06-01 12:26:03,Unknown,AUTO_PHISHING_IMAGE_REVIEW,0.014
555,PL,PLN,6,0,0,4.83,2022-06-22 20:10:49,Unknown,NULL,0.0130000002682209
2206,IT,EUR,33,0,0,4.97,2023-12-03 18:01:47,Unknown,NULL,0.014
2835,FR,EUR,125,1,0,4.98,2016-07-24 21:00:56,e. 20 - 22 years old,NULL,0.00600000005215406
3244,DE,EUR,0,0,0,NULL,2016-03-04 5:46:50,Unknown,NULL,NULL
2379,DE,EUR,0,0,0,NULL,2016-03-04 5:46:50,Unknown,NULL,NULL
3506,UK,GBP,11,0,1,4.67,2022-11-01 18:26:02,Unknown,NULL,0.012
2223,UK,GBP,17,0,0,5,2024-01-14 14:52:50,Unknown,NULL,0.012
2308,AT,EUR,0,0,0,NULL,2019-02-16 21:28:06,Unknown,NULL,NULL
809,AT,EUR,0,0,0,NULL,2019-02-16 21:28:06,Unknown,NULL,NULL
2879,UK,GBP,43,0,0,5,2022-05-24 20:09:09,Unknown,NULL,0.00700000021606683
3067,UK,GBP,113,0,2,4.93,2023-11-06 10:30:28,Unknown,REPLICA_OFFENDER,0.017
3474,UK,GBP,103,0,1,4.96,2021-12-05 18:43:49,Unknown,NULL,0.0109999999403953
247,UK,GBP,103,0,1,4.96,2021-12-05 18:43:49,Unknown,NULL,0.0109999999403953
2295,UK,GBP,108,1,2,4.9,2022-03-01 5:24:43,Unknown,NULL,0.0280000008642673
1020,UK,GBP,218,3,5,4.88,2022-04-11 11:23:34,Unknown,AUTO_SHADOW_BAN_MSG_SIMILARITY,0.00800000037997961
2995,UK,GBP,28,0,0,4.93,2022-06-11 14:43:20,Unknown,NULL,0.00999999977648258
922,IT,EUR,68,1,1,4.91,2021-03-11 20:21:34,f. 23 - 26 years old,NULL,0.00600000005215406
2785,NL,EUR,9,1,1,4.45,2022-10-31 9:48:32,Unknown,NULL,0.007
1752,PT,EUR,22,0,2,4.63,2024-07-22 20:58:14,Unknown,SCAM_OTHER,0.148
1793,FR,EUR,1001,6,57,4.76,2017-03-01 11:49:30,Unknown,NULL,0.00600000005215406
3556,UK,GBP,60,0,0,5,2021-06-18 16:37:48,i. 32+ years old,NULL,0.00600000005215406
2805,US,USD,0,0,0,NULL,2014-01-21 22:00:45,Unknown,NULL,NULL
1819,US,USD,0,0,0,NULL,2014-01-21 22:00:45,Unknown,NULL,NULL
1809,US,USD,0,0,0,NULL,2014-01-21 22:00:45,Unknown,NULL,NULL
1158,US,USD,0,0,0,NULL,2014-01-21 22:00:45,Unknown,NULL,NULL
894,US,USD,0,0,0,NULL,2014-01-21 22:00:45,Unknown,NULL,NULL
787,US,USD,0,0,0,NULL,2014-01-21 22:00:45,Unknown,NULL,NULL
315,US,USD,0,0,0,NULL,2014-01-21 22:00:45,Unknown,NULL,NULL
2793,FR,EUR,33,1,0,4.94,2020-07-08 11:31:23,Unknown,AUTO_PHISHING_URL_REVIEW,0.00600000005215406
1955,UK,GBP,149,0,2,4.94,2022-04-14 6:52:29,Unknown,NULL,0.00999999977648258
3228,UK,GBP,128,0,0,4.98,2022-09-07 18:59:20,Unknown,NULL,0.0130000002682209
1626,IT,EUR,346,0,8,4.9,2021-02-28 3:01:09,Unknown,NULL,0.00600000005215406
1409,UK,GBP,19,0,0,5,2023-06-06 12:30:24,Unknown,NULL,0.069
260,PL,PLN,39,0,2,4.78,2023-01-06 8:25:55,i. 32+ years old,NULL,0.117
1914,ES,EUR,49,0,0,5,2023-02-07 15:59:30,h. 30 - 31 years old,AUTO_SHADOW_BAN_MSG_SIMILARITY,0.017
673,DE,EUR,1,0,0,5,2020-04-03 0:56:43,Unknown,NULL,NULL
295,DE,EUR,1,0,0,5,2020-04-03 0:56:43,Unknown,NULL,NULL
1807,UK,GBP,59,1,5,4.66,2023-01-09 16:27:23,Unknown,NULL,0.013
3138,UK,GBP,63,0,1,4.92,2023-02-16 8:19:43,i. 32+ years old,NULL,0.01
1067,UK,GBP,186,0,21,4.6,2023-10-17 20:22:28,Unknown,NULL,0.015
2143,UK,GBP,108,0,1,4.97,2021-04-02 9:19:58,i. 32+ years old,NULL,0.00600000005215406
1397,UK,GBP,53,0,4,4.7,2024-03-10 13:18:49,Unknown,AUTO_SHADOW_BAN_MSG_SIMILARITY,0.071
301,FR,EUR,37,1,0,4.87,2020-08-31 19:50:27,Unknown,NULL,0.00600000005215406
3393,LT,EUR,0,0,0,NULL,2020-05-14 15:17:49,Unknown,NULL,NULL
2975,LT,EUR,0,0,0,NULL,2020-05-14 15:17:49,Unknown,NULL,NULL
2684,LT,EUR,0,0,0,NULL,2020-05-14 15:17:49,Unknown,NULL,NULL
2041,LT,EUR,0,0,0,NULL,2020-05-14 15:17:49,Unknown,NULL,NULL
1708,LT,EUR,0,0,0,NULL,2020-05-14 15:17:49,Unknown,NULL,NULL
1239,LT,EUR,0,0,0,NULL,2020-05-14 15:17:49,Unknown,NULL,NULL
819,LT,EUR,0,0,0,NULL,2020-05-14 15:17:49,Unknown,NULL,NULL
362,LT,EUR,0,0,0,NULL,2020-05-14 15:17:49,Unknown,NULL,NULL
211,LT,EUR,0,0,0,NULL,2020-05-14 15:17:49,Unknown,NULL,NULL
556,UK,GBP,100,0,0,4.98,2020-08-27 19:05:06,Unknown,NULL,0.00600000005215406
1035,PT,EUR,33,0,2,4.71,2021-08-03 20:39:52,Unknown,NULL,0.00600000005215406
2931,PL,PLN,0,0,0,NULL,2017-11-15 14:54:43,Unknown,NULL,NULL
1502,PL,PLN,0,0,0,NULL,2017-11-15 14:54:43,Unknown,NULL,NULL
848,PL,PLN,0,0,0,NULL,2017-11-15 14:54:43,Unknown,NULL,NULL
391,PL,PLN,0,0,0,NULL,2017-11-15 14:54:43,Unknown,NULL,NULL
3369,IT,EUR,57,1,4,4.65,2021-11-25 15:48:47,Unknown,AUTO_PHISHING_IMAGE_REVIEW,0.0149999996647238
1189,IT,EUR,57,1,4,4.65,2021-11-25 15:48:47,Unknown,AUTO_PHISHING_IMAGE_REVIEW,0.0149999996647238
2840,UK,GBP,25,0,0,5,2023-02-13 18:40:46,Unknown,NULL,0.011
2862,UK,GBP,61,0,7,4.54,2023-11-03 12:44:58,d. 17 - 19 years old,NULL,0.013
2837,IT,EUR,551,4,3,4.95,2021-01-24 15:31:39,Unknown,NULL,0.00600000005215406
5,FR,EUR,320,2,12,4.84,2017-10-14 16:53:56,g. 27 - 29 years old,AUTO_SHADOW_BAN_SPAM_MODEL,0.00600000005215406
1716,FR,EUR,8,0,0,5,2019-10-12 18:27:09,d. 17 - 19 years old,NULL,0.00600000005215406
3622,UK,GBP,6238,12,86,4.94,2022-01-05 20:00:23,Unknown,NULL,0.0109999999403953
2741,UK,GBP,6238,12,86,4.94,2022-01-05 20:00:23,Unknown,NULL,0.0109999999403953
1837,UK,GBP,15,0,0,5,2022-04-18 1:30:31,Unknown,NULL,0.0160000007599592
876,UK,GBP,6,0,4,3.4,2023-08-18 16:36:26,Unknown,NULL,0.012
2006,DE,EUR,0,0,0,NULL,2020-05-22 18:36:41,Unknown,NULL,NULL
1905,DE,EUR,0,0,0,NULL,2020-05-22 18:36:41,Unknown,NULL,NULL
1052,BE,EUR,544,4,3,4.96,2019-08-28 17:41:40,i. 32+ years old,NULL,0.00600000005215406
3240,FR,EUR,9,0,0,5,2024-05-21 1:32:54,Unknown,SUSPEND - REPLICA2,0.222
1175,UK,GBP,0,0,0,NULL,2024-08-12 16:45:25,Unknown,NULL,0.597
3183,FR,EUR,115,0,9,4.69,2017-05-31 13:55:10,Unknown,NULL,0.00600000005215406
314,UK,GBP,95,0,4,4.82,2024-03-18 14:37:39,Unknown,AUTO_SHADOW_BAN_MSG_SIMILARITY,0.028
1880,NL,EUR,149,1,0,4.98,2019-11-14 8:38:18,Unknown,NULL,0.00600000005215406
2093,FR,EUR,34,0,0,5,2023-11-13 17:46:26,i. 32+ years old,NULL,0.007
917,UK,GBP,88,0,0,4.99,2022-10-31 20:56:03,i. 32+ years old,NULL,0.013
2335,UK,GBP,2,0,0,5,2024-01-01 3:19:56,Unknown,NULL,0.006
3574,UK,GBP,116,0,18,4.45,2021-06-04 12:14:36,i. 32+ years old,NULL,0.00600000005215406
1838,UK,GBP,0,0,0,0,2023-12-21 14:07:52,Unknown,NULL,0.015
325,UK,GBP,79,0,2,4.89,2021-02-09 0:40:27,e. 20 - 22 years old,NULL,0.00600000005215406
1287,UK,GBP,3645,7,12,4.98,2015-04-19 22:23:05,Unknown,NULL,0.00600000005215406
793,UK,GBP,16,0,0,5,2021-08-30 6:35:25,Unknown,NULL,0.00600000005215406
1675,UK,GBP,275,2,2,4.96,2020-06-22 18:48:25,i. 32+ years old,NULL,0.00600000005215406
3346,UK,GBP,85,0,4,4.82,2022-10-04 16:26:57,Unknown,NULL,0.0170000009238719
3343,PL,PLN,0,0,0,NULL,2013-07-13 22:31:07,Unknown,NULL,NULL
3265,PL,PLN,0,0,0,NULL,2013-07-13 22:31:07,Unknown,NULL,NULL
2946,PL,PLN,0,0,0,NULL,2013-07-13 22:31:07,Unknown,NULL,NULL
2591,PL,PLN,0,0,0,NULL,2013-07-13 22:31:07,Unknown,NULL,NULL
2511,PL,PLN,0,0,0,NULL,2013-07-13 22:31:07,Unknown,NULL,NULL
2402,PL,PLN,0,0,0,NULL,2013-07-13 22:31:07,Unknown,NULL,NULL
2292,PL,PLN,0,0,0,NULL,2013-07-13 22:31:07,Unknown,NULL,NULL
401,PL,PLN,0,0,0,NULL,2013-07-13 22:31:07,Unknown,NULL,NULL
136,PL,PLN,0,0,0,NULL,2013-07-13 22:31:07,Unknown,NULL,NULL
2514,UK,GBP,416,3,138,3.99,2021-05-22 23:02:10,Unknown,NULL,0.00600000005215406
2125,ES,EUR,302,0,1,4.97,2021-02-03 10:24:03,g. 27 - 29 years old,NULL,0.00600000005215406
1858,ES,EUR,302,0,1,4.97,2021-02-03 10:24:03,g. 27 - 29 years old,NULL,0.00600000005215406
2207,UK,GBP,56,1,1,4.9,2020-11-07 16:49:42,d. 17 - 19 years old,NULL,0.00600000005215406
1878,UK,GBP,56,1,1,4.9,2020-11-07 16:49:42,d. 17 - 19 years old,NULL,0.00600000005215406
270,FR,EUR,45,1,4,4.64,2020-06-15 12:07:26,f. 23 - 26 years old,NULL,0.00600000005215406
2451,UK,GBP,256,2,1,4.95,2018-11-13 20:17:06,Unknown,NULL,0.00600000005215406
3344,UK,GBP,51,0,0,5,2024-05-08 14:35:06,Unknown,REPLICA_OFFENDER,0.326
1467,UK,GBP,563,2,11,4.9,2024-03-04 21:07:50,Unknown,AUTO_SHADOW_BAN_MSG_SIMILARITY,0.015
1526,UK,GBP,49,0,1,4.92,2022-04-05 21:14:50,e. 20 - 22 years old,NULL,0.00700000021606683
2830,FR,EUR,85,3,4,4.67,2023-03-25 23:29:02,i. 32+ years old,NULL,0.016
1518,IT,EUR,9,0,0,5,2024-07-29 8:58:19,Unknown,PERV_BEHAVIOUR,0.024
3025,US,USD,0,0,0,NULL,2021-10-10 16:57:55,Unknown,NULL,NULL
521,US,USD,0,0,0,NULL,2021-10-10 16:57:55,Unknown,NULL,NULL
2408,DE,EUR,0,0,0,NULL,2020-11-08 15:15:31,Unknown,NULL,NULL
1063,DE,EUR,0,0,0,NULL,2020-11-08 15:15:31,Unknown,NULL,NULL
1356,UK,GBP,83,1,0,4.98,2022-01-19 16:44:59,e. 20 - 22 years old,NULL,0.0130000002682209
132,UK,GBP,83,1,0,4.98,2022-01-19 16:44:59,e. 20 - 22 years old,NULL,0.0130000002682209
3683,DE,EUR,0,0,0,NULL,2016-02-13 16:12:28,Unknown,NULL,NULL
2761,DE,EUR,0,0,0,NULL,2016-02-13 16:12:28,Unknown,NULL,NULL
1916,DE,EUR,0,0,0,NULL,2016-02-13 16:12:28,Unknown,NULL,NULL
1290,DE,EUR,0,0,0,NULL,2016-02-13 16:12:28,Unknown,NULL,NULL
191,DE,EUR,0,0,0,NULL,2016-02-13 16:12:28,Unknown,NULL,NULL
3637,UK,GBP,61,0,1,4.94,2024-05-26 15:29:35,f. 23 - 26 years old,NULL,0.007
1277,FR,EUR,96,0,5,4.8,2018-11-07 6:33:35,h. 30 - 31 years old,NULL,0.00600000005215406
3508,FR,EUR,1428,2,7,4.97,2020-12-11 8:23:29,Unknown,NULL,0.00600000005215406
644,UK,GBP,106,0,4,4.85,2022-04-22 22:55:32,Unknown,NULL,0.140000000596046
755,UK,GBP,34,0,1,4.89,2023-07-15 19:52:57,e. 20 - 22 years old,NULL,0.025
3200,UK,GBP,249,0,11,4.82,2021-04-12 17:29:13,Unknown,NULL,0.00600000005215406
2045,UK,GBP,72,0,12,4.4,2023-09-11 15:31:16,Unknown,AUTO_SHADOW_BAN_SPAM_MODEL,0.014
237,UK,GBP,67,1,4,4.74,2023-08-12 15:43:21,Unknown,AUTO_SHADOW_BAN_MSG_SIMILARITY,0.022
3317,UK,GBP,1,0,0,5,2023-05-26 10:02:20,Unknown,NULL,0.007
390,IT,EUR,2,0,0,5,2024-01-15 10:24:38,Unknown,NULL,0.007
49,UK,GBP,78,0,1,4.94,2021-11-02 12:20:18,Unknown,NULL,0.00700000021606683
2294,CZ,CZK,138,1,16,4.57,2021-04-24 18:13:40,i. 32+ years old,AUTO_SHADOW_BAN_SPAM_MODEL,0.00600000005215406
1957,CZ,CZK,138,1,16,4.57,2021-04-24 18:13:40,i. 32+ years old,AUTO_SHADOW_BAN_SPAM_MODEL,0.00600000005215406
3040,NL,EUR,26,0,0,4.96,2022-07-21 13:53:49,Unknown,NULL,0.00700000021606683
3372,UK,GBP,127,1,0,4.98,2022-04-21 20:23:42,Unknown,NULL,0.00600000005215406
2867,IT,EUR,11,0,3,4.14,2024-04-24 17:40:20,Unknown,AUTO_SHADOW_BAN_SPAM_MODEL,0.23
3208,UK,GBP,357,1,2,4.97,2022-09-26 22:00:18,Unknown,NULL,0.0209999997168779
2573,ES,EUR,49,0,3,4.77,2024-02-14 8:04:55,Unknown,NULL,0.121
372,UK,GBP,549,2,30,4.78,2021-10-17 16:16:39,Unknown,NULL,0.00600000005215406
1709,UK,GBP,18,0,0,4.94,2022-12-06 8:57:56,Unknown,NULL,0.013
1853,UK,GBP,11,0,0,4.82,2023-02-11 12:20:52,f. 23 - 26 years old,NULL,0.04
1887,UK,GBP,45,0,0,5,2023-04-30 14:30:06,Unknown,NULL,0.025
1217,ES,EUR,1,0,0,5,2024-07-01 16:04:17,Unknown,NULL,0.01
795,UK,GBP,4,0,0,5,2024-06-13 16:09:52,Unknown,NULL,0.01
1441,UK,GBP,156,0,0,5,2021-04-27 15:17:04,e. 20 - 22 years old,NULL,0.00600000005215406
1658,UK,GBP,268,1,10,4.84,2022-08-23 15:52:45,Unknown,NULL,0.0149999996647238
2393,DE,EUR,0,0,0,NULL,2019-04-15 6:25:47,Unknown,NULL,NULL
1908,DE,EUR,0,0,0,NULL,2019-04-15 6:25:47,Unknown,NULL,NULL
3698,PL,PLN,1,0,0,5,2019-03-13 14:21:11,Unknown,NULL,NULL
3163,PL,PLN,1,0,0,5,2019-03-13 14:21:11,Unknown,NULL,NULL
2425,PL,PLN,1,0,0,5,2019-03-13 14:21:11,Unknown,NULL,NULL
1820,PL,PLN,1,0,0,5,2019-03-13 14:21:11,Unknown,NULL,NULL
147,PL,PLN,1,0,0,5,2019-03-13 14:21:11,Unknown,NULL,NULL
2834,HU,HUF,7,0,0,5,2023-01-29 13:22:12,Unknown,NULL,0.006
2549,UK,GBP,0,0,0,NULL,2023-02-08 9:45:12,Unknown,NULL,0.83
61,FR,EUR,210,3,0,4.95,2017-05-29 21:03:22,f. 23 - 26 years old,NULL,0.00600000005215406
824,UK,GBP,18,0,8,3.77,2022-10-04 17:30:54,Unknown,NULL,0.0130000002682209
1533,FR,EUR,94,0,7,4.72,2019-03-04 18:17:16,g. 27 - 29 years old,BLOCK_2PROFILES,0.00600000005215406
1379,UK,GBP,23,0,1,4.83,2023-08-23 21:25:32,Unknown,NULL,0.007
831,UK,GBP,1396,6,41,4.87,2022-07-08 13:45:17,Unknown,NULL,0.0140000004321336
2147,UK,GBP,73,1,4,4.76,2021-09-14 14:42:14,e. 20 - 22 years old,NULL,0.00600000005215406
1207,UK,GBP,110,0,0,4.99,2023-12-17 8:14:49,Unknown,NULL,0.028
1648,FR,EUR,868,6,6,4.93,2017-12-19 16:19:24,h. 30 - 31 years old,NULL,0.00600000005215406
1194,FR,EUR,868,6,6,4.93,2017-12-19 16:19:24,h. 30 - 31 years old,NULL,0.00600000005215406
2046,UK,GBP,12,0,0,5,2022-03-29 16:27:48,Unknown,NULL,0.00600000005215406
3666,UK,GBP,50,1,14,4.11,2024-04-23 18:25:03,Unknown,SUSPEND - REPLICA2,0.022
835,FR,EUR,6,0,0,5,2024-07-01 9:24:20,Unknown,NULL,0.01
2891,DE,EUR,0,0,0,NULL,2019-08-03 8:40:09,Unknown,NULL,NULL
1355,DE,EUR,0,0,0,NULL,2019-08-03 8:40:09,Unknown,NULL,NULL
3283,ES,EUR,120,0,10,4.66,2021-03-21 19:22:11,Unknown,NULL,0.00600000005215406
1606,FR,EUR,275,1,5,4.91,2018-07-13 7:59:41,Unknown,NULL,0.00600000005215406
608,UK,GBP,2149,4,17,4.96,2021-11-09 13:10:40,Unknown,NULL,0.0179999992251396
380,UK,GBP,2149,4,17,4.96,2021-11-09 13:10:40,Unknown,NULL,0.0179999992251396
912,UK,GBP,1512,1,2,4.99,2023-06-28 6:50:18,i. 32+ years old,SUSPEND - REPLICA2,0.019
2297,UK,GBP,173,0,5,4.86,2023-10-11 12:01:31,d. 17 - 19 years old,NULL,0.015
2032,FR,EUR,79,0,5,4.75,2019-04-20 9:42:25,f. 23 - 26 years old,NULL,0.00600000005215406
3151,FR,EUR,368,1,11,4.86,2022-09-22 12:14:01,Unknown,AUTO_PHISHING_IMAGE_REVIEW,0.398000001907348
3407,PL,PLN,362,2,7,4.9,2020-02-20 19:56:32,i. 32+ years old,NULL,0.00600000005215406
2997,SE,SEK,19,0,6,4.04,2023-04-05 12:48:10,Unknown,NULL,0.013
3358,FR,EUR,386,1,6,4.91,2013-09-08 19:36:22,f. 23 - 26 years old,NULL,0.00600000005215406
1816,FR,EUR,386,1,6,4.91,2013-09-08 19:36:22,f. 23 - 26 years old,NULL,0.00600000005215406
1805,FR,EUR,386,1,6,4.91,2013-09-08 19:36:22,f. 23 - 26 years old,NULL,0.00600000005215406
1582,FR,EUR,386,1,6,4.91,2013-09-08 19:36:22,f. 23 - 26 years old,NULL,0.00600000005215406
975,FR,EUR,386,1,6,4.91,2013-09-08 19:36:22,f. 23 - 26 years old,NULL,0.00600000005215406
688,FR,EUR,386,1,6,4.91,2013-09-08 19:36:22,f. 23 - 26 years old,NULL,0.00600000005215406
1722,UK,GBP,30,0,0,5,2022-11-15 21:19:29,Unknown,NULL,0.007
3604,UK,GBP,101,0,1,4.95,2022-06-27 9:15:50,Unknown,NULL,0.0659999996423721
430,FR,EUR,13,0,1,4.79,2023-10-04 16:09:34,Unknown,AUTO_SHADOW_BAN_MEMBER_SCORE,0.046
2054,FR,EUR,48,1,0,4.9,2022-07-16 20:09:56,Unknown,AUTO_SHADOW_BAN_MEMBER_SCORE,0.007
548,FR,EUR,51,1,1,4.91,2023-03-07 14:53:08,Unknown,NULL,0.028
1897,UK,GBP,26,0,1,4.81,2023-12-21 15:49:40,Unknown,NULL,0.649
723,UK,GBP,263,0,1,4.98,2021-09-23 17:16:41,h. 30 - 31 years old,AUTO_SHADOW_BAN_MSG_SIMILARITY,0.00600000005215406
81,UK,GBP,2,0,0,5,2024-07-03 21:24:51,Unknown,NULL,0.012
2920,UK,GBP,434,6,43,4.6,2023-09-18 8:55:25,f. 23 - 26 years old,AUTO_SHADOW_BAN_MSG_SIMILARITY,0.014
815,UK,GBP,48,0,0,5,2024-04-27 14:58:58,d. 17 - 19 years old,NULL,0.011
3272,UK,GBP,150,1,1,4.94,2016-02-25 14:11:37,Unknown,NULL,0.00600000005215406
1640,UK,GBP,206,0,1,4.98,2021-05-25 15:43:35,Unknown,NULL,0.00600000005215406
2231,UK,GBP,2040,1,5,4.98,2023-03-02 15:31:54,i. 32+ years old,NULL,0.011
2289,NL,EUR,10,0,0,5,2020-12-29 7:39:14,Unknown,NULL,0.00600000005215406
3281,FR,EUR,77,1,4,4.74,2022-01-29 23:25:51,d. 17 - 19 years old,NULL,0.00700000021606683
2948,FR,EUR,77,1,4,4.74,2022-01-29 23:25:51,d. 17 - 19 years old,NULL,0.00700000021606683
1904,UK,GBP,186,0,4,4.89,2022-04-29 9:20:20,Unknown,NULL,0.0230000000447034
1010,FR,EUR,36,1,0,4.95,2023-05-05 15:48:46,Unknown,NULL,0.007
2034,NL,EUR,606,4,9,4.92,2024-03-21 16:58:10,Unknown,NULL,0.018
1144,PL,PLN,29,0,5,4.38,2023-09-12 8:41:28,Unknown,AUTO_SHADOW_BAN_MEMBER_SCORE,0.022
926,US,USD,47,0,0,5,2019-06-09 14:15:20,Unknown,NULL,NULL
766,US,USD,47,0,0,5,2019-06-09 14:15:20,Unknown,NULL,NULL
3034,DE,EUR,0,0,0,NULL,2017-04-18 18:53:20,Unknown,NULL,NULL
328,DE,EUR,0,0,0,NULL,2017-04-18 18:53:20,Unknown,NULL,NULL
2260,UK,GBP,0,0,0,0,2023-07-31 11:34:17,Unknown,NULL,0.007
2903,UK,GBP,3,0,0,5,2023-11-13 11:14:14,f. 23 - 26 years old,SHIPPING_SCAM,0.037
2303,IT,EUR,45,0,1,4.87,2021-02-28 10:28:12,g. 27 - 29 years old,BLOCK_2PROFILES,0.00600000005215406
3565,UK,GBP,15,0,0,5,2023-05-13 14:35:42,Unknown,NULL,0.015
1,UK,GBP,301,0,1,4.99,2023-05-17 13:05:30,Unknown,NULL,0.015
1512,FR,EUR,253,2,3,4.92,2016-09-28 12:18:58,d. 17 - 19 years old,NULL,0.00600000005215406
610,UK,GBP,46,0,0,5,2022-10-09 16:13:34,Unknown,NULL,0.01
979,UK,GBP,188,2,1,4.94,2017-08-23 23:17:24,Unknown,NULL,0.00600000005215406
2273,UK,GBP,25,0,5,4.33,2023-09-26 11:53:53,Unknown,AUTO_SHADOW_BAN_MEMBER_SCORE,0.094
2221,NL,EUR,5,0,0,4.8,2024-08-24 8:07:03,h. 30 - 31 years old,NULL,0.007
2821,DE,EUR,0,0,0,0,2020-08-17 12:42:27,Unknown,NULL,NULL
656,DE,EUR,0,0,0,0,2020-08-17 12:42:27,Unknown,NULL,NULL
235,FR,EUR,28,1,2,4.68,2023-06-05 20:17:39,Unknown,NULL,0.015
1714,UK,GBP,252,0,6,4.9,2021-04-15 16:58:19,Unknown,NULL,0.00600000005215406
730,UK,GBP,1334,3,4,4.98,2023-09-21 21:05:34,i. 32+ years old,NULL,0.033
3530,DE,EUR,1,0,0,NULL,2016-02-26 12:04:06,i. 32+ years old,NULL,NULL
1996,DE,EUR,1,0,0,NULL,2016-02-26 12:04:06,i. 32+ years old,NULL,NULL
502,FR,EUR,396,2,12,4.85,2019-11-10 13:17:41,Unknown,AUTO_SHADOW_BAN_MEMBER_SCORE,0.00600000005215406
143,NL,EUR,54,0,2,4.86,2020-12-30 9:47:11,g. 27 - 29 years old,NULL,0.00600000005215406
2774,LT,EUR,0,0,0,NULL,2020-08-31 10:30:30,Unknown,NULL,NULL
2136,LT,EUR,0,0,0,NULL,2020-08-31 10:30:30,Unknown,NULL,NULL
993,LT,EUR,0,0,0,NULL,2020-08-31 10:30:30,Unknown,NULL,NULL
898,LT,EUR,0,0,0,NULL,2020-08-31 10:30:30,Unknown,NULL,NULL
830,LT,EUR,0,0,0,NULL,2020-08-31 10:30:30,Unknown,NULL,NULL
292,LT,EUR,0,0,0,NULL,2020-08-31 10:30:30,Unknown,NULL,NULL
609,FR,EUR,37,1,1,4.79,2019-02-25 18:53:31,Unknown,NULL,0.00600000005215406
1142,UK,GBP,201,1,1,4.97,2022-02-16 21:31:51,Unknown,NULL,0.00600000005215406
678,UK,GBP,201,1,1,4.97,2022-02-16 21:31:51,Unknown,NULL,0.00600000005215406
38,UK,GBP,22,0,2,4.67,2022-12-07 20:35:42,Unknown,NULL,0.016
1372,UK,GBP,612,2,20,4.87,2023-04-15 17:39:13,d. 17 - 19 years old,AUTO_PHISHING_IMAGE_REVIEW,0.007
2905,CZ,CZK,0,0,0,NULL,2013-03-16 15:22:16,Unknown,NULL,NULL
2323,CZ,CZK,0,0,0,NULL,2013-03-16 15:22:16,Unknown,NULL,NULL
2024,CZ,CZK,0,0,0,NULL,2013-03-16 15:22:16,Unknown,NULL,NULL
1450,CZ,CZK,0,0,0,NULL,2013-03-16 15:22:16,Unknown,NULL,NULL
1345,CZ,CZK,0,0,0,NULL,2013-03-16 15:22:16,Unknown,NULL,NULL
1026,CZ,CZK,0,0,0,NULL,2013-03-16 15:22:16,Unknown,NULL,NULL
996,CZ,CZK,0,0,0,NULL,2013-03-16 15:22:16,Unknown,NULL,NULL
1862,US,USD,0,0,0,NULL,2018-02-10 5:09:53,Unknown,NULL,NULL
1023,US,USD,0,0,0,NULL,2018-02-10 5:09:53,Unknown,NULL,NULL
73,UK,GBP,331,1,1,4.97,2021-04-18 17:25:43,Unknown,NULL,0.00600000005215406
707,UK,GBP,44,0,0,5,2022-08-20 20:03:57,e. 20 - 22 years old,NULL,0.007
1839,IT,EUR,6,0,1,4.43,2021-03-27 23:35:52,Unknown,AUTO_SHADOW_BAN_SPAM_MODEL,0.00600000005215406
1711,UK,GBP,55,0,1,4.93,2023-11-13 17:41:15,f. 23 - 26 years old,REPLICA_4,0.008
481,NL,EUR,468,4,19,4.82,2020-07-24 9:33:36,Unknown,NULL,0.00600000005215406
3041,UK,GBP,62,0,3,4.78,2023-03-11 15:33:09,Unknown,NULL,0.017
1066,UK,GBP,522,0,7,4.94,2023-04-16 18:28:40,i. 32+ years old,NULL,0.014
3551,UK,GBP,29,0,2,4.74,2024-02-13 9:39:01,h. 30 - 31 years old,NULL,0.019
950,PT,EUR,11,0,0,5,2024-08-05 11:31:36,Unknown,NULL,0.028
1050,UK,GBP,36,0,0,5,2022-07-04 16:34:44,Unknown,NULL,0.00999999977648258
1761,UK,GBP,12,0,0,5,2023-10-28 14:15:32,Unknown,NULL,0.037
3100,CZ,CZK,1,0,0,5,2015-10-25 18:53:37,b. 13 - 15 years old,NULL,NULL
2610,CZ,CZK,1,0,0,5,2015-10-25 18:53:37,b. 13 - 15 years old,NULL,NULL
1923,CZ,CZK,1,0,0,5,2015-10-25 18:53:37,b. 13 - 15 years old,NULL,NULL
1381,CZ,CZK,1,0,0,5,2015-10-25 18:53:37,b. 13 - 15 years old,NULL,NULL
1280,CZ,CZK,1,0,0,5,2015-10-25 18:53:37,b. 13 - 15 years old,NULL,NULL
304,CZ,CZK,1,0,0,5,2015-10-25 18:53:37,b. 13 - 15 years old,NULL,NULL
274,CZ,CZK,1,0,0,5,2015-10-25 18:53:37,b. 13 - 15 years old,NULL,NULL
636,UK,GBP,34,1,0,4.91,2023-02-08 22:52:44,Unknown,NULL,0.022
1866,FR,EUR,3,0,0,5,2018-09-15 11:49:00,Unknown,NULL,0.00600000005215406
1431,DE,EUR,0,0,0,NULL,2017-09-08 13:58:21,Unknown,NULL,NULL
1051,DE,EUR,0,0,0,NULL,2017-09-08 13:58:21,Unknown,NULL,NULL
1710,UK,GBP,205,0,1,4.98,2021-03-04 10:12:15,Unknown,NULL,0.00600000005215406
2008,UK,GBP,55,0,1,4.93,2022-03-14 18:57:50,Unknown,NULL,0.00700000021606683
3698,DE,EUR,0,0,0,NULL,2017-01-18 20:51:07,Unknown,NULL,NULL
3163,DE,EUR,0,0,0,NULL,2017-01-18 20:51:07,Unknown,NULL,NULL
2425,DE,EUR,0,0,0,NULL,2017-01-18 20:51:07,Unknown,NULL,NULL
1820,DE,EUR,0,0,0,NULL,2017-01-18 20:51:07,Unknown,NULL,NULL
147,DE,EUR,0,0,0,NULL,2017-01-18 20:51:07,Unknown,NULL,NULL
2774,DE,EUR,28,0,0,5,2013-05-11 11:32:25,Unknown,NULL,NULL
2136,DE,EUR,28,0,0,5,2013-05-11 11:32:25,Unknown,NULL,NULL
993,DE,EUR,28,0,0,5,2013-05-11 11:32:25,Unknown,NULL,NULL
898,DE,EUR,28,0,0,5,2013-05-11 11:32:25,Unknown,NULL,NULL
830,DE,EUR,28,0,0,5,2013-05-11 11:32:25,Unknown,NULL,NULL
292,DE,EUR,28,0,0,5,2013-05-11 11:32:25,Unknown,NULL,NULL
1577,UK,GBP,349,0,13,4.86,2023-11-02 13:30:40,i. 32+ years old,AUTO_SHADOW_BAN_SPAM_MODEL,0.01
2852,UK,GBP,212,0,2,4.94,2022-05-22 19:58:39,Unknown,NULL,0.00800000037997961
348,UK,GBP,3,0,0,5,2023-08-13 10:48:56,Unknown,NULL,0.023
3485,NL,EUR,71,1,1,4.92,2024-05-19 20:38:02,e. 20 - 22 years old,NULL,0.034
3394,UK,GBP,82,0,11,4.52,2022-03-13 17:09:44,Unknown,NULL,0.00600000005215406
526,FR,EUR,38,0,10,4.15,2021-05-15 22:09:59,Unknown,AUTO_SHADOW_BAN_SPAM_MODEL,0.00600000005215406
630,UK,GBP,79,1,2,4.88,2023-04-27 20:16:51,Unknown,NULL,0.012
2581,IT,EUR,637,8,33,4.75,2021-01-20 7:42:09,Unknown,AUTO_SHADOW_BAN_SPAM_MODEL,0.00600000005215406
1879,DE,EUR,2,0,0,5,2015-11-23 21:06:16,Unknown,NULL,NULL
1670,DE,EUR,2,0,0,5,2015-11-23 21:06:16,Unknown,NULL,NULL
3511,DE,EUR,0,0,0,NULL,2019-07-18 10:06:23,Unknown,NULL,NULL
2140,DE,EUR,0,0,0,NULL,2019-07-18 10:06:23,Unknown,NULL,NULL
459,FR,EUR,903,4,13,4.92,2019-01-27 20:53:54,Unknown,NULL,0.00600000005215406
2760,FR,EUR,3450,15,32,4.95,2017-10-06 9:48:15,h. 30 - 31 years old,AUTO_PHISHING_ITEM_URL_REVIEW,0.00600000005215406
1898,FR,EUR,3450,15,32,4.95,2017-10-06 9:48:15,h. 30 - 31 years old,AUTO_PHISHING_ITEM_URL_REVIEW,0.00600000005215406
3335,UK,GBP,299,0,3,4.96,2020-10-02 20:37:43,i. 32+ years old,NULL,0.00600000005215406
732,UK,GBP,39,0,0,5,2022-10-10 8:41:02,Unknown,NULL,0.007
2382,UK,GBP,128,0,8,4.75,2021-06-10 20:34:15,Unknown,NULL,0.00600000005215406
864,UK,GBP,947,6,19,4.9,2022-02-26 0:23:30,Unknown,NULL,0.0350000001490116
2348,UK,GBP,194,0,5,4.88,2022-02-09 15:23:19,Unknown,NULL,0.0199999995529651
1847,UK,GBP,194,0,5,4.88,2022-02-09 15:23:19,Unknown,NULL,0.0199999995529651
2755,UK,GBP,540,1,5,4.95,2023-01-11 8:54:29,i. 32+ years old,NULL,0.011
3519,ES,EUR,279,2,3,4.92,2021-01-24 13:13:19,i. 32+ years old,AUTO_SHADOW_BAN_SPAM_MODEL,0.00600000005215406
3494,IT,EUR,89,0,0,4.98,2021-11-14 10:25:20,Unknown,NULL,0.00800000037997961
897,IT,EUR,89,0,0,4.98,2021-11-14 10:25:20,Unknown,NULL,0.00800000037997961
3239,NL,EUR,9,0,0,5,2022-10-22 18:38:13,Unknown,NULL,0.014
1600,UK,GBP,129,0,0,4.98,2021-11-13 1:22:21,f. 23 - 26 years old,NULL,0.0280000008642673
1754,UK,GBP,40,0,0,5,2023-05-01 18:32:25,Unknown,NULL,0.015
2561,FR,EUR,1917,9,26,4.92,2018-02-27 18:40:49,i. 32+ years old,NULL,0.00600000005215406
2462,FR,EUR,1917,9,26,4.92,2018-02-27 18:40:49,i. 32+ years old,NULL,0.00600000005215406
2047,ES,EUR,0,0,0,NULL,2024-01-11 16:56:21,Unknown,NULL,0.022
1614,PL,PLN,0,0,0,NULL,2024-03-15 12:51:15,Unknown,NULL,0.077
48,UK,GBP,9,0,4,3.77,2023-08-11 13:10:03,Unknown,NULL,0.03
679,UK,GBP,39,0,8,4.32,2024-01-12 9:05:46,i. 32+ years old,NULL,0.382
2717,UK,GBP,1,0,0,5,2022-11-11 2:40:23,Unknown,AUTO_SHADOW_BAN_MEMBER_SCORE,0.055
667,UK,GBP,42,0,1,4.91,2021-11-29 8:46:19,e. 20 - 22 years old,NULL,0.00999999977648258
353,UK,GBP,42,0,1,4.91,2021-11-29 8:46:19,e. 20 - 22 years old,NULL,0.00999999977648258
3683,PL,PLN,0,0,0,NULL,2018-03-17 20:47:45,Unknown,NULL,NULL
2761,PL,PLN,0,0,0,NULL,2018-03-17 20:47:45,Unknown,NULL,NULL
1916,PL,PLN,0,0,0,NULL,2018-03-17 20:47:45,Unknown,NULL,NULL
1290,PL,PLN,0,0,0,NULL,2018-03-17 20:47:45,Unknown,NULL,NULL
191,PL,PLN,0,0,0,NULL,2018-03-17 20:47:45,Unknown,NULL,NULL
1283,UK,GBP,174,1,15,4.68,2023-08-01 20:45:34,f. 23 - 26 years old,AUTO_SHADOW_BAN_SPAM_MODEL,0.008
3248,UK,GBP,6,0,0,5,2024-07-01 9:13:37,Unknown,NULL,0.017
1951,UK,GBP,714,9,16,4.88,2021-06-16 8:57:50,Unknown,AUTO_SHADOW_BAN_SPAM_MODEL,0.00600000005215406
365,NL,EUR,13,0,0,5,2019-09-29 14:19:42,i. 32+ years old,NULL,0.00600000005215406
3651,FR,EUR,880,1,0,4.99,2021-02-25 20:05:24,i. 32+ years old,NULL,0.00600000005215406
222,UK,GBP,283,1,0,4.99,2022-09-06 11:15:44,Unknown,NULL,0.0130000002682209
1420,UK,GBP,227,0,0,5,2022-01-22 21:42:05,Unknown,NULL,0.00600000005215406
1405,UK,GBP,227,0,0,5,2022-01-22 21:42:05,Unknown,NULL,0.00600000005215406
2178,SE,SEK,30,0,1,4.87,2024-02-11 15:43:35,Unknown,NULL,0.006
574,PT,EUR,21,0,0,4.95,2023-10-03 8:47:08,Unknown,NULL,0.016
3683,DE,EUR,4,0,0,5,2013-05-08 16:57:06,Unknown,NULL,NULL
2761,DE,EUR,4,0,0,5,2013-05-08 16:57:06,Unknown,NULL,NULL
1916,DE,EUR,4,0,0,5,2013-05-08 16:57:06,Unknown,NULL,NULL
1290,DE,EUR,4,0,0,5,2013-05-08 16:57:06,Unknown,NULL,NULL
191,DE,EUR,4,0,0,5,2013-05-08 16:57:06,Unknown,NULL,NULL
2429,BE,EUR,231,2,9,4.83,2019-02-21 16:32:24,Unknown,NULL,0.00600000005215406
2498,IT,EUR,174,0,2,4.95,2022-01-31 21:00:56,Unknown,NULL,0.0160000007599592
2203,IT,EUR,174,0,2,4.95,2022-01-31 21:00:56,Unknown,NULL,0.0160000007599592
1132,UK,GBP,44,0,0,5,2021-07-25 9:04:49,Unknown,NULL,0.00600000005215406
872,UK,GBP,345,0,5,4.93,2022-06-17 5:59:19,Unknown,NULL,0.0140000004321336
1100,UK,GBP,257,2,50,4.32,2022-10-22 17:53:58,Unknown,NULL,0.008
2211,UK,GBP,259,1,3,4.94,2022-06-09 18:27:06,i. 32+ years old,NULL,0.0089999996125698
3516,UK,GBP,139,2,5,4.83,2022-08-24 11:53:10,Unknown,BLOCK_2PROFILES,0.0130000002682209
40,FR,EUR,757,4,4,4.94,2017-07-24 18:57:37,b. 13 - 15 years old,NULL,0.00600000005215406
2381,FR,EUR,783,5,10,4.91,2017-01-26 8:15:23,i. 32+ years old,ACCOUNT_COMPROMISED,0.00600000005215406
642,FR,EUR,132,0,2,4.93,2017-05-15 19:19:00,Unknown,NULL,0.00600000005215406
2953,UK,GBP,1345,7,45,4.84,2021-11-29 21:08:28,e. 20 - 22 years old,BLOCK_2PROFILES,0.0199999995529651
1003,UK,GBP,1345,7,45,4.84,2021-11-29 21:08:28,e. 20 - 22 years old,BLOCK_2PROFILES,0.0199999995529651
2048,UK,GBP,57,0,0,4.98,2021-10-30 9:34:16,i. 32+ years old,NULL,0.0089999996125698
2787,NL,EUR,4,0,0,5,2024-03-20 19:57:33,Unknown,NULL,0.011
2356,IT,EUR,671,2,2,4.96,2021-08-10 6:17:19,Unknown,NULL,0.00600000005215406
1994,UK,GBP,3,0,0,5,2022-12-30 12:30:01,Unknown,NULL,0.007
2663,UK,GBP,1480,1,4,4.98,2023-02-28 13:22:01,Unknown,AUTO_SHADOW_BAN_SPAM_MODEL,0.008
1153,ES,EUR,1,0,0,5,2023-04-20 22:00:41,Unknown,NULL,0.012
2935,UK,GBP,40,0,0,5,2024-01-29 10:40:13,e. 20 - 22 years old,NULL,0.048
496,FR,EUR,264,1,7,4.87,2019-04-27 7:19:22,Unknown,NULL,0.00600000005215406
1223,UK,GBP,11,0,0,5,2022-01-01 16:41:23,Unknown,NULL,0.00600000005215406
1006,UK,GBP,11,0,0,5,2022-01-01 16:41:23,Unknown,NULL,0.00600000005215406
3351,NL,EUR,50,0,5,4.58,2020-01-22 20:02:12,e. 20 - 22 years old,NULL,0.00600000005215406
364,UK,GBP,44,0,1,4.91,2022-11-30 12:06:53,g. 27 - 29 years old,NULL,0.008
3404,DE,EUR,0,0,0,NULL,2013-12-08 23:00:35,Unknown,NULL,NULL
2232,DE,EUR,0,0,0,NULL,2013-12-08 23:00:35,Unknown,NULL,NULL
2073,DE,EUR,0,0,0,NULL,2013-12-08 23:00:35,Unknown,NULL,NULL
1094,DE,EUR,0,0,0,NULL,2013-12-08 23:00:35,Unknown,NULL,NULL
571,DE,EUR,0,0,0,NULL,2013-12-08 23:00:35,Unknown,NULL,NULL
477,DE,EUR,0,0,0,NULL,2013-12-08 23:00:35,Unknown,NULL,NULL
420,DE,EUR,0,0,0,NULL,2013-12-08 23:00:35,Unknown,NULL,NULL
19,DE,EUR,0,0,0,NULL,2013-12-08 23:00:35,Unknown,NULL,NULL
851,UK,GBP,178,0,1,4.98,2021-04-24 6:48:54,Unknown,NULL,0.00600000005215406
1369,UK,GBP,44,0,0,5,2022-05-26 15:32:47,e. 20 - 22 years old,NULL,0.00999999977648258
508,SE,SEK,127,1,0,4.98,2023-02-18 19:02:02,Unknown,NULL,0.013
1662,NL,EUR,50,1,4,4.62,2022-01-05 13:37:41,Unknown,NULL,0.00700000021606683
774,NL,EUR,50,1,4,4.62,2022-01-05 13:37:41,Unknown,NULL,0.00700000021606683
3513,FR,EUR,0,0,0,0,2024-01-10 23:30:29,Unknown,NULL,0.009
1871,PL,PLN,15,0,0,5,2022-02-10 6:05:37,Unknown,NULL,NULL
288,PL,PLN,15,0,0,5,2022-02-10 6:05:37,Unknown,NULL,NULL
1871,FR,EUR,98,0,3,4.87,2015-12-28 13:39:51,Unknown,NULL,0.00600000005215406
288,FR,EUR,98,0,3,4.87,2015-12-28 13:39:51,Unknown,NULL,0.00600000005215406
1622,FR,EUR,29,0,1,4.87,2020-10-15 11:22:51,Unknown,NULL,0.00600000005215406
184,UK,GBP,19,0,0,5,2023-01-09 21:27:47,Unknown,NULL,0.038
720,UK,GBP,203,0,2,4.96,2023-10-23 13:33:16,Unknown,AUTO_SHADOW_BAN_SPAM_MODEL,0.112
3321,FR,EUR,36,0,0,4.97,2024-07-23 8:49:40,Unknown,AUTO_SHADOW_BAN_MSG_SIMILARITY,0.053
3393,UK,GBP,0,0,0,NULL,2014-08-10 14:14:48,Unknown,NULL,NULL
2975,UK,GBP,0,0,0,NULL,2014-08-10 14:14:48,Unknown,NULL,NULL
2684,UK,GBP,0,0,0,NULL,2014-08-10 14:14:48,Unknown,NULL,NULL
2041,UK,GBP,0,0,0,NULL,2014-08-10 14:14:48,Unknown,NULL,NULL
1708,UK,GBP,0,0,0,NULL,2014-08-10 14:14:48,Unknown,NULL,NULL
1239,UK,GBP,0,0,0,NULL,2014-08-10 14:14:48,Unknown,NULL,NULL
819,UK,GBP,0,0,0,NULL,2014-08-10 14:14:48,Unknown,NULL,NULL
362,UK,GBP,0,0,0,NULL,2014-08-10 14:14:48,Unknown,NULL,NULL
211,UK,GBP,0,0,0,NULL,2014-08-10 14:14:48,Unknown,NULL,NULL
3148,NL,EUR,15,1,2,4.44,2020-08-31 17:55:31,Unknown,NULL,0.00600000005215406
683,UK,GBP,51,0,0,5,2023-05-04 16:27:11,g. 27 - 29 years old,NULL,0.011
2361,NL,EUR,3,0,1,4,2024-07-23 9:23:51,Unknown,NULL,0.01
2481,NL,EUR,150,1,3,4.89,2022-01-24 17:26:09,Unknown,NULL,0.0109999999403953
2004,NL,EUR,150,1,3,4.89,2022-01-24 17:26:09,Unknown,NULL,0.0109999999403953
2475,UK,GBP,22,0,0,5,2024-01-31 15:43:45,Unknown,NULL,0.019
586,UK,GBP,31,1,3,4.57,2022-11-30 0:54:59,e. 20 - 22 years old,AUTO_SHADOW_BAN_SPAM_MODEL,0.011
1024,FR,EUR,117,0,1,4.96,2023-04-07 22:51:23,Unknown,AUTO_SHADOW_BAN_SPAM_MODEL,0.138
252,UK,GBP,0,0,0,NULL,2024-09-16 17:29:48,Unknown,NULL,0.007
464,FR,EUR,98,2,1,4.9,2018-09-09 12:12:07,Unknown,NULL,0.00600000005215406
2460,FR,EUR,192,4,13,4.69,2019-06-08 9:20:26,i. 32+ years old,NULL,0.00600000005215406
1605,UK,GBP,148,0,3,4.92,2019-04-17 21:00:27,d. 17 - 19 years old,NULL,0.00600000005215406
145,UK,GBP,95,0,4,4.83,2022-04-11 10:08:38,Unknown,NULL,0.0120000001043081
2326,NL,EUR,7,0,0,5,2022-10-22 21:32:14,Unknown,NULL,0.011
2162,UK,GBP,264,0,3,4.96,2023-03-21 15:45:44,d. 17 - 19 years old,NULL,0.015
2851,FR,EUR,764,2,21,4.88,2017-10-30 15:26:31,d. 17 - 19 years old,NULL,0.00600000005215406
1828,FR,EUR,764,2,21,4.88,2017-10-30 15:26:31,d. 17 - 19 years old,NULL,0.00600000005215406
475,FR,EUR,87,0,2,4.89,2018-03-11 16:57:54,Unknown,NULL,0.00600000005215406
1446,UK,GBP,76,0,0,5,2021-02-17 14:40:16,Unknown,NULL,0.00600000005215406
743,NL,EUR,108,0,0,4.96,2020-10-16 16:42:13,Unknown,NULL,0.00600000005215406
2716,UK,GBP,0,0,0,0,2024-07-27 21:04:53,Unknown,NULL,0.014
3586,DE,EUR,0,0,0,NULL,2015-10-08 10:58:32,Unknown,NULL,NULL
3488,DE,EUR,0,0,0,NULL,2015-10-08 10:58:32,Unknown,NULL,NULL
3667,UK,GBP,225,0,1,4.98,2023-03-26 16:54:31,h. 30 - 31 years old,NULL,0.013
25,UK,GBP,5,0,0,5,2024-06-27 9:25:32,Unknown,NULL,0.01
127,FR,EUR,140,0,0,4.98,2024-02-22 16:06:27,Unknown,AUTO_SHADOW_BAN_MSG_SIMILARITY,0.593
146,UK,GBP,71,0,13,4.38,2024-08-11 19:59:04,Unknown,NULL,0.017
3390,DE,EUR,2,0,0,5,2017-02-01 15:31:54,Unknown,NULL,NULL
1519,DE,EUR,2,0,0,5,2017-02-01 15:31:54,Unknown,NULL,NULL
1633,UK,GBP,19,0,0,5,2021-05-25 9:25:37,Unknown,NULL,0.00600000005215406
3330,UK,GBP,73,0,11,4.48,2022-10-18 17:59:26,e. 20 - 22 years old,NULL,0.015
768,FR,EUR,24,0,3,4.59,2022-02-18 13:46:11,Unknown,AUTO_SHADOW_BAN_SPAM_MODEL,0.195999994874
198,FR,EUR,24,0,3,4.59,2022-02-18 13:46:11,Unknown,AUTO_SHADOW_BAN_SPAM_MODEL,0.195999994874
3459,BE,EUR,101,0,1,4.96,2020-02-10 12:15:33,Unknown,AUTO_SHADOW_BAN_SPAM_MODEL,0.00600000005215406
3235,UK,GBP,40,0,0,5,2023-03-21 19:05:05,Unknown,NULL,0.03
334,UK,GBP,0,0,0,NULL,2024-07-30 13:56:57,Unknown,SCAM_OTHER,0.672
1517,IT,EUR,52,0,0,5,2021-10-31 20:19:56,d. 17 - 19 years old,NULL,0.0140000004321336
2820,UK,GBP,11,0,0,5,2022-12-15 21:50:40,d. 17 - 19 years old,NULL,0.011
1903,UK,GBP,622,0,4,4.96,2019-10-29 22:57:55,i. 32+ years old,NULL,0.00600000005215406
1308,UK,GBP,622,0,4,4.96,2019-10-29 22:57:55,i. 32+ years old,NULL,0.00600000005215406
890,UK,GBP,40,0,0,5,2023-09-02 21:42:17,Unknown,NULL,0.011
3400,US,USD,0,0,0,NULL,2015-10-31 19:33:29,Unknown,NULL,NULL
3364,US,USD,0,0,0,NULL,2015-10-31 19:33:29,Unknown,NULL,NULL
1197,UK,GBP,58,0,1,4.93,2021-05-05 15:12:34,Unknown,NULL,0.00600000005215406
1695,FR,EUR,25,0,0,5,2023-05-09 3:43:03,d. 17 - 19 years old,NULL,0.056
3393,DE,EUR,0,0,0,NULL,2014-09-11 16:07:53,Unknown,NULL,NULL
2975,DE,EUR,0,0,0,NULL,2014-09-11 16:07:53,Unknown,NULL,NULL
2684,DE,EUR,0,0,0,NULL,2014-09-11 16:07:53,Unknown,NULL,NULL
2041,DE,EUR,0,0,0,NULL,2014-09-11 16:07:53,Unknown,NULL,NULL
1708,DE,EUR,0,0,0,NULL,2014-09-11 16:07:53,Unknown,NULL,NULL
1239,DE,EUR,0,0,0,NULL,2014-09-11 16:07:53,Unknown,NULL,NULL
819,DE,EUR,0,0,0,NULL,2014-09-11 16:07:53,Unknown,NULL,NULL
362,DE,EUR,0,0,0,NULL,2014-09-11 16:07:53,Unknown,NULL,NULL
211,DE,EUR,0,0,0,NULL,2014-09-11 16:07:53,Unknown,NULL,NULL
3359,UK,GBP,14,0,0,5,2022-08-21 14:26:20,Unknown,NULL,0.0109999999403953
3477,FR,EUR,0,0,0,0,2024-02-27 14:12:47,Unknown,NULL,0.071
921,UK,GBP,27,0,4,4.45,2022-08-10 19:34:09,e. 20 - 22 years old,NULL,0.0130000002682209
592,IT,EUR,213,0,0,4.99,2022-11-20 17:35:32,Unknown,SHADOW_BAN_SPAM,0.055
1940,UK,GBP,7,0,2,4.11,2023-04-17 18:23:20,Unknown,NULL,0.128
3641,UK,GBP,3,0,0,5,2023-03-26 15:34:38,Unknown,NULL,0.006
154,FR,EUR,38,0,8,4.28,2019-03-03 7:13:06,Unknown,NULL,0.00600000005215406
104,FR,EUR,151,1,2,4.92,2019-04-09 19:59:04,d. 17 - 19 years old,NULL,0.00600000005215406
1758,UK,GBP,24,0,0,5,2020-04-12 17:02:07,Unknown,NULL,NULL
3484,FR,EUR,24,0,0,5,2023-01-14 20:18:40,Unknown,NULL,0.025
2727,UK,GBP,58,0,0,5,2023-01-17 17:58:47,Unknown,NULL,0.01
3308,UK,GBP,295,0,0,5,2023-11-25 15:40:01,i. 32+ years old,BANK_ST_BLOCKED,0.014
1890,UK,GBP,24,0,0,5,2024-08-11 16:33:37,Unknown,NULL,0.015
1767,UK,GBP,79,0,1,4.93,2021-08-23 13:02:37,c. 16 - 16 years old,NULL,0.00600000005215406
2861,UK,GBP,304,1,1,4.97,2022-07-31 21:13:16,Unknown,NULL,0.0149999996647238
3669,UK,GBP,112,0,0,4.99,2022-08-25 21:51:36,Unknown,NULL,0.0149999996647238
1353,UK,GBP,644,5,44,4.72,2020-11-20 23:32:03,Unknown,SMOKING_ITEMS_BLOCK,0.00600000005215406
1740,UK,GBP,940,4,3,4.97,2021-11-14 9:53:46,i. 32+ years old,NULL,0.0379999987781047
2229,FR,EUR,122,0,3,4.9,2023-10-22 13:15:34,i. 32+ years old,NULL,0.007
1072,UK,GBP,8,0,5,3.38,2023-07-06 16:12:03,Unknown,NULL,0.067
482,UK,GBP,127,0,1,4.96,2024-04-10 3:26:10,e. 20 - 22 years old,NULL,0.011
3608,UK,GBP,507,3,1,4.96,2023-07-20 15:15:07,Unknown,NULL,0.01
3404,CZ,CZK,0,0,0,NULL,2014-01-03 18:40:39,Unknown,NULL,NULL
2232,CZ,CZK,0,0,0,NULL,2014-01-03 18:40:39,Unknown,NULL,NULL
2073,CZ,CZK,0,0,0,NULL,2014-01-03 18:40:39,Unknown,NULL,NULL
1094,CZ,CZK,0,0,0,NULL,2014-01-03 18:40:39,Unknown,NULL,NULL
571,CZ,CZK,0,0,0,NULL,2014-01-03 18:40:39,Unknown,NULL,NULL
477,CZ,CZK,0,0,0,NULL,2014-01-03 18:40:39,Unknown,NULL,NULL
420,CZ,CZK,0,0,0,NULL,2014-01-03 18:40:39,Unknown,NULL,NULL
19,CZ,CZK,0,0,0,NULL,2014-01-03 18:40:39,Unknown,NULL,NULL
1320,FR,EUR,42,0,0,4.98,2019-10-28 15:39:31,i. 32+ years old,NULL,0.00600000005215406
1873,UK,GBP,144,1,0,4.99,2021-12-03 8:01:53,Unknown,NULL,0.0379999987781047
385,UK,GBP,144,1,0,4.99,2021-12-03 8:01:53,Unknown,NULL,0.0379999987781047
3120,UK,GBP,237,0,1,4.98,2022-06-26 14:45:29,Unknown,NULL,0.00600000005215406
2268,UK,GBP,1148,2,5,4.97,2023-08-18 15:24:16,Unknown,NULL,0.016
133,UK,GBP,173,0,1,4.98,2023-10-23 8:38:11,Unknown,NULL,0.012
1625,UK,GBP,30,0,0,5,2021-11-04 11:18:41,Unknown,NULL,0.0120000001043081
2298,UK,GBP,157,0,3,4.93,2022-11-28 22:16:12,Unknown,NULL,0.098
3507,FR,EUR,73,0,0,4.99,2016-07-26 17:20:18,f. 23 - 26 years old,NULL,0.00600000005215406
1784,FR,EUR,1621,2,2,4.99,2023-03-10 13:23:38,g. 27 - 29 years old,AUTO_SHADOW_BAN_MSG_SIMILARITY,0.016
3409,IT,EUR,88,0,9,4.63,2021-08-13 14:06:53,Unknown,NULL,0.00600000005215406
947,IT,EUR,88,0,9,4.63,2021-08-13 14:06:53,Unknown,NULL,0.00600000005215406
2334,FR,EUR,326,0,4,4.95,2023-06-15 12:16:52,i. 32+ years old,AUTO_SHADOW_BAN_SPAM_MODEL,0.019
1959,FR,EUR,288,4,16,4.75,2017-11-20 17:16:05,e. 20 - 22 years old,NULL,0.00600000005215406
736,FR,EUR,288,4,16,4.75,2017-11-20 17:16:05,e. 20 - 22 years old,NULL,0.00600000005215406
2905,DE,EUR,31,0,0,4.97,2011-09-28 11:47:37,Unknown,NULL,NULL
2323,DE,EUR,31,0,0,4.97,2011-09-28 11:47:37,Unknown,NULL,NULL
2024,DE,EUR,31,0,0,4.97,2011-09-28 11:47:37,Unknown,NULL,NULL
1450,DE,EUR,31,0,0,4.97,2011-09-28 11:47:37,Unknown,NULL,NULL
1345,DE,EUR,31,0,0,4.97,2011-09-28 11:47:37,Unknown,NULL,NULL
1026,DE,EUR,31,0,0,4.97,2011-09-28 11:47:37,Unknown,NULL,NULL
996,DE,EUR,31,0,0,4.97,2011-09-28 11:47:37,Unknown,NULL,NULL
2655,DE,EUR,21,0,1,4.77,2014-06-13 15:12:02,Unknown,NULL,NULL
1506,DE,EUR,21,0,1,4.77,2014-06-13 15:12:02,Unknown,NULL,NULL
483,DE,EUR,21,0,1,4.77,2014-06-13 15:12:02,Unknown,NULL,NULL
44,DE,EUR,21,0,1,4.77,2014-06-13 15:12:02,Unknown,NULL,NULL
2163,FR,EUR,16,0,6,3.91,2022-09-04 0:29:19,Unknown,NULL,0.026
2414,NL,EUR,69,0,1,4.86,2020-05-13 6:26:49,e. 20 - 22 years old,NULL,0.00600000005215406
1187,PL,PLN,1,0,0,5,2024-02-10 12:41:31,Unknown,NULL,0.008
254,UK,GBP,26,0,0,5,2022-06-16 21:21:35,f. 23 - 26 years old,NULL,0.0089999996125698
581,FR,EUR,186,1,4,4.89,2022-10-11 15:22:23,i. 32+ years old,AUTO_PHISHING_SPAM_MODEL_REVIEW,0.850000023841857
1843,PL,PLN,61,0,4,4.75,2023-05-14 7:20:15,d. 17 - 19 years old,NULL,0.09
161,UK,GBP,228,1,2,4.95,2023-08-29 6:21:13,i. 32+ years old,NULL,0.011
2109,FR,EUR,779,7,27,4.84,2017-02-02 20:17:08,h. 30 - 31 years old,INCOMPLETE_ORDER2,0.00600000005215406
1726,FR,EUR,779,7,27,4.84,2017-02-02 20:17:08,h. 30 - 31 years old,INCOMPLETE_ORDER2,0.00600000005215406
2080,UK,GBP,26,0,0,5,2021-11-15 22:10:22,Unknown,NULL,0.0130000002682209
1949,UK,GBP,26,0,0,5,2021-11-15 22:10:22,Unknown,NULL,0.0130000002682209
2767,US,USD,0,0,0,NULL,2019-03-27 5:02:35,Unknown,NULL,NULL
966,US,USD,0,0,0,NULL,2019-03-27 5:02:35,Unknown,NULL,NULL
2805,FR,EUR,35,0,4,4.54,2013-06-16 17:00:14,e. 20 - 22 years old,NULL,0.00600000005215406
1819,FR,EUR,35,0,4,4.54,2013-06-16 17:00:14,e. 20 - 22 years old,NULL,0.00600000005215406
1809,FR,EUR,35,0,4,4.54,2013-06-16 17:00:14,e. 20 - 22 years old,NULL,0.00600000005215406
1158,FR,EUR,35,0,4,4.54,2013-06-16 17:00:14,e. 20 - 22 years old,NULL,0.00600000005215406
894,FR,EUR,35,0,4,4.54,2013-06-16 17:00:14,e. 20 - 22 years old,NULL,0.00600000005215406
787,FR,EUR,35,0,4,4.54,2013-06-16 17:00:14,e. 20 - 22 years old,NULL,0.00600000005215406
315,FR,EUR,35,0,4,4.54,2013-06-16 17:00:14,e. 20 - 22 years old,NULL,0.00600000005215406
2816,NL,EUR,161,0,10,4.74,2021-06-29 13:27:26,Unknown,NULL,0.00600000005215406
87,UK,GBP,55,0,0,4.96,2022-11-24 19:00:59,Unknown,NULL,0.007
2988,FR,EUR,313,1,6,4.91,2023-02-25 10:40:59,Unknown,NULL,0.011
2276,UK,GBP,167,0,0,4.99,2021-03-27 13:46:06,Unknown,NULL,0.00600000005215406
3680,UK,GBP,141,2,0,4.96,2021-09-18 13:55:23,Unknown,NULL,0.00600000005215406
2737,FR,EUR,159,0,1,4.96,2023-10-30 14:32:15,Unknown,AUTO_SHADOW_BAN_SPAM_MODEL,0.011
2980,UK,GBP,95,0,3,4.87,2023-11-12 13:50:38,i. 32+ years old,NULL,0.006
1324,UK,GBP,11,0,0,5,2023-02-21 23:09:20,Unknown,NULL,0.017
1408,FR,EUR,21,0,1,4.82,2024-03-01 8:53:46,Unknown,AUTO_SHADOW_BAN_MEMBER_SCORE,0.592
1529,UK,GBP,86,0,1,4.95,2023-10-01 20:17:29,Unknown,NULL,0.025
2187,PL,PLN,621,3,17,4.87,2019-10-28 7:50:48,Unknown,NULL,0.00600000005215406
3132,BE,EUR,55,0,0,4.98,2024-01-20 9:35:16,Unknown,AUTO_SHADOW_BAN_MSG_SIMILARITY,0.014
2846,UK,GBP,108,0,0,4.99,2021-10-16 7:36:17,Unknown,NULL,0.00600000005215406
102,FR,EUR,144,1,2,4.93,2016-01-06 13:03:04,Unknown,NULL,0.00600000005215406
3537,FR,EUR,1254,3,56,4.81,2018-11-17 21:17:59,d. 17 - 19 years old,SHIPPING_SCAM,0.00600000005215406
3198,UK,GBP,613,1,53,4.67,2021-01-06 18:58:38,f. 23 - 26 years old,NULL,0.00600000005215406
2905,US,USD,0,0,0,NULL,2013-12-04 20:11:05,Unknown,NULL,NULL
2323,US,USD,0,0,0,NULL,2013-12-04 20:11:05,Unknown,NULL,NULL
2024,US,USD,0,0,0,NULL,2013-12-04 20:11:05,Unknown,NULL,NULL
1450,US,USD,0,0,0,NULL,2013-12-04 20:11:05,Unknown,NULL,NULL
1345,US,USD,0,0,0,NULL,2013-12-04 20:11:05,Unknown,NULL,NULL
1026,US,USD,0,0,0,NULL,2013-12-04 20:11:05,Unknown,NULL,NULL
996,US,USD,0,0,0,NULL,2013-12-04 20:11:05,Unknown,NULL,NULL
1850,IT,EUR,44,0,1,4.87,2021-03-23 7:13:03,Unknown,NULL,0.00600000005215406
2877,UK,GBP,62,0,0,5,2022-02-14 12:35:40,i. 32+ years old,NULL,0.00499999988824129
2291,UK,GBP,62,0,0,5,2022-02-14 12:35:40,i. 32+ years old,NULL,0.00499999988824129
3464,UK,GBP,20,0,0,5,2022-08-31 18:41:34,Unknown,NULL,0.0130000002682209
3110,UK,GBP,109,0,0,4.99,2021-05-03 9:02:00,i. 32+ years old,NULL,0.00600000005215406
1655,UK,GBP,918,1,2,4.99,2022-02-27 21:38:14,Unknown,NULL,0.00999999977648258
476,UK,GBP,2,0,0,5,2022-03-12 17:42:22,Unknown,NULL,0.00600000005215406
2332,DE,EUR,0,0,0,NULL,2018-01-12 20:20:14,Unknown,NULL,NULL
1226,DE,EUR,0,0,0,NULL,2018-01-12 20:20:14,Unknown,NULL,NULL
2626,UK,GBP,682,0,18,4.9,2021-05-22 12:19:01,Unknown,AUTO_SHADOW_BAN_SPAM_MODEL,0.00600000005215406
3699,UK,GBP,456,0,11,4.9,2022-03-16 7:36:28,Unknown,NULL,0.00999999977648258
2916,UK,GBP,2,0,0,5,2024-05-20 17:01:08,Unknown,NULL,0.029
2763,FR,EUR,6,0,1,4.43,2024-03-08 16:58:47,e. 20 - 22 years old,NULL,0.007
2473,PT,EUR,1,0,0,5,2024-07-27 11:31:10,e. 20 - 22 years old,AUTO_SHADOW_BAN_MSG_SIMILARITY,0.008
467,IT,EUR,2,0,0,5,2023-09-03 18:32:36,Unknown,NULL,0.025
434,FR,EUR,5,0,0,5,2019-03-02 11:46:44,Unknown,NULL,0.00600000005215406
1129,FR,EUR,226,3,8,4.83,2019-05-08 14:33:49,d. 17 - 19 years old,NULL,0.00600000005215406
2340,UK,GBP,215,0,6,4.89,2022-06-14 11:55:19,h. 30 - 31 years old,NULL,0.0140000004321336
1330,UK,GBP,75,0,1,4.93,2021-04-14 20:18:09,Unknown,NULL,0.00600000005215406
2678,UK,GBP,145,0,0,5,2021-02-06 19:51:00,g. 27 - 29 years old,NULL,NULL
652,UK,GBP,4,0,0,5,2023-09-06 19:24:18,Unknown,NULL,0.062
2779,UK,GBP,20,0,1,4.81,2024-04-08 12:00:36,f. 23 - 26 years old,NULL,0.009
2325,UK,GBP,451,2,8,4.9,2017-03-17 17:39:34,d. 17 - 19 years old,NULL,0.00600000005215406
1765,UK,GBP,739,5,16,4.89,2022-03-01 20:35:23,Unknown,AUTO_SHADOW_BAN_MEMBER_SCORE,0.298000007867813
712,UK,GBP,78,0,2,4.88,2022-11-06 10:06:53,Unknown,NULL,0.006
2384,DE,EUR,0,0,0,NULL,2020-11-05 10:13:43,Unknown,NULL,NULL
1635,DE,EUR,0,0,0,NULL,2020-11-05 10:13:43,Unknown,NULL,NULL
1724,UK,GBP,66,0,1,4.94,2021-12-27 16:53:50,Unknown,NULL,0.0109999999403953
746,UK,GBP,66,0,1,4.94,2021-12-27 16:53:50,Unknown,NULL,0.0109999999403953
589,UK,GBP,30,0,0,5,2023-03-13 18:55:46,Unknown,AUTO_SHADOW_BAN_MEMBER_SCORE,0.007
3111,UK,GBP,2,0,0,5,2022-06-10 13:17:39,i. 32+ years old,NULL,0.009
3093,UK,GBP,32,0,3,4.6,2022-10-28 20:33:06,Unknown,NULL,0.014
2758,UK,GBP,32,0,0,5,2024-06-29 15:35:04,g. 27 - 29 years old,AUTO_SHADOW_BAN_MEMBER_SCORE,0.011
2805,CZ,CZK,0,0,0,NULL,2014-06-19 20:07:45,Unknown,NULL,NULL
1819,CZ,CZK,0,0,0,NULL,2014-06-19 20:07:45,Unknown,NULL,NULL
1809,CZ,CZK,0,0,0,NULL,2014-06-19 20:07:45,Unknown,NULL,NULL
1158,CZ,CZK,0,0,0,NULL,2014-06-19 20:07:45,Unknown,NULL,NULL
894,CZ,CZK,0,0,0,NULL,2014-06-19 20:07:45,Unknown,NULL,NULL
787,CZ,CZK,0,0,0,NULL,2014-06-19 20:07:45,Unknown,NULL,NULL
315,CZ,CZK,0,0,0,NULL,2014-06-19 20:07:45,Unknown,NULL,NULL
643,UK,GBP,128,1,0,4.98,2023-04-23 16:31:47,i. 32+ years old,NULL,0.01
3204,UK,GBP,20,0,0,5,2023-07-18 20:56:40,Unknown,NULL,0.016
3685,FR,EUR,242,0,6,4.89,2013-09-03 11:11:16,Unknown,NULL,0.00600000005215406
2892,FR,EUR,242,0,6,4.89,2013-09-03 11:11:16,Unknown,NULL,0.00600000005215406
2677,FR,EUR,242,0,6,4.89,2013-09-03 11:11:16,Unknown,NULL,0.00600000005215406
1256,FR,EUR,242,0,6,4.89,2013-09-03 11:11:16,Unknown,NULL,0.00600000005215406
805,FR,EUR,242,0,6,4.89,2013-09-03 11:11:16,Unknown,NULL,0.00600000005215406
518,FR,EUR,242,0,6,4.89,2013-09-03 11:11:16,Unknown,NULL,0.00600000005215406
2774,FR,EUR,345,2,2,4.96,2014-09-09 9:01:14,Unknown,NULL,0.00600000005215406
2136,FR,EUR,345,2,2,4.96,2014-09-09 9:01:14,Unknown,NULL,0.00600000005215406
993,FR,EUR,345,2,2,4.96,2014-09-09 9:01:14,Unknown,NULL,0.00600000005215406
898,FR,EUR,345,2,2,4.96,2014-09-09 9:01:14,Unknown,NULL,0.00600000005215406
830,FR,EUR,345,2,2,4.96,2014-09-09 9:01:14,Unknown,NULL,0.00600000005215406
292,FR,EUR,345,2,2,4.96,2014-09-09 9:01:14,Unknown,NULL,0.00600000005215406
2921,IT,EUR,43,0,0,4.93,2021-02-27 10:42:59,e. 20 - 22 years old,NULL,0.00600000005215406
479,UK,GBP,1,0,0,5,2023-12-12 11:54:12,Unknown,NULL,0.007
905,ES,EUR,20,0,3,4.48,2019-09-09 16:18:27,Unknown,NULL,0.00600000005215406
2800,FR,EUR,122,0,7,4.78,2024-06-01 10:29:07,i. 32+ years old,NULL,0.009
297,UK,GBP,21,0,2,4.65,2022-09-14 7:48:43,Unknown,NULL,0.014
2939,UK,GBP,591,0,4,4.97,2022-01-11 22:47:50,i. 32+ years old,NULL,0.00999999977648258
226,UK,GBP,591,0,4,4.97,2022-01-11 22:47:50,i. 32+ years old,NULL,0.00999999977648258
1817,IT,EUR,97,0,0,5,2021-11-19 10:23:19,Unknown,AUTO_SHADOW_BAN_SPAM_MODEL,0.0130000002682209
1343,IT,EUR,97,0,0,5,2021-11-19 10:23:19,Unknown,AUTO_SHADOW_BAN_SPAM_MODEL,0.0130000002682209
1293,IT,EUR,54,0,0,5,2021-01-18 19:52:01,Unknown,NULL,0.00600000005215406
3503,FR,EUR,387,2,8,4.88,2016-11-09 11:01:12,i. 32+ years old,NULL,0.00600000005215406
2389,FR,EUR,387,2,8,4.88,2016-11-09 11:01:12,i. 32+ years old,NULL,0.00600000005215406
1931,FR,EUR,446,2,4,4.95,2019-05-27 20:23:15,i. 32+ years old,NULL,0.00600000005215406
3123,FR,EUR,49,1,2,4.79,2023-12-28 21:42:08,Unknown,SHIPPING_SCAM,0.38
253,FR,EUR,23,0,0,5,2021-04-23 21:40:41,Unknown,NULL,0.00600000005215406
936,PL,PLN,112,0,1,4.97,2024-02-06 20:34:43,Unknown,AUTO_SHADOW_BAN_SPAM_MODEL,0.009
2665,PT,EUR,12,0,0,4.92,2021-12-04 8:30:21,i. 32+ years old,NULL,0.00600000005215406
2622,PT,EUR,12,0,0,4.92,2021-12-04 8:30:21,i. 32+ years old,NULL,0.00600000005215406
1262,UK,GBP,291,0,0,5,2024-04-20 17:29:14,i. 32+ years old,NULL,0.012
2523,UK,GBP,81,0,6,4.7,2024-07-13 16:23:02,Unknown,NULL,0.009
1142,DE,EUR,0,0,0,NULL,2020-10-02 5:06:24,Unknown,NULL,NULL
678,DE,EUR,0,0,0,NULL,2020-10-02 5:06:24,Unknown,NULL,NULL
437,DK,DKK,18,0,0,5,2023-09-05 15:11:01,Unknown,NULL,0.012
2990,UK,GBP,49,0,1,4.92,2024-06-19 23:15:06,Unknown,AUTO_SHADOW_BAN_MSG_SIMILARITY,0.00600000005215406
3066,ES,EUR,54,1,0,4.91,2023-02-04 7:52:44,Unknown,NULL,0.009
318,RO,RON,13,0,1,4.71,2023-11-26 18:18:07,i. 32+ years old,AUTO_PHISHING_IMAGE_REVIEW,0.013
2797,IT,EUR,7,0,0,5,2024-07-14 8:13:51,Unknown,NULL,0.008
2010,UK,GBP,256,0,14,4.79,2020-10-01 15:44:34,Unknown,NULL,0.00600000005215406
1884,DE,EUR,2,0,0,5,2015-11-15 17:18:54,Unknown,NULL,NULL
1170,DE,EUR,2,0,0,5,2015-11-15 17:18:54,Unknown,NULL,NULL
1204,UK,GBP,189,0,1,4.98,2023-11-22 19:36:42,Unknown,NULL,0.025
3276,UK,GBP,10,0,0,5,2021-01-01 22:00:01,Unknown,NULL,0.00600000005215406
708,UK,GBP,10,0,0,5,2021-01-01 22:00:01,Unknown,NULL,0.00600000005215406
2690,UK,GBP,27,2,5,4.26,2022-03-25 22:52:53,Unknown,NULL,0.0109999999403953
2781,UK,GBP,45,0,0,5,2023-12-23 23:28:12,f. 23 - 26 years old,NULL,0.006
2751,IT,EUR,0,0,0,0,2024-06-20 14:01:54,Unknown,NULL,0.283
3539,FR,EUR,80,2,8,4.58,2018-03-04 13:37:12,d. 17 - 19 years old,NULL,0.00600000005215406
2669,FR,EUR,80,2,8,4.58,2018-03-04 13:37:12,d. 17 - 19 years old,NULL,0.00600000005215406
2301,UK,GBP,72,0,0,5,2023-08-04 13:57:59,i. 32+ years old,NULL,0.013
2914,NL,EUR,153,0,1,4.93,2019-06-19 22:10:45,i. 32+ years old,NULL,0.00600000005215406
2814,UK,GBP,362,1,1,4.98,2022-05-29 20:02:54,f. 23 - 26 years old,NULL,0.0140000004321336
3003,FR,EUR,663,9,5,4.93,2019-02-14 17:43:38,i. 32+ years old,NULL,0.00600000005215406
1539,UK,GBP,179,0,3,4.91,2021-07-02 13:32:33,Unknown,AUTO_SHADOW_BAN_SPAM_MODEL,0.00600000005215406
1712,DE,EUR,0,0,0,NULL,2017-01-08 19:01:37,Unknown,NULL,NULL
566,DE,EUR,0,0,0,NULL,2017-01-08 19:01:37,Unknown,NULL,NULL
1101,UK,GBP,126,1,6,4.77,2021-06-06 16:54:36,Unknown,NULL,0.00600000005215406
3316,US,USD,0,0,0,NULL,2021-01-07 20:13:57,Unknown,NULL,NULL
466,US,USD,0,0,0,NULL,2021-01-07 20:13:57,Unknown,NULL,NULL
1382,FR,EUR,17,0,0,4.94,2022-10-09 10:51:34,Unknown,NULL,0.083
229,ES,EUR,25,0,3,4.54,2021-09-19 18:21:28,Unknown,NULL,0.00600000005215406
3247,SE,SEK,55,1,1,4.89,2023-09-24 7:50:53,Unknown,AUTO_SHADOW_BAN_SPAM_MODEL,0.01
1525,FR,EUR,88,0,2,4.89,2021-11-03 16:47:23,e. 20 - 22 years old,NULL,0.0170000009238719
2265,UK,GBP,66,0,0,4.97,2023-02-26 13:44:52,Unknown,AUTO_SHADOW_BAN_MSG_SIMILARITY,0.022
1292,UK,GBP,137,0,0,5,2023-02-05 8:21:14,Unknown,NULL,0.057
1706,UK,GBP,18,0,0,5,2023-08-11 22:19:22,Unknown,NULL,0.013
2214,UK,GBP,248,0,0,5,2021-04-05 15:53:40,Unknown,NULL,0.00600000005215406
69,UK,GBP,164,0,6,4.85,2021-05-11 7:44:09,Unknown,NULL,0.00600000005215406
498,UK,GBP,204,2,4,4.9,2021-02-19 15:20:11,d. 17 - 19 years old,NULL,0.00600000005215406
519,UK,GBP,92,0,7,4.72,2023-04-27 6:14:39,Unknown,NULL,0.013
22,IT,EUR,27,0,3,4.57,2021-09-19 13:49:51,c. 16 - 16 years old,NULL,0.00600000005215406
2064,UK,GBP,53,0,0,5,2021-05-08 20:22:08,Unknown,NULL,0.00600000005215406
841,PT,EUR,44,0,1,4.93,2022-02-13 6:22:05,Unknown,NULL,0.0179999992251396
306,PT,EUR,44,0,1,4.93,2022-02-13 6:22:05,Unknown,NULL,0.0179999992251396
484,FR,EUR,1,0,0,5,2023-11-19 16:07:12,Unknown,AUTO_SHADOW_BAN_MEMBER_SCORE,0.008
541,UK,GBP,55,0,0,5,2023-03-08 12:44:58,Unknown,NULL,0.011
1990,FR,EUR,135,1,7,4.77,2024-04-26 21:10:15,Unknown,AUTO_SHADOW_BAN_MSG_SIMILARITY,0.176
3430,UK,GBP,33,0,0,5,2024-05-04 15:54:46,i. 32+ years old,NULL,0.01
2486,UK,GBP,43,0,0,5,2021-02-26 11:18:38,Unknown,NULL,0.00600000005215406
2870,FR,EUR,147,1,4,4.86,2018-10-27 16:13:38,b. 13 - 15 years old,AUTO_SHADOW_BAN_SPAM_MODEL,0.00600000005215406
845,UK,GBP,157,0,0,4.99,2023-11-29 12:53:51,g. 27 - 29 years old,NULL,0.078
2721,UK,GBP,133,0,0,4.99,2024-01-07 21:59:26,Unknown,NULL,0.006
343,UK,GBP,1,0,0,5,2024-03-05 16:03:45,Unknown,SHIPPING_SCAM,0.008
1976,FR,EUR,896,1,1,4.98,2018-05-19 20:44:26,Unknown,NULL,0.00600000005215406
1209,UK,GBP,224,0,1,4.98,2022-09-18 16:00:36,Unknown,NULL,0.00700000021606683
451,UK,GBP,504,0,3,4.97,2021-07-22 10:49:30,i. 32+ years old,AUTO_PHISHING_IMAGE_REVIEW,0.00600000005215406
980,UK,GBP,4,0,0,5,2022-03-17 12:15:05,e. 20 - 22 years old,NULL,0.0179999992251396
701,UK,GBP,137,0,21,4.47,2024-05-29 18:45:59,Unknown,NULL,0.018
3517,US,USD,0,0,0,NULL,2016-04-29 15:58:11,Unknown,NULL,NULL
974,US,USD,0,0,0,NULL,2016-04-29 15:58:11,Unknown,NULL,NULL
1466,IT,EUR,22,0,1,4.74,2021-11-16 18:19:44,Unknown,NULL,0.0089999996125698
1173,IT,EUR,22,0,1,4.74,2021-11-16 18:19:44,Unknown,NULL,0.0089999996125698
2262,UK,GBP,929,3,7,4.95,2021-11-14 19:49:22,f. 23 - 26 years old,REPLICA_OFFENDER,0.0199999995529651
1964,UK,GBP,929,3,7,4.95,2021-11-14 19:49:22,f. 23 - 26 years old,REPLICA_OFFENDER,0.0199999995529651
3590,UK,GBP,176,1,0,4.99,2022-01-28 14:46:34,i. 32+ years old,NULL,0.0230000000447034
2149,UK,GBP,176,1,0,4.99,2022-01-28 14:46:34,i. 32+ years old,NULL,0.0230000000447034
3653,CZ,CZK,0,0,0,NULL,2015-11-09 21:56:15,Unknown,NULL,NULL
3601,CZ,CZK,0,0,0,NULL,2015-11-09 21:56:15,Unknown,NULL,NULL
2981,CZ,CZK,0,0,0,NULL,2015-11-09 21:56:15,Unknown,NULL,NULL
1523,CZ,CZK,0,0,0,NULL,2015-11-09 21:56:15,Unknown,NULL,NULL
1164,CZ,CZK,0,0,0,NULL,2015-11-09 21:56:15,Unknown,NULL,NULL
593,CZ,CZK,0,0,0,NULL,2015-11-09 21:56:15,Unknown,NULL,NULL
70,CZ,CZK,0,0,0,NULL,2015-11-09 21:56:15,Unknown,NULL,NULL
2157,FR,EUR,14,0,0,5,2022-08-30 16:51:26,Unknown,NULL,0.00800000037997961
1155,UK,GBP,40,1,1,4.83,2023-10-16 17:35:53,Unknown,NULL,0.007
2561,US,USD,0,0,0,NULL,2021-02-17 20:50:56,Unknown,NULL,NULL
2462,US,USD,0,0,0,NULL,2021-02-17 20:50:56,Unknown,NULL,NULL
2311,FR,EUR,458,5,9,4.9,2021-03-20 11:28:41,Unknown,NULL,0.00600000005215406
3153,IT,EUR,1190,2,5,4.97,2019-08-08 11:54:48,e. 20 - 22 years old,BLOCK_2PROFILES,0.00600000005215406
1128,FR,EUR,216,1,14,4.73,2017-05-01 13:46:06,i. 32+ years old,NULL,0.00600000005215406
2121,FR,EUR,1118,9,19,4.9,2019-06-29 19:06:52,i. 32+ years old,NULL,0.00600000005215406
2313,UK,GBP,58,0,0,5,2022-09-27 11:28:16,i. 32+ years old,NULL,0.0130000002682209
1927,UK,GBP,16,0,0,5,2023-03-09 20:46:07,Unknown,NULL,0.013
1312,FR,EUR,91,0,0,5,2020-10-18 7:48:37,Unknown,NULL,0.00600000005215406
2397,UK,GBP,279,0,9,4.88,2023-02-16 9:55:46,Unknown,AUTO_SHADOW_BAN_SPAM_MODEL,0.008
3274,IT,EUR,22,1,0,4.91,2021-11-11 16:50:15,Unknown,NULL,0.0089999996125698
2175,IT,EUR,22,1,0,4.91,2021-11-11 16:50:15,Unknown,NULL,0.0089999996125698
2457,FR,EUR,40,0,1,4.9,2024-01-13 19:33:51,Unknown,NULL,0.024
648,FR,EUR,19,0,0,5,2022-11-23 15:01:55,Unknown,NULL,0.014
2246,UK,GBP,1,0,0,5,2024-03-16 23:57:48,Unknown,NULL,0.00499999988824129
2649,NL,EUR,2,0,0,5,2024-02-24 16:43:53,i. 32+ years old,NULL,0.006
3312,UK,GBP,4,0,0,5,2021-12-10 2:25:12,Unknown,NULL,0.00600000005215406
386,UK,GBP,4,0,0,5,2021-12-10 2:25:12,Unknown,NULL,0.00600000005215406
1647,DE,EUR,15,1,2,4.39,2021-01-08 11:14:00,Unknown,NULL,0.00600000005215406
3534,UK,GBP,12,0,0,5,2023-08-01 13:24:01,Unknown,NULL,0.008
2565,FR,EUR,109,0,0,4.99,2020-12-05 8:22:28,Unknown,AUTO_SHADOW_BAN_SPAM_MODEL,0.00600000005215406
962,UK,GBP,20,0,2,4.64,2022-10-20 10:03:26,Unknown,NULL,0.01
3492,UK,GBP,5,1,0,4.67,2023-04-12 11:37:35,Unknown,NULL,0.029
3284,UK,GBP,163,1,0,4.98,2021-11-27 19:10:21,Unknown,NULL,0.00499999988824129
1553,UK,GBP,163,1,0,4.98,2021-11-27 19:10:21,Unknown,NULL,0.00499999988824129
3297,UK,GBP,11,0,0,5,2022-02-06 16:59:21,Unknown,NULL,0.0120000001043081
816,UK,GBP,11,0,0,5,2022-02-06 16:59:21,Unknown,NULL,0.0120000001043081
1047,FR,EUR,37,0,0,5,2021-03-30 17:41:01,e. 20 - 22 years old,NULL,0.00600000005215406
2929,UK,GBP,514,1,4,4.96,2022-08-04 13:07:12,Unknown,SCAM_OTHER,0.0130000002682209
3559,FR,EUR,160,1,3,4.91,2020-06-06 22:19:18,e. 20 - 22 years old,NULL,0.00600000005215406
2698,UK,GBP,74,0,0,4.97,2024-03-19 17:58:46,Unknown,NULL,0.017
3404,LT,NULL,0,0,0,NULL,2016-06-13 7:44:24,Unknown,NULL,NULL
2232,LT,NULL,0,0,0,NULL,2016-06-13 7:44:24,Unknown,NULL,NULL
2073,LT,NULL,0,0,0,NULL,2016-06-13 7:44:24,Unknown,NULL,NULL
1094,LT,NULL,0,0,0,NULL,2016-06-13 7:44:24,Unknown,NULL,NULL
571,LT,NULL,0,0,0,NULL,2016-06-13 7:44:24,Unknown,NULL,NULL
477,LT,NULL,0,0,0,NULL,2016-06-13 7:44:24,Unknown,NULL,NULL
420,LT,NULL,0,0,0,NULL,2016-06-13 7:44:24,Unknown,NULL,NULL
19,LT,NULL,0,0,0,NULL,2016-06-13 7:44:24,Unknown,NULL,NULL
1236,DE,EUR,8,0,0,5,2020-06-22 10:23:17,Unknown,NULL,NULL
8,DE,EUR,8,0,0,5,2020-06-22 10:23:17,Unknown,NULL,NULL
3538,FR,EUR,83,0,6,4.71,2019-01-24 8:44:30,Unknown,NULL,0.00600000005215406
2628,UK,GBP,910,1,5,4.97,2021-04-13 22:18:54,Unknown,AUTO_PHISHING_IMAGE_REVIEW,0.00600000005215406
2344,NL,EUR,73,0,2,4.87,2020-08-19 20:02:13,f. 23 - 26 years old,NULL,0.00600000005215406
2436,CZ,CZK,36,0,1,4.89,2023-11-25 7:46:02,d. 17 - 19 years old,AUTO_SHADOW_BAN_MSG_SIMILARITY,0.008
3421,PL,PLN,39,0,3,4.69,2024-03-21 15:18:32,f. 23 - 26 years old,NULL,0.012
2087,UK,GBP,350,0,3,4.95,2022-12-19 23:05:46,i. 32+ years old,AUTO-BLOCK SHIPPING SCAM,0.019
1059,UK,GBP,3619,26,180,4.79,2022-09-27 16:28:02,e. 20 - 22 years old,NULL,0.0140000004321336
1250,UK,GBP,17,0,0,5,2023-07-09 16:38:44,Unknown,NULL,0.014
1986,NL,EUR,186,1,3,4.91,2019-10-30 17:35:58,i. 32+ years old,NULL,0.00600000005215406
2017,UK,GBP,20,0,3,4.43,2023-10-04 14:56:52,Unknown,NULL,0.034
2413,UK,GBP,45,0,0,4.98,2022-01-03 15:38:55,f. 23 - 26 years old,NULL,0.00800000037997961
1198,UK,GBP,45,0,0,4.98,2022-01-03 15:38:55,f. 23 - 26 years old,NULL,0.00800000037997961
363,UK,GBP,3,0,4,2.71,2022-10-13 23:14:06,Unknown,NULL,0.016
333,IT,EUR,208,0,3,4.93,2021-01-04 17:15:27,f. 23 - 26 years old,NULL,0.00600000005215406
3388,UK,GBP,38,0,0,5,2022-04-12 10:51:46,Unknown,NULL,0.0170000009238719
2082,UK,GBP,46,0,0,5,2023-09-28 22:57:12,Unknown,NULL,0.011
3557,UK,GBP,5,0,1,4.33,2024-07-29 16:38:50,f. 23 - 26 years old,NULL,0.007
433,UK,GBP,435,1,102,4.23,2023-02-27 12:34:52,Unknown,AUTO_SHADOW_BAN_SPAM_MODEL,0.009
489,UK,GBP,60,0,0,4.98,2023-10-07 21:11:16,Unknown,WEB_BLOCK,0.091
2667,IT,EUR,5,0,0,5,2024-02-02 21:31:01,Unknown,NULL,0.009
2706,NL,EUR,151,0,0,4.99,2021-01-25 17:50:03,g. 27 - 29 years old,NULL,0.00600000005215406
311,UK,GBP,96,0,0,4.99,2022-10-21 14:15:53,Unknown,NULL,0.068
1328,FR,EUR,214,2,10,4.77,2019-04-14 8:33:34,Unknown,NULL,0.00600000005215406
631,UK,GBP,74,0,1,4.95,2023-09-11 10:50:21,Unknown,NULL,0.033
742,UK,GBP,9,0,0,5,2024-02-05 9:52:16,Unknown,NULL,0.012
3117,UK,GBP,129,1,2,4.91,2022-06-14 9:24:16,Unknown,NULL,0.0109999999403953
3535,FR,EUR,3,0,0,5,2024-08-20 6:04:57,Unknown,NULL,0.006
535,UK,GBP,9,0,1,4.6,2024-09-16 20:31:40,Unknown,NULL,0.01
716,FR,EUR,37,1,7,4.33,2022-10-12 13:54:27,Unknown,AUTO_SHADOW_BAN_SPAM_MODEL,0.01
1082,UK,GBP,3089,3,7,4.98,2022-09-30 19:45:15,f. 23 - 26 years old,NULL,0.0299999993294477
2728,UK,GBP,3,0,0,5,2023-05-25 11:08:38,Unknown,NULL,0.012
2650,DE,EUR,0,0,0,NULL,2020-09-29 22:04:19,Unknown,NULL,NULL
1074,DE,EUR,0,0,0,NULL,2020-09-29 22:04:19,Unknown,NULL,NULL
151,UK,GBP,736,0,5,4.96,2021-04-20 12:22:03,Unknown,NULL,0.00600000005215406
1769,UK,GBP,18,0,2,4.5,2022-08-23 14:33:17,Unknown,NULL,0.00999999977648258
1037,IT,EUR,99,1,1,4.95,2023-05-22 8:50:42,Unknown,NULL,0.007
1314,UK,GBP,47,0,0,5,2024-07-21 20:44:39,Unknown,NULL,0.007
2081,DE,EUR,0,0,0,NULL,2020-09-29 10:03:40,Unknown,NULL,NULL
2025,DE,EUR,0,0,0,NULL,2020-09-29 10:03:40,Unknown,NULL,NULL
1823,ES,EUR,776,6,27,4.81,2019-02-02 20:57:22,Unknown,NULL,0.00600000005215406
1515,UK,GBP,23,0,0,5,2023-12-13 15:52:21,Unknown,NULL,0.06
2944,DE,EUR,0,0,0,NULL,2018-05-06 20:51:11,e. 20 - 22 years old,NULL,NULL
2116,DE,EUR,0,0,0,NULL,2018-05-06 20:51:11,e. 20 - 22 years old,NULL,NULL
2363,IT,EUR,185,2,40,4.27,2021-01-20 19:54:26,g. 27 - 29 years old,AUTO_SHADOW_BAN_SPAM_MODEL,0.00600000005215406
1591,UK,GBP,58,0,0,5,2022-01-28 14:32:02,Unknown,AUTO_SHADOW_BAN_MEMBER_SCORE,0.564000010490417
210,UK,GBP,58,0,0,5,2022-01-28 14:32:02,Unknown,AUTO_SHADOW_BAN_MEMBER_SCORE,0.564000010490417
1751,UK,GBP,35,1,15,3.8,2024-01-28 11:43:30,Unknown,NON_SILENT_AUTO_SHADOW_BAN,0.006
1184,UK,GBP,38,0,0,5,2022-08-11 2:00:56,Unknown,NULL,0.0140000004321336
2899,UK,GBP,17,0,2,4.53,2023-09-05 20:57:27,Unknown,NULL,0.031
1822,NL,EUR,1580,7,14,4.94,2019-09-23 17:01:36,d. 17 - 19 years old,NULL,0.00600000005215406
2530,FR,EUR,279,0,7,4.88,2020-06-23 12:23:32,Unknown,NULL,0.00600000005215406
1911,UK,GBP,17,0,2,4.58,2022-04-26 18:41:43,f. 23 - 26 years old,NULL,0.039
3048,PL,PLN,0,0,1,1,2016-11-16 8:31:11,Unknown,NULL,NULL
3006,PL,PLN,0,0,1,1,2016-11-16 8:31:11,Unknown,NULL,NULL
1352,PL,PLN,0,0,1,1,2016-11-16 8:31:11,Unknown,NULL,NULL
1091,PL,PLN,0,0,1,1,2016-11-16 8:31:11,Unknown,NULL,NULL
485,PL,PLN,0,0,1,1,2016-11-16 8:31:11,Unknown,NULL,NULL
1684,PL,PLN,453,2,11,4.9,2022-05-16 20:01:35,i. 32+ years old,NULL,0.0160000007599592
2911,FR,EUR,1158,16,20,4.89,2019-04-22 13:23:56,Unknown,NULL,0.00600000005215406
3431,FR,EUR,83,0,5,4.75,2020-09-18 16:23:28,Unknown,NULL,0.00600000005215406
998,PL,PLN,1847,19,68,4.83,2021-12-10 13:56:46,Unknown,NULL,0.00700000021606683
3633,DE,EUR,7,0,0,5,2014-09-30 10:28:36,Unknown,NULL,NULL
3241,DE,EUR,7,0,0,5,2014-09-30 10:28:36,Unknown,NULL,NULL
3000,DE,EUR,7,0,0,5,2014-09-30 10:28:36,Unknown,NULL,NULL
2395,DE,EUR,7,0,0,5,2014-09-30 10:28:36,Unknown,NULL,NULL
2128,DE,EUR,7,0,0,5,2014-09-30 10:28:36,Unknown,NULL,NULL
1759,DE,EUR,7,0,0,5,2014-09-30 10:28:36,Unknown,NULL,NULL
1470,DE,EUR,7,0,0,5,2014-09-30 10:28:36,Unknown,NULL,NULL
2341,DE,EUR,1,0,1,3,2018-05-07 15:38:32,e. 20 - 22 years old,NULL,NULL
1886,DE,EUR,1,0,1,3,2018-05-07 15:38:32,e. 20 - 22 years old,NULL,NULL
1284,UK,GBP,60,0,1,4.93,2023-11-21 17:20:45,i. 32+ years old,NULL,0.013
3173,UK,GBP,4,0,0,5,2022-01-31 0:00:27,Unknown,SHADOW_BAN_SPAM,0.0189999993890523
951,UK,GBP,4,0,0,5,2022-01-31 0:00:27,Unknown,SHADOW_BAN_SPAM,0.0189999993890523
2774,CZ,CZK,0,0,0,NULL,2019-11-20 5:56:17,Unknown,NULL,NULL
2136,CZ,CZK,0,0,0,NULL,2019-11-20 5:56:17,Unknown,NULL,NULL
993,CZ,CZK,0,0,0,NULL,2019-11-20 5:56:17,Unknown,NULL,NULL
898,CZ,CZK,0,0,0,NULL,2019-11-20 5:56:17,Unknown,NULL,NULL
830,CZ,CZK,0,0,0,NULL,2019-11-20 5:56:17,Unknown,NULL,NULL
292,CZ,CZK,0,0,0,NULL,2019-11-20 5:56:17,Unknown,NULL,NULL
1649,PL,PLN,115,0,0,5,2020-12-13 9:48:46,Unknown,NULL,0.00600000005215406
3115,UK,GBP,34,0,4,4.58,2023-02-22 21:40:24,Unknown,NULL,0.013
2348,DE,EUR,0,0,0,NULL,2020-07-10 18:06:25,Unknown,NULL,NULL
1847,DE,EUR,0,0,0,NULL,2020-07-10 18:06:25,Unknown,NULL,NULL
2612,UK,GBP,642,0,47,4.72,2021-04-13 20:49:55,g. 27 - 29 years old,AUTO_SHADOW_BAN_SPAM_MODEL,0.00600000005215406
537,UK,GBP,64,0,2,4.88,2023-09-24 13:11:49,Unknown,NULL,0.01
3611,UK,GBP,5,1,0,4.5,2024-06-09 13:51:52,Unknown,REPLICA_OFFENDER,0.376
2900,UK,GBP,1082,2,6,4.97,2022-10-15 9:29:27,Unknown,NULL,0.012
724,UK,GBP,44,0,4,4.65,2022-12-27 18:09:00,Unknown,AUTO_SHADOW_BAN_MSG_SIMILARITY,0.015
3417,UK,GBP,23,0,0,5,2024-03-26 10:50:57,Unknown,AUTO_SHADOW_BAN_MEMBER_SCORE,0.015
2918,UK,GBP,186,1,3,4.93,2022-04-02 13:41:59,f. 23 - 26 years old,NULL,0.0140000004321336
1196,UK,GBP,204,0,11,4.8,2023-02-08 21:22:37,g. 27 - 29 years old,NULL,0.014
1182,NL,EUR,48,0,3,4.76,2019-10-23 15:51:41,Unknown,NULL,0.00600000005215406
3065,FR,EUR,96,1,1,4.92,2019-11-27 8:12:14,Unknown,NULL,0.00600000005215406
1791,UK,GBP,606,1,4,4.96,2022-09-26 16:42:53,Unknown,BLOCK_2PROFILES,0.00800000037997961
2450,UK,GBP,129,0,19,4.48,2021-04-28 19:41:45,Unknown,NULL,0.00600000005215406
1301,UK,GBP,15,0,0,5,2023-01-10 14:35:14,Unknown,NULL,0.019
2405,UK,GBP,14,0,0,5,2022-01-27 19:26:55,Unknown,NULL,0.00700000021606683
1677,UK,GBP,14,0,0,5,2022-01-27 19:26:55,Unknown,NULL,0.00700000021606683
1478,UK,GBP,96,0,5,4.8,2022-10-30 18:27:46,Unknown,NULL,0.034
346,PT,EUR,327,3,7,4.89,2024-04-12 14:27:59,Unknown,NULL,0.017
1494,NL,EUR,93,0,0,4.96,2020-08-04 19:05:57,Unknown,NULL,0.00600000005215406
284,NL,EUR,11,0,2,4.31,2021-06-17 19:49:13,Unknown,NULL,0.00600000005215406
1785,PL,PLN,99,0,2,4.9,2021-12-01 13:18:08,i. 32+ years old,NULL,0.0860000029206276
910,UK,GBP,154,1,8,4.78,2023-07-02 21:32:02,Unknown,REPLICA_OFFENDER,0.137
2240,UK,GBP,154,1,0,4.99,2021-08-17 21:26:05,g. 27 - 29 years old,NULL,0.00600000005215406
2057,DE,EUR,0,0,0,NULL,2019-10-02 12:31:18,Unknown,NULL,NULL
543,DE,EUR,0,0,0,NULL,2019-10-02 12:31:18,Unknown,NULL,NULL
1500,FR,EUR,368,1,7,4.89,2016-08-11 7:03:49,Unknown,NULL,0.00600000005215406
2767,FR,EUR,88,0,13,4.47,2018-01-17 15:13:23,i. 32+ years old,NULL,0.00600000005215406
966,FR,EUR,88,0,13,4.47,2018-01-17 15:13:23,i. 32+ years old,NULL,0.00600000005215406
1263,UK,GBP,239,1,11,4.82,2022-02-09 21:00:09,Unknown,NULL,0.025000000372529
478,UK,GBP,239,1,11,4.82,2022-02-09 21:00:09,Unknown,NULL,0.025000000372529
2912,UK,GBP,18,0,0,5,2022-03-07 12:34:42,i. 32+ years old,NULL,0.00600000005215406
3649,UK,GBP,0,0,0,NULL,2014-08-17 8:21:11,Unknown,NULL,NULL
3054,UK,GBP,0,0,0,NULL,2014-08-17 8:21:11,Unknown,NULL,NULL
2676,UK,GBP,0,0,0,NULL,2014-08-17 8:21:11,Unknown,NULL,NULL
1569,UK,GBP,0,0,0,NULL,2014-08-17 8:21:11,Unknown,NULL,NULL
1358,UK,GBP,0,0,0,NULL,2014-08-17 8:21:11,Unknown,NULL,NULL
813,UK,GBP,0,0,0,NULL,2014-08-17 8:21:11,Unknown,NULL,NULL
803,UK,GBP,0,0,0,NULL,2014-08-17 8:21:11,Unknown,NULL,NULL
3016,IT,EUR,117,1,3,4.88,2020-12-30 13:38:14,d. 17 - 19 years old,AUTO_SHADOW_BAN_MEMBER_SCORE,0.00600000005215406
271,IT,EUR,122,0,0,5,2023-07-14 17:00:56,d. 17 - 19 years old,AUTO_SHADOW_BAN_MEMBER_SCORE,0.012
1012,UK,GBP,353,0,1,4.98,2022-04-19 8:34:44,Unknown,NULL,0.0130000002682209
2683,FR,EUR,396,8,89,4.23,2020-08-03 21:38:54,Unknown,NULL,0.00600000005215406
1001,FR,EUR,26,0,0,5,2022-02-03 16:15:32,Unknown,NULL,0.0140000004321336
236,FR,EUR,26,0,0,5,2022-02-03 16:15:32,Unknown,NULL,0.0140000004321336
2753,FR,EUR,93,0,9,4.65,2022-10-04 19:43:37,Unknown,AUTO_SHADOW_BAN_MEMBER_SCORE,0.0170000009238719
1069,UK,GBP,63,2,2,4.81,2020-11-28 11:19:46,e. 20 - 22 years old,NULL,0.00600000005215406
588,FR,EUR,4,0,0,5,2021-10-03 21:41:06,Unknown,NULL,0.00600000005215406
3179,UK,GBP,151,3,9,4.73,2022-05-19 16:40:06,Unknown,NULL,0.0149999996647238
2390,FR,EUR,54,1,7,4.52,2016-02-09 20:33:00,Unknown,NULL,0.00600000005215406
925,FR,EUR,54,1,7,4.52,2016-02-09 20:33:00,Unknown,NULL,0.00600000005215406
1873,DE,EUR,0,0,0,NULL,2017-09-16 22:07:46,Unknown,NULL,NULL
385,DE,EUR,0,0,0,NULL,2017-09-16 22:07:46,Unknown,NULL,NULL
1567,FR,EUR,28,2,9,3.97,2020-03-29 19:44:21,d. 17 - 19 years old,NULL,0.00600000005215406
74,ES,EUR,206,4,8,4.8,2022-08-09 13:01:38,Unknown,AUTO_SHADOW_BAN_SPAM_MODEL,0.0170000009238719
369,UK,GBP,27,0,1,4.86,2022-10-23 12:00:35,h. 30 - 31 years old,NULL,0.019
1368,UK,GBP,37,0,0,5,2023-04-15 12:11:39,Unknown,NULL,0.012
1146,FR,EUR,33,0,0,4.88,2024-04-04 1:55:07,Unknown,NULL,0.013
412,UK,GBP,140,0,2,4.95,2022-03-11 13:20:07,Unknown,NULL,0.0120000001043081
3083,UK,GBP,2,0,0,5,2024-04-22 21:56:43,i. 32+ years old,AUTO_SHADOW_BAN_SPAM_MODEL,0.007
2668,FR,EUR,215,2,2,4.94,2017-11-13 23:15:45,Unknown,NULL,0.00600000005215406
2346,FR,EUR,215,2,2,4.94,2017-11-13 23:15:45,Unknown,NULL,0.00600000005215406
599,UK,GBP,24,0,0,5,2024-02-05 20:57:52,Unknown,NULL,0.006
841,DE,EUR,0,0,0,NULL,2020-08-21 13:02:36,Unknown,NULL,NULL
306,DE,EUR,0,0,0,NULL,2020-08-21 13:02:36,Unknown,NULL,NULL
3185,FR,EUR,18,0,0,5,2022-03-29 21:52:13,Unknown,BLOCK_2PROFILES,0.00800000037997961
3494,DE,EUR,0,0,0,NULL,2016-08-05 18:49:21,Unknown,NULL,NULL
897,DE,EUR,0,0,0,NULL,2016-08-05 18:49:21,Unknown,NULL,NULL
3059,UK,GBP,270,1,2,4.96,2022-10-24 8:22:50,e. 20 - 22 years old,NULL,0.014
901,IT,EUR,417,3,7,4.9,2022-02-28 13:09:55,Unknown,NULL,0.00600000005215406
1266,BE,EUR,368,5,49,4.5,2016-04-04 23:23:49,g. 27 - 29 years old,NULL,0.00600000005215406
2547,UK,GBP,25,0,2,4.74,2023-08-27 18:23:53,Unknown,NULL,0.007
2686,UK,GBP,45,0,10,4.2,2021-05-08 10:22:59,Unknown,NULL,0.00600000005215406
3616,UK,GBP,15,0,0,4.93,2024-05-10 14:59:33,f. 23 - 26 years old,AUTO_SHADOW_BAN_MEMBER_SCORE,0.014
439,UK,GBP,60,0,1,4.93,2021-11-06 23:22:41,c. 16 - 16 years old,NULL,0.0920000001788139
2406,IT,EUR,10,0,2,4.33,2022-10-09 11:32:35,Unknown,NULL,0.015
223,UK,GBP,149,0,3,4.92,2021-06-21 13:30:38,Unknown,NULL,0.00600000005215406
3211,UK,GBP,14,0,0,5,2023-05-29 20:33:04,i. 32+ years old,NULL,0.013
1027,FR,EUR,193,0,2,4.95,2021-04-22 13:19:14,b. 13 - 15 years old,NULL,0.00600000005215406
1926,NL,EUR,7,0,1,4.63,2022-01-02 19:46:53,e. 20 - 22 years old,NULL,0.00600000005215406
554,NL,EUR,7,0,1,4.63,2022-01-02 19:46:53,e. 20 - 22 years old,NULL,0.00600000005215406
3532,UK,GBP,0,0,0,NULL,2014-06-17 18:58:49,Unknown,NULL,NULL
2965,UK,GBP,0,0,0,NULL,2014-06-17 18:58:49,Unknown,NULL,NULL
1651,UK,GBP,0,0,0,NULL,2014-06-17 18:58:49,Unknown,NULL,NULL
1437,UK,GBP,0,0,0,NULL,2014-06-17 18:58:49,Unknown,NULL,NULL
1095,UK,GBP,0,0,0,NULL,2014-06-17 18:58:49,Unknown,NULL,NULL
908,UK,GBP,0,0,0,NULL,2014-06-17 18:58:49,Unknown,NULL,NULL
843,UK,GBP,0,0,0,NULL,2014-06-17 18:58:49,Unknown,NULL,NULL
674,UK,GBP,0,0,0,NULL,2014-06-17 18:58:49,Unknown,NULL,NULL
26,UK,GBP,0,0,0,NULL,2014-06-17 18:58:49,Unknown,NULL,NULL
3528,NL,EUR,7,0,1,4.5,2020-06-28 13:35:29,Unknown,NULL,0.00600000005215406
3176,UK,GBP,5,0,0,5,2023-09-27 22:52:44,Unknown,AUTO_PHISHING_IMAGE_REVIEW,0.019
3676,UK,GBP,12,0,0,5,2022-06-22 21:51:03,Unknown,NULL,0.012
3010,FR,EUR,46,0,0,5,2023-10-18 8:20:27,Unknown,NULL,0.007
188,UK,GBP,53,0,0,5,2024-02-23 21:42:06,Unknown,NULL,0.022
1033,NL,EUR,603,2,4,4.94,2019-07-04 21:39:57,f. 23 - 26 years old,NULL,0.00600000005215406
2783,UK,GBP,799,4,12,4.93,2023-12-19 14:13:45,e. 20 - 22 years old,NULL,0.014
3215,BE,EUR,741,1,13,4.91,2019-03-05 20:31:21,Unknown,NULL,0.00600000005215406
2875,BE,EUR,741,1,13,4.91,2019-03-05 20:31:21,Unknown,NULL,0.00600000005215406
1641,UK,GBP,701,2,56,4.69,2021-07-01 8:14:30,Unknown,NULL,0.00600000005215406
2655,FR,EUR,272,3,10,4.83,2015-07-15 18:19:20,b. 13 - 15 years old,NULL,0.00600000005215406
1506,FR,EUR,272,3,10,4.83,2015-07-15 18:19:20,b. 13 - 15 years old,NULL,0.00600000005215406
483,FR,EUR,272,3,10,4.83,2015-07-15 18:19:20,b. 13 - 15 years old,NULL,0.00600000005215406
44,FR,EUR,272,3,10,4.83,2015-07-15 18:19:20,b. 13 - 15 years old,NULL,0.00600000005215406
2898,UK,GBP,158,1,2,4.92,2024-01-18 13:29:47,d. 17 - 19 years old,AUTO_SHADOW_BAN_MEMBER_SCORE,0.013
1980,UK,GBP,407,0,9,4.91,2022-12-07 11:40:36,i. 32+ years old,NULL,0.013
3063,DE,EUR,0,0,0,NULL,2017-03-26 15:47:31,d. 17 - 19 years old,NULL,NULL
115,DE,EUR,0,0,0,NULL,2017-03-26 15:47:31,d. 17 - 19 years old,NULL,NULL
1617,FR,EUR,55,1,4,4.68,2020-01-26 11:45:21,i. 32+ years old,NULL,0.00600000005215406
266,IT,EUR,28,2,1,4.71,2021-01-31 10:14:51,Unknown,NULL,0.00600000005215406
95,UK,GBP,21,0,0,5,2022-05-20 10:28:45,Unknown,NULL,0.101999998092651
569,FR,EUR,39,0,9,4.25,2019-03-02 10:05:58,Unknown,NULL,0.00600000005215406
2821,IT,EUR,25,0,1,4.85,2022-02-12 18:30:54,Unknown,NULL,0.0120000001043081
656,IT,EUR,25,0,1,4.85,2022-02-12 18:30:54,Unknown,NULL,0.0120000001043081
2735,FR,EUR,175,0,1,4.97,2024-03-04 13:27:24,h. 30 - 31 years old,AUTO_SHADOW_BAN_MSG_SIMILARITY,0.007
2710,BE,EUR,11,0,0,5,2019-10-17 18:48:11,Unknown,NULL,NULL
107,UK,GBP,164,0,0,4.99,2022-03-27 15:37:03,i. 32+ years old,NULL,0.0209999997168779
3591,UK,GBP,0,0,0,NULL,2014-11-18 11:42:16,Unknown,NULL,NULL
3350,UK,GBP,0,0,0,NULL,2014-11-18 11:42:16,Unknown,NULL,NULL
2709,UK,GBP,0,0,0,NULL,2014-11-18 11:42:16,Unknown,NULL,NULL
1961,UK,GBP,0,0,0,NULL,2014-11-18 11:42:16,Unknown,NULL,NULL
1654,UK,GBP,0,0,0,NULL,2014-11-18 11:42:16,Unknown,NULL,NULL
1571,UK,GBP,0,0,0,NULL,2014-11-18 11:42:16,Unknown,NULL,NULL
1453,UK,GBP,0,0,0,NULL,2014-11-18 11:42:16,Unknown,NULL,NULL
246,UK,GBP,12,0,1,4.69,2022-05-03 8:04:53,Unknown,NULL,0.00999999977648258
704,NL,EUR,311,2,20,4.74,2020-11-01 17:24:53,Unknown,NULL,0.00600000005215406
1559,UK,GBP,0,0,0,0,2024-07-15 10:10:31,Unknown,NULL,0.035
1766,UK,GBP,0,0,0,NULL,2024-07-15 21:00:37,Unknown,NULL,0.597
3379,FR,EUR,21,0,9,3.77,2018-08-06 21:51:06,c. 16 - 16 years old,NULL,0.00600000005215406
116,IT,EUR,176,0,4,4.91,2021-01-10 11:26:29,h. 30 - 31 years old,NULL,0.00600000005215406
163,UK,GBP,252,1,15,4.76,2021-05-16 12:14:09,f. 23 - 26 years old,NULL,0.00600000005215406
3393,CZ,CZK,0,0,0,NULL,2015-02-22 11:15:32,Unknown,NULL,NULL
2975,CZ,CZK,0,0,0,NULL,2015-02-22 11:15:32,Unknown,NULL,NULL
2684,CZ,CZK,0,0,0,NULL,2015-02-22 11:15:32,Unknown,NULL,NULL
2041,CZ,CZK,0,0,0,NULL,2015-02-22 11:15:32,Unknown,NULL,NULL
1708,CZ,CZK,0,0,0,NULL,2015-02-22 11:15:32,Unknown,NULL,NULL
1239,CZ,CZK,0,0,0,NULL,2015-02-22 11:15:32,Unknown,NULL,NULL
819,CZ,CZK,0,0,0,NULL,2015-02-22 11:15:32,Unknown,NULL,NULL
362,CZ,CZK,0,0,0,NULL,2015-02-22 11:15:32,Unknown,NULL,NULL
211,CZ,CZK,0,0,0,NULL,2015-02-22 11:15:32,Unknown,NULL,NULL
431,UK,GBP,542,0,3,4.97,2023-10-29 9:49:10,Unknown,NULL,0.035
2242,UK,GBP,97,0,0,4.98,2023-01-17 17:48:54,Unknown,NULL,0.184
2825,UK,GBP,125,0,8,4.75,2023-05-24 4:29:23,Unknown,NULL,0.015
2894,NL,EUR,10,0,0,5,2024-06-26 16:48:35,g. 27 - 29 years old,NULL,0.007
1637,UK,GBP,345,0,1,4.99,2022-07-03 8:31:24,f. 23 - 26 years old,NULL,0.0109999999403953
3677,UK,GBP,130,0,2,4.94,2022-11-10 19:44:23,i. 32+ years old,NULL,0.021
2599,UK,GBP,65,0,0,4.98,2024-01-22 13:04:29,i. 32+ years old,AUTO_PHISHING_IMAGE_REVIEW,0.071
2757,FR,EUR,88,2,2,4.86,2019-01-02 19:54:59,e. 20 - 22 years old,BLOCK_2PROFILES,0.00600000005215406
1392,UK,GBP,1,0,0,5,2021-09-11 17:26:07,Unknown,NULL,0.00600000005215406
2290,FR,EUR,281,0,13,4.81,2019-10-11 8:53:01,Unknown,NULL,0.00600000005215406
3596,UK,GBP,388,1,7,4.92,2021-05-23 15:43:30,Unknown,NULL,0.00600000005215406
32,UK,GBP,103,1,3,4.86,2023-05-03 19:20:49,i. 32+ years old,NULL,0.015
3393,FR,EUR,180,1,8,4.81,2013-07-07 18:26:01,e. 20 - 22 years old,NULL,0.00600000005215406
2975,FR,EUR,180,1,8,4.81,2013-07-07 18:26:01,e. 20 - 22 years old,NULL,0.00600000005215406
2684,FR,EUR,180,1,8,4.81,2013-07-07 18:26:01,e. 20 - 22 years old,NULL,0.00600000005215406
2041,FR,EUR,180,1,8,4.81,2013-07-07 18:26:01,e. 20 - 22 years old,NULL,0.00600000005215406
1708,FR,EUR,180,1,8,4.81,2013-07-07 18:26:01,e. 20 - 22 years old,NULL,0.00600000005215406
1239,FR,EUR,180,1,8,4.81,2013-07-07 18:26:01,e. 20 - 22 years old,NULL,0.00600000005215406
819,FR,EUR,180,1,8,4.81,2013-07-07 18:26:01,e. 20 - 22 years old,NULL,0.00600000005215406
362,FR,EUR,180,1,8,4.81,2013-07-07 18:26:01,e. 20 - 22 years old,NULL,0.00600000005215406
211,FR,EUR,180,1,8,4.81,2013-07-07 18:26:01,e. 20 - 22 years old,NULL,0.00600000005215406
2679,FR,EUR,51,0,0,5,2021-08-02 19:52:19,Unknown,NULL,0.00600000005215406
1861,UK,GBP,67,0,0,5,2021-06-05 12:58:12,Unknown,NULL,0.00600000005215406
2280,FR,EUR,403,1,15,4.83,2019-02-05 22:04:04,Unknown,NULL,0.00600000005215406
445,FR,EUR,175,2,7,4.8,2020-04-01 15:56:35,Unknown,NULL,0.00600000005215406
3036,UK,GBP,53,0,0,5,2021-08-30 19:59:40,Unknown,NULL,0.00600000005215406
3075,NL,EUR,444,3,7,4.9,2019-08-23 18:38:22,i. 32+ years old,NULL,0.00600000005215406
2202,UK,GBP,55,0,8,4.48,2023-02-19 17:31:50,Unknown,NULL,0.006
613,UK,GBP,1,0,0,5,2024-06-13 9:34:18,Unknown,NULL,0.242
769,UK,GBP,0,0,0,NULL,2024-02-02 22:34:07,Unknown,NULL,0.026
1495,FR,EUR,428,2,1,4.98,2018-06-23 6:26:27,Unknown,PP_PROOF_BLOCKED,0.00600000005215406
279,UK,GBP,42,0,0,5,2023-05-10 20:16:59,Unknown,NULL,0.014
1656,NL,EUR,27,0,0,4.96,2021-01-26 8:40:00,Unknown,NULL,0.00600000005215406
3546,UK,GBP,371,0,0,5,2023-08-06 9:42:48,Unknown,NULL,0.008
2097,FR,EUR,28,0,1,4.83,2018-10-01 16:25:16,Unknown,NULL,0.00600000005215406
1827,UK,GBP,22,0,0,5,2021-08-18 17:44:07,Unknown,NULL,0.00600000005215406
1208,UK,GBP,142,0,0,5,2022-10-11 8:47:18,Unknown,NULL,0.056
2423,FR,EUR,421,2,83,4.3,2017-04-28 9:50:05,Unknown,NULL,0.00600000005215406
425,UK,GBP,234,2,18,4.69,2021-08-09 22:12:43,Unknown,SHIPPING_SCAM,0.00600000005215406
2905,FR,EUR,503,1,42,4.67,2013-05-11 9:03:17,e. 20 - 22 years old,INTENTIONAL_REPLICA2,0.00600000005215406
2323,FR,EUR,503,1,42,4.67,2013-05-11 9:03:17,e. 20 - 22 years old,INTENTIONAL_REPLICA2,0.00600000005215406
2024,FR,EUR,503,1,42,4.67,2013-05-11 9:03:17,e. 20 - 22 years old,INTENTIONAL_REPLICA2,0.00600000005215406
1450,FR,EUR,503,1,42,4.67,2013-05-11 9:03:17,e. 20 - 22 years old,INTENTIONAL_REPLICA2,0.00600000005215406
1345,FR,EUR,503,1,42,4.67,2013-05-11 9:03:17,e. 20 - 22 years old,INTENTIONAL_REPLICA2,0.00600000005215406
1026,FR,EUR,503,1,42,4.67,2013-05-11 9:03:17,e. 20 - 22 years old,INTENTIONAL_REPLICA2,0.00600000005215406
996,FR,EUR,503,1,42,4.67,2013-05-11 9:03:17,e. 20 - 22 years old,INTENTIONAL_REPLICA2,0.00600000005215406
1073,PL,PLN,41,1,0,4.95,2022-09-04 14:54:12,Unknown,NULL,0.0089999996125698
1300,UK,GBP,4,0,0,5,2022-09-08 15:54:14,Unknown,NULL,0.0089999996125698
2845,UK,GBP,39,0,3,4.71,2022-01-22 9:13:54,Unknown,NULL,0.0189999993890523
2723,UK,GBP,39,0,3,4.71,2022-01-22 9:13:54,Unknown,NULL,0.0189999993890523
1110,NL,EUR,415,3,6,4.91,2020-09-09 17:29:58,Unknown,NULL,0.00600000005215406
2930,US,USD,0,0,0,NULL,2016-11-08 13:40:06,Unknown,NULL,NULL
2630,US,USD,0,0,0,NULL,2016-11-08 13:40:06,Unknown,NULL,NULL
2438,UK,GBP,168,0,3,4.94,2022-07-25 13:20:04,i. 32+ years old,NULL,0.116999998688697
1584,UK,GBP,66,0,1,4.94,2022-10-31 19:27:48,Unknown,NULL,0.016
2660,BE,EUR,70,0,0,4.99,2021-01-17 17:45:18,Unknown,NULL,0.00600000005215406
1576,PL,PLN,34,0,0,4.97,2024-05-31 14:30:21,Unknown,NULL,0.017
1583,UK,GBP,379,1,2,4.97,2021-01-28 10:49:38,Unknown,NULL,0.00600000005215406
3013,UK,GBP,86,0,4,4.81,2023-08-14 6:42:02,Unknown,NULL,0.084
3510,NL,EUR,14,0,0,5,2024-01-07 15:09:56,Unknown,NULL,0.011
3057,FR,EUR,39,0,0,4.97,2018-01-15 18:02:38,Unknown,NULL,0.00600000005215406
918,FR,EUR,39,0,0,4.97,2018-01-15 18:02:38,Unknown,NULL,0.00600000005215406
3531,UK,GBP,40,0,0,4.98,2022-03-22 14:01:43,Unknown,AUTO_SHADOW_BAN_MEMBER_SCORE,0.0109999999403953
2350,UK,GBP,55,0,3,4.79,2023-08-20 17:52:42,Unknown,NULL,0.006
3599,IT,EUR,54,0,0,5,2024-05-17 17:53:08,i. 32+ years old,AUTO_SHADOW_BAN_SPAM_MODEL,0.008
2574,UK,GBP,1331,4,59,4.82,2022-01-25 20:54:12,Unknown,BLOCK_2PROFILES,0.0130000002682209
1463,UK,GBP,1331,4,59,4.82,2022-01-25 20:54:12,Unknown,BLOCK_2PROFILES,0.0130000002682209
1270,FR,EUR,210,5,15,4.66,2018-01-28 19:39:06,Unknown,NULL,0.00600000005215406
1090,UK,GBP,17,0,1,4.78,2022-11-08 12:08:31,e. 20 - 22 years old,NULL,0.006
1881,UK,GBP,28,0,1,4.86,2024-03-05 14:42:29,Unknown,NULL,0.008
3209,HU,HUF,7,0,0,5,2023-04-27 12:13:02,Unknown,NULL,0.011
2715,FR,EUR,377,1,3,4.96,2020-08-28 18:51:59,Unknown,NULL,0.00600000005215406
2615,UK,GBP,42,0,0,5,2023-03-11 18:54:00,Unknown,NULL,0.043
1435,UK,GBP,32,0,2,4.74,2022-03-28 4:30:03,Unknown,NULL,0.00800000037997961
3598,UK,GBP,197,1,5,4.89,2021-05-12 23:59:49,f. 23 - 26 years old,AUTO_SHADOW_BAN_SPAM_MODEL,0.00600000005215406
341,IT,EUR,617,0,12,4.92,2023-03-02 4:17:57,i. 32+ years old,SCAM_OTHER,0.013
1845,IT,EUR,1,0,2,2.67,2024-05-13 12:55:44,Unknown,SNAD_SCAM2,0.639
2718,UK,GBP,403,0,0,5,2022-09-19 18:24:53,i. 32+ years old,AUTO_SHADOW_BAN_SPAM_MODEL,0.0149999996647238
1285,FR,EUR,10,0,0,5,2020-06-14 23:09:47,e. 20 - 22 years old,NULL,0.00600000005215406
3481,UK,GBP,68,0,1,4.93,2021-12-14 16:44:20,Unknown,NULL,0.0379999987781047
2208,UK,GBP,68,0,1,4.93,2021-12-14 16:44:20,Unknown,NULL,0.0379999987781047
3681,FR,EUR,303,0,0,4.99,2019-03-05 18:13:28,Unknown,NULL,0.00600000005215406
3012,NL,EUR,1038,10,10,4.92,2021-11-12 14:45:08,Unknown,AUTO_SHADOW_BAN_SPAM_MODEL,0.00700000021606683
1214,NL,EUR,1038,10,10,4.92,2021-11-12 14:45:08,Unknown,AUTO_SHADOW_BAN_SPAM_MODEL,0.00700000021606683
1668,UK,GBP,29,0,5,4.41,2023-05-10 19:17:06,Unknown,NULL,0.017
3309,IT,EUR,51,0,0,5,2023-09-13 15:54:56,Unknown,NULL,0.283
1835,ES,EUR,8,0,1,4.56,2019-04-25 20:38:58,Unknown,NULL,0.00600000005215406
1444,DE,EUR,0,0,0,NULL,2016-08-03 16:11:08,Unknown,NULL,NULL
714,DE,EUR,0,0,0,NULL,2016-08-03 16:11:08,Unknown,NULL,NULL
1007,UK,GBP,36,0,0,4.97,2023-09-21 16:39:04,Unknown,NULL,0.099
408,UK,GBP,1176,8,33,4.87,2022-09-19 11:23:11,f. 23 - 26 years old,NULL,0.0189999993890523
3032,HU,HUF,12,0,0,5,2023-05-25 22:20:14,d. 17 - 19 years old,NULL,0.007
2044,IT,EUR,0,0,0,NULL,2024-06-14 9:15:53,Unknown,NULL,0.012
3597,FR,EUR,534,4,12,4.87,2017-05-29 4:53:06,Unknown,NULL,0.00600000005215406
2933,UK,GBP,211,2,5,4.89,2021-08-04 12:59:34,Unknown,NULL,0.00600000005215406
2917,UK,GBP,140,0,2,4.93,2022-07-10 16:00:15,Unknown,AUTO_SHADOW_BAN_SPAM_MODEL,0.061999998986721
1756,DE,EUR,1,0,0,5,2019-12-14 19:16:45,Unknown,NULL,NULL
1417,DE,EUR,1,0,0,5,2019-12-14 19:16:45,Unknown,NULL,NULL
1612,UK,GBP,186,0,2,4.95,2020-12-12 7:28:59,Unknown,NULL,0.00600000005215406
3682,UK,GBP,29,0,0,5,2023-05-03 8:09:34,g. 27 - 29 years old,NULL,0.008
2984,FR,EUR,17,0,0,5,2024-01-12 20:13:00,Unknown,NULL,0.013
3187,ES,EUR,90,1,2,4.89,2020-02-27 22:00:59,Unknown,NULL,0.00600000005215406
1970,PL,PLN,142,0,2,4.94,2024-03-27 23:58:48,Unknown,AUTO_SHADOW_BAN_SPAM_MODEL,0.00700000021606683
2125,DE,EUR,0,0,0,NULL,2015-10-15 17:34:03,Unknown,NULL,NULL
1858,DE,EUR,0,0,0,NULL,2015-10-15 17:34:03,Unknown,NULL,NULL
2274,FR,EUR,553,7,23,4.81,2019-12-31 11:24:53,i. 32+ years old,AUTO_SHADOW_BAN_SPAM_MODEL,0.00600000005215406
3566,UK,GBP,43,0,0,5,2021-10-31 15:19:00,Unknown,NULL,0.00600000005215406
1185,UK,GBP,104,3,2,4.86,2023-09-17 10:57:39,Unknown,NULL,0.023
3218,FR,EUR,202,1,11,4.78,2019-06-09 4:10:05,g. 27 - 29 years old,NULL,0.00600000005215406
42,FR,EUR,103,0,5,4.77,2019-12-29 13:43:42,Unknown,NULL,0.00600000005215406
388,FR,EUR,3,0,0,5,2023-09-29 23:29:26,Unknown,NULL,0.022
2590,UK,GBP,1239,2,38,4.87,2017-04-19 15:25:22,Unknown,NULL,0.00600000005215406
3298,UK,GBP,221,0,1,4.97,2024-03-17 16:13:51,i. 32+ years old,NULL,0.009
2224,ES,EUR,0,0,0,NULL,2024-07-26 10:56:17,Unknown,NULL,0.156
3603,PL,PLN,16,0,16,3.06,2023-06-01 19:25:22,Unknown,NULL,0.009
3685,PL,PLN,35,0,0,4.97,2015-09-07 6:38:33,e. 20 - 22 years old,NULL,NULL
2892,PL,PLN,35,0,0,4.97,2015-09-07 6:38:33,e. 20 - 22 years old,NULL,NULL
2677,PL,PLN,35,0,0,4.97,2015-09-07 6:38:33,e. 20 - 22 years old,NULL,NULL
1256,PL,PLN,35,0,0,4.97,2015-09-07 6:38:33,e. 20 - 22 years old,NULL,NULL
805,PL,PLN,35,0,0,4.97,2015-09-07 6:38:33,e. 20 - 22 years old,NULL,NULL
518,PL,PLN,35,0,0,4.97,2015-09-07 6:38:33,e. 20 - 22 years old,NULL,NULL
3621,FR,EUR,128,1,1,4.91,2018-11-21 11:09:55,Unknown,NULL,0.00600000005215406
303,UK,GBP,30,0,0,5,2021-08-20 17:24:17,Unknown,NULL,0.00600000005215406
2799,UK,GBP,10,0,0,5,2022-04-03 15:39:08,Unknown,NULL,0.00999999977648258
977,ES,EUR,0,0,0,NULL,2024-07-07 15:05:56,i. 32+ years old,NULL,0.059
1874,UK,GBP,20,0,4,4.33,2023-11-20 19:43:31,Unknown,NULL,0.007
2543,FR,EUR,220,2,10,4.78,2019-11-24 18:42:32,i. 32+ years old,NULL,0.00600000005215406
2765,UK,GBP,489,2,2,4.97,2022-05-12 7:57:30,Unknown,NULL,0.0130000002682209
1889,SE,SEK,65,1,0,4.94,2024-01-16 20:17:24,Unknown,AUTO_SHADOW_BAN_MEMBER_SCORE,0.007
2869,PL,PLN,22,0,0,5,2022-08-15 17:51:32,Unknown,AUTO_SHADOW_BAN_MEMBER_SCORE,0.00700000021606683
988,UK,GBP,3,0,0,5,2024-02-04 20:23:38,Unknown,NULL,0.013
3033,IT,EUR,35,0,1,4.89,2023-06-11 0:26:46,Unknown,AUTO_SHADOW_BAN_MEMBER_SCORE,0.007
3454,UK,GBP,1113,0,2,4.99,2022-01-21 19:23:05,Unknown,AUTO_SHADOW_BAN_SPAM_MODEL,0.00999999977648258
2662,UK,GBP,1113,0,2,4.99,2022-01-21 19:23:05,Unknown,AUTO_SHADOW_BAN_SPAM_MODEL,0.00999999977648258
162,UK,GBP,67,0,1,4.93,2024-03-14 18:06:23,Unknown,NULL,0.068
2378,UK,GBP,8,0,0,5,2024-06-15 18:40:24,Unknown,NULL,0.01
3415,UK,GBP,150,2,9,4.74,2014-03-24 11:09:43,g. 27 - 29 years old,NULL,0.00600000005215406
2680,UK,GBP,178,4,2,4.9,2021-04-28 11:16:26,i. 32+ years old,NULL,0.00600000005215406
2827,UK,GBP,1056,1,7,4.97,2021-02-09 20:19:49,i. 32+ years old,AUTO_SHADOW_BAN_SPAM_MODEL,0.00600000005215406
1419,UK,GBP,32,1,2,4.71,2023-07-04 14:31:22,Unknown,NULL,0.008
3636,UK,GBP,339,3,7,4.9,2021-05-16 16:07:18,i. 32+ years old,NULL,0.00600000005215406
3545,US,USD,1,0,0,5,2020-07-22 20:09:02,Unknown,NULL,NULL
2053,US,USD,1,0,0,5,2020-07-22 20:09:02,Unknown,NULL,NULL
893,UK,GBP,302,1,12,4.83,2021-01-17 18:36:47,i. 32+ years old,NULL,0.00600000005215406
2979,UK,GBP,39,0,1,4.9,2023-02-19 13:26:54,Unknown,NULL,0.08
2111,UK,GBP,88,0,1,4.94,2022-08-12 5:29:31,Unknown,NULL,0.0219999998807907
2712,FR,EUR,525,1,22,4.81,2018-01-06 11:18:24,Unknown,NULL,0.00600000005215406
1532,FR,EUR,525,1,22,4.81,2018-01-06 11:18:24,Unknown,NULL,0.00600000005215406
1104,FR,EUR,1,0,0,5,2021-01-17 20:30:26,i. 32+ years old,SHIPPING_SCAM,0.00600000005215406
3404,FR,EUR,77,0,0,5,2013-06-06 6:43:58,f. 23 - 26 years old,NULL,0.00600000005215406
2232,FR,EUR,77,0,0,5,2013-06-06 6:43:58,f. 23 - 26 years old,NULL,0.00600000005215406
2073,FR,EUR,77,0,0,5,2013-06-06 6:43:58,f. 23 - 26 years old,NULL,0.00600000005215406
1094,FR,EUR,77,0,0,5,2013-06-06 6:43:58,f. 23 - 26 years old,NULL,0.00600000005215406
571,FR,EUR,77,0,0,5,2013-06-06 6:43:58,f. 23 - 26 years old,NULL,0.00600000005215406
477,FR,EUR,77,0,0,5,2013-06-06 6:43:58,f. 23 - 26 years old,NULL,0.00600000005215406
420,FR,EUR,77,0,0,5,2013-06-06 6:43:58,f. 23 - 26 years old,NULL,0.00600000005215406
19,FR,EUR,77,0,0,5,2013-06-06 6:43:58,f. 23 - 26 years old,NULL,0.00600000005215406
33,UK,GBP,80,0,14,4.38,2021-09-10 11:24:58,Unknown,NULL,0.00600000005215406
2133,UK,GBP,50,1,13,4.16,2022-11-09 16:44:08,Unknown,NULL,0.011
3685,US,USD,0,0,0,NULL,2014-03-11 11:27:39,Unknown,NULL,NULL
2892,US,USD,0,0,0,NULL,2014-03-11 11:27:39,Unknown,NULL,NULL
2677,US,USD,0,0,0,NULL,2014-03-11 11:27:39,Unknown,NULL,NULL
1256,US,USD,0,0,0,NULL,2014-03-11 11:27:39,Unknown,NULL,NULL
805,US,USD,0,0,0,NULL,2014-03-11 11:27:39,Unknown,NULL,NULL
518,US,USD,0,0,0,NULL,2014-03-11 11:27:39,Unknown,NULL,NULL
776,FR,EUR,22,0,0,4.95,2019-04-08 6:56:42,Unknown,NULL,0.00600000005215406
3091,UK,GBP,118,0,17,4.48,2021-07-03 8:13:36,Unknown,NULL,0.00600000005215406
2832,UK,GBP,21,0,0,5,2022-11-12 21:50:07,Unknown,NULL,0.026
949,UK,GBP,189,0,3,4.93,2022-04-26 10:01:59,Unknown,NULL,0.112999998033046
2016,FR,EUR,26,0,2,4.71,2022-08-03 17:29:45,Unknown,NULL,0.0209999997168779
633,UK,GBP,18,0,1,4.79,2023-08-28 23:23:56,Unknown,NULL,0.013
1776,NL,EUR,66,0,1,4.91,2020-01-26 20:21:31,Unknown,NULL,0.00600000005215406
449,UK,GBP,18,0,0,5,2023-12-29 18:25:36,Unknown,NULL,0.037
1786,UK,GBP,0,0,0,0,2024-05-20 8:02:57,Unknown,BANK_ST_BLOCKED,0.017
3620,UK,GBP,104,0,0,4.98,2021-01-11 22:23:39,d. 17 - 19 years old,NULL,0.00600000005215406
3576,FR,EUR,282,0,1,4.97,2019-12-23 21:43:07,i. 32+ years old,AUTO_PHISHING_IMAGE_REVIEW,0.00600000005215406
883,UK,GBP,289,0,2,4.97,2022-05-01 13:23:09,Unknown,NULL,0.00600000005215406
3146,DK,DKK,3,0,0,5,2024-06-09 15:50:27,h. 30 - 31 years old,NULL,0.32
417,FR,EUR,13,0,1,4.71,2024-03-16 14:38:56,e. 20 - 22 years old,NULL,0.074
1799,UK,GBP,271,0,3,4.94,2022-07-04 19:07:30,Unknown,NULL,0.0189999993890523
994,UK,GBP,330,1,13,4.83,2020-09-10 13:54:43,Unknown,NULL,0.00600000005215406
2634,FR,EUR,155,2,16,4.59,2020-05-25 23:26:35,Unknown,NULL,0.00600000005215406
1744,UK,GBP,197,2,35,4.37,2021-04-03 23:25:28,Unknown,NULL,0.00600000005215406
2605,US,USD,0,0,0,NULL,2019-02-20 23:30:32,Unknown,NULL,NULL
2106,US,USD,0,0,0,NULL,2019-02-20 23:30:32,Unknown,NULL,NULL
2167,UK,GBP,137,4,6,4.76,2023-04-11 17:55:51,f. 23 - 26 years old,NULL,0.025
3100,DE,EUR,18,1,0,4.89,2012-12-16 10:12:00,b. 13 - 15 years old,NULL,NULL
2610,DE,EUR,18,1,0,4.89,2012-12-16 10:12:00,b. 13 - 15 years old,NULL,NULL
1923,DE,EUR,18,1,0,4.89,2012-12-16 10:12:00,b. 13 - 15 years old,NULL,NULL
1381,DE,EUR,18,1,0,4.89,2012-12-16 10:12:00,b. 13 - 15 years old,NULL,NULL
1280,DE,EUR,18,1,0,4.89,2012-12-16 10:12:00,b. 13 - 15 years old,NULL,NULL
304,DE,EUR,18,1,0,4.89,2012-12-16 10:12:00,b. 13 - 15 years old,NULL,NULL
274,DE,EUR,18,1,0,4.89,2012-12-16 10:12:00,b. 13 - 15 years old,NULL,NULL
852,FR,EUR,545,4,9,4.91,2018-09-07 11:09:12,Unknown,AUTO_PHISHING_URL_REVIEW,0.00600000005215406
681,IT,EUR,476,3,0,4.97,2021-02-20 17:44:03,Unknown,AUTO_SHADOW_BAN_SPAM_MODEL,0.00600000005215406
337,UK,GBP,241,0,0,4.98,2023-02-20 14:11:24,Unknown,NULL,0.011
1998,UK,GBP,39,0,0,5,2023-11-09 11:39:16,Unknown,NULL,0.011
873,FR,EUR,3,0,0,5,2024-07-07 6:49:28,Unknown,AUTO_SHADOW_BAN_MSG_SIMILARITY,0.018
1347,FR,EUR,738,9,16,4.87,2020-07-31 10:01:44,b. 13 - 15 years old,AUTO_SHADOW_BAN_SPAM_MODEL,0.00600000005215406
971,UK,GBP,45,0,3,4.77,2023-01-31 9:53:57,i. 32+ years old,NULL,0.015
2316,UK,GBP,104,1,4,4.83,2023-05-01 18:25:32,i. 32+ years old,NULL,0.012
833,UK,GBP,546,4,6,4.93,2022-09-17 12:23:44,Unknown,AUTO_SHADOW_BAN_SPAM_MODEL,0.0140000004321336
3144,UK,GBP,324,0,2,4.97,2021-04-22 21:21:33,d. 17 - 19 years old,NULL,0.00600000005215406
2417,UK,GBP,16,0,1,4.76,2022-07-03 16:18:03,Unknown,NULL,0.118000000715255
3311,UK,GBP,14,0,0,4.93,2023-11-27 16:58:18,Unknown,NULL,0.224
2153,IT,EUR,70,0,3,4.81,2023-10-02 15:37:22,i. 32+ years old,NULL,0.019
992,UK,GBP,122,0,0,5,2024-05-13 11:59:17,Unknown,NULL,0.28
3700,FR,EUR,656,2,64,4.63,2017-02-09 16:50:17,f. 23 - 26 years old,ACCOUNT_COMPROMISED_SELF_REPORTED,0.00600000005215406
2182,UK,GBP,30,0,0,5,2021-04-15 17:21:13,Unknown,NULL,0.00600000005215406
436,IT,EUR,9,0,1,4.6,2022-11-27 7:57:06,Unknown,NULL,0.018
3572,IT,EUR,1018,8,26,4.85,2021-05-11 19:16:29,Unknown,BLOCK_2PROFILES,0.00600000005215406
540,UK,GBP,35,0,5,4.48,2023-03-27 20:38:56,Unknown,NULL,0.01
1894,PL,PLN,61,0,0,5,2020-02-06 17:23:44,Unknown,NULL,0.00600000005215406
3684,IT,EUR,17,0,0,5,2023-04-07 1:07:12,Unknown,NULL,0.007
923,UK,GBP,205,0,2,4.96,2021-04-15 16:43:45,Unknown,NULL,0.00600000005215406
2764,UK,GBP,18,0,2,4.6,2022-10-15 9:48:04,Unknown,NULL,0.006
3323,ES,EUR,38,0,5,4.56,2023-10-15 15:43:26,Unknown,NULL,0.009
3501,UK,GBP,137,1,1,4.95,2023-06-04 21:14:14,Unknown,NULL,0.011
3029,US,USD,0,0,0,NULL,2014-01-26 15:27:17,Unknown,NULL,NULL
2739,US,USD,0,0,0,NULL,2014-01-26 15:27:17,Unknown,NULL,NULL
2027,US,USD,0,0,0,NULL,2014-01-26 15:27:17,Unknown,NULL,NULL
1999,US,USD,0,0,0,NULL,2014-01-26 15:27:17,Unknown,NULL,NULL
1783,US,USD,0,0,0,NULL,2014-01-26 15:27:17,Unknown,NULL,NULL
1565,US,USD,0,0,0,NULL,2014-01-26 15:27:17,Unknown,NULL,NULL
1423,US,USD,0,0,0,NULL,2014-01-26 15:27:17,Unknown,NULL,NULL
2220,UK,GBP,226,1,11,4.79,2021-08-23 11:16:25,i. 32+ years old,NULL,0.00600000005215406
861,UK,GBP,20,0,2,4.64,2024-03-19 17:39:38,g. 27 - 29 years old,NULL,0.021
2483,DE,EUR,0,0,0,NULL,2019-04-03 17:44:16,Unknown,NULL,NULL
1114,DE,EUR,0,0,0,NULL,2019-04-03 17:44:16,Unknown,NULL,NULL
3698,FR,EUR,1208,2,10,4.95,2015-03-09 23:08:14,Unknown,NULL,0.00600000005215406
3163,FR,EUR,1208,2,10,4.95,2015-03-09 23:08:14,Unknown,NULL,0.00600000005215406
2425,FR,EUR,1208,2,10,4.95,2015-03-09 23:08:14,Unknown,NULL,0.00600000005215406
1820,FR,EUR,1208,2,10,4.95,2015-03-09 23:08:14,Unknown,NULL,0.00600000005215406
147,FR,EUR,1208,2,10,4.95,2015-03-09 23:08:14,Unknown,NULL,0.00600000005215406
3028,UK,GBP,101,1,0,4.98,2023-06-06 10:14:41,Unknown,NULL,0.009
426,UK,GBP,6,0,0,5,2023-10-26 19:57:51,Unknown,NULL,0.006
267,FR,EUR,182,4,14,4.62,2021-03-05 16:37:57,e. 20 - 22 years old,AUTO_SHADOW_BAN_SPAM_MODEL,0.00600000005215406
2851,US,USD,0,0,0,NULL,2016-06-08 3:59:04,Unknown,NULL,NULL
1828,US,USD,0,0,0,NULL,2016-06-08 3:59:04,Unknown,NULL,NULL
2931,CZ,CZK,7,0,0,5,2019-07-12 11:51:13,Unknown,NULL,NULL
1502,CZ,CZK,7,0,0,5,2019-07-12 11:51:13,Unknown,NULL,NULL
848,CZ,CZK,7,0,0,5,2019-07-12 11:51:13,Unknown,NULL,NULL
391,CZ,CZK,7,0,0,5,2019-07-12 11:51:13,Unknown,NULL,NULL
3578,UK,GBP,24,1,0,4.92,2022-06-04 21:16:22,Unknown,NULL,0.00800000037997961
2212,NL,EUR,42,0,1,4.91,2023-09-28 2:11:07,Unknown,NULL,0.093
3658,NL,EUR,4,0,0,5,2020-12-28 15:31:28,Unknown,NULL,0.00600000005215406
1913,UK,GBP,26,0,0,4.96,2022-08-20 12:10:15,Unknown,AUTO_SHADOW_BAN_SPAM_MODEL,0.00600000005215406
3357,UK,GBP,160,1,7,4.81,2023-02-21 20:42:20,Unknown,AUTO_SHADOW_BAN_MSG_SIMILARITY,0.014
2375,UK,GBP,21,0,0,5,2023-04-04 16:29:56,Unknown,NULL,0.013
2366,FR,EUR,460,0,5,4.93,2020-06-27 22:30:57,i. 32+ years old,NULL,0.00600000005215406
2388,UK,GBP,231,0,0,5,2021-07-02 20:51:38,Unknown,NULL,0.00600000005215406
3646,UK,GBP,19,0,0,5,2023-03-20 13:19:16,Unknown,NULL,0.006
1421,UK,GBP,20,0,0,5,2023-11-28 11:13:30,Unknown,NULL,0.01
209,UK,GBP,1153,4,21,4.92,2022-12-02 14:54:10,Unknown,NULL,0.01
759,FR,EUR,84,0,3,4.82,2022-07-03 17:52:56,d. 17 - 19 years old,NULL,0.133000001311302
1755,IT,EUR,122,1,0,4.97,2021-03-12 20:00:30,f. 23 - 26 years old,NULL,0.00600000005215406
1841,UK,GBP,22,0,0,4.86,2023-09-07 21:45:12,Unknown,NULL,0.012
598,UK,GBP,23,0,0,5,2023-11-13 10:21:42,i. 32+ years old,AUTO-BLOCK SHIPPING SCAM,0.011
2623,FR,EUR,513,11,67,4.5,2018-02-02 13:27:22,g. 27 - 29 years old,NULL,0.00600000005215406
1303,FR,EUR,513,11,67,4.5,2018-02-02 13:27:22,g. 27 - 29 years old,NULL,0.00600000005215406
3251,UK,GBP,37,0,1,4.87,2021-06-09 15:03:28,Unknown,AUTO_SHADOW_BAN_SPAM_MODEL,0.00600000005215406
3098,UK,GBP,39,0,0,5,2022-07-07 8:55:41,Unknown,NULL,0.0320000015199184
1840,UK,GBP,10,0,1,4.64,2023-08-15 20:56:03,Unknown,NULL,0.015
603,PT,EUR,68,0,1,4.94,2021-10-23 18:25:25,Unknown,NULL,0.0160000007599592
2330,UK,GBP,1070,0,6,4.97,2022-06-25 15:16:02,i. 32+ years old,NULL,0.00999999977648258
3399,UK,GBP,97,0,0,5,2021-04-16 6:11:45,Unknown,NULL,0.00600000005215406
3439,UK,GBP,26,1,0,4.93,2021-06-20 9:08:27,Unknown,NULL,0.00600000005215406
2434,FR,EUR,5,0,0,5,2017-01-31 14:25:36,Unknown,NULL,0.00600000005215406
3305,RO,RON,4,0,0,5,2024-06-14 14:59:29,Unknown,NULL,0.007
2752,UK,GBP,194,1,2,4.94,2021-06-13 17:03:17,Unknown,NULL,0.00600000005215406
2199,FR,EUR,254,1,0,4.99,2017-05-23 6:17:38,Unknown,NULL,0.00600000005215406
1562,NL,EUR,542,6,8,4.88,2019-11-24 13:40:51,Unknown,NULL,0.00600000005215406
3453,UK,GBP,5,0,0,5,2023-12-29 20:54:36,Unknown,NULL,0.015
1575,FR,EUR,157,1,0,4.95,2017-03-19 13:55:48,Unknown,NULL,0.00600000005215406
1083,SK,EUR,27,0,0,5,2023-09-15 18:22:53,Unknown,NULL,0.009
1109,DE,EUR,53,0,0,4.98,2024-01-24 15:34:49,f. 23 - 26 years old,AUTO_SHADOW_BAN_SPAM_MODEL,0.112
2193,UK,GBP,21,0,0,5,2022-09-24 22:15:48,Unknown,NULL,0.0179999992251396
668,UK,GBP,29,0,1,4.8,2024-01-09 11:15:12,Unknown,NULL,0.013
3368,PL,PLN,3,0,0,5,2024-07-21 19:35:22,Unknown,NULL,0.022
3428,NL,EUR,77,0,9,4.56,2021-02-09 16:03:19,Unknown,NULL,0.00600000005215406
1542,UK,GBP,678,2,49,4.73,2022-08-09 11:51:57,f. 23 - 26 years old,USED_COSMETIC_BLOCK,0.00700000021606683
3411,FR,EUR,45,0,1,4.91,2016-04-24 14:09:44,Unknown,AUTO_SHADOW_BAN_MEMBER_SCORE,0.00600000005215406
331,NL,EUR,67,1,4,4.75,2019-09-06 7:26:17,e. 20 - 22 years old,NULL,0.00600000005215406
3524,UK,GBP,84,1,23,4.13,2021-05-16 8:08:29,Unknown,SHADOW_BAN_BAD_ACTOR,0.00600000005215406
28,FR,EUR,18,0,6,4,2021-07-22 18:39:23,Unknown,NULL,0.00600000005215406
1730,UK,GBP,86,2,0,4.93,2021-07-02 19:01:25,Unknown,NULL,NULL
663,UK,GBP,195,0,5,4.9,2023-08-17 19:53:35,Unknown,NULL,0.015
2166,NL,EUR,84,0,4,4.8,2020-04-26 21:22:26,e. 20 - 22 years old,NULL,0.00600000005215406
398,UK,GBP,52,2,9,4.33,2022-06-14 20:51:32,Unknown,NULL,0.0109999999403953
227,UK,GBP,76,0,5,4.72,2022-10-13 18:42:55,Unknown,NULL,0.011
2480,UK,GBP,3,0,0,4.67,2023-12-01 19:17:12,Unknown,NULL,0.011
1299,FR,EUR,480,1,4,4.96,2019-08-10 22:15:39,e. 20 - 22 years old,NULL,0.00600000005215406
2575,FR,EUR,7,0,0,5,2020-12-15 18:13:13,b. 13 - 15 years old,NULL,0.00600000005215406
3678,UK,GBP,171,0,6,4.85,2022-01-14 16:52:07,i. 32+ years old,NULL,0.0120000001043081
1354,UK,GBP,171,0,6,4.85,2022-01-14 16:52:07,i. 32+ years old,NULL,0.0120000001043081
395,IT,EUR,373,1,4,4.95,2022-10-08 21:28:27,Unknown,NULL,0.007
3169,NL,EUR,2928,18,94,4.84,2020-02-17 18:58:37,h. 30 - 31 years old,NULL,0.00600000005215406
2847,DE,EUR,0,0,0,NULL,2018-08-21 3:33:31,Unknown,NULL,NULL
1922,DE,EUR,0,0,0,NULL,2018-08-21 3:33:31,Unknown,NULL,NULL
51,IT,EUR,99,1,3,4.84,2021-04-20 10:59:24,Unknown,AUTO_SHADOW_BAN_SPAM_MODEL,0.00600000005215406
2084,ES,EUR,2,0,0,5,2022-04-16 8:23:02,Unknown,AUTO_SHADOW_BAN_SPAM_MODEL,0.0109999999403953
187,UK,GBP,31,0,0,5,2023-02-27 20:36:35,i. 32+ years old,NULL,0.012
635,UK,GBP,42,0,0,5,2022-05-31 22:00:22,Unknown,NULL,0.00600000005215406
3661,FR,EUR,281,3,4,4.9,2021-05-19 21:09:17,Unknown,NULL,0.00600000005215406
2883,IT,EUR,177,0,0,4.99,2021-01-08 21:21:55,i. 32+ years old,NULL,0.00600000005215406
2955,UK,GBP,0,0,2,1,2023-01-05 21:48:43,d. 17 - 19 years old,NULL,0.071
2524,NL,EUR,206,0,3,4.93,2019-12-11 14:26:47,Unknown,NULL,0.00600000005215406
2332,CZ,CZK,294,1,12,4.83,2019-05-01 12:17:48,Unknown,NULL,0.00600000005215406
1226,CZ,CZK,294,1,12,4.83,2019-05-01 12:17:48,Unknown,NULL,0.00600000005215406
3389,UK,GBP,113,0,1,4.95,2022-05-27 14:36:09,h. 30 - 31 years old,NULL,0.00800000037997961
281,UK,GBP,0,0,0,NULL,2024-07-29 4:36:18,f. 23 - 26 years old,NULL,0.727
3455,FR,EUR,173,0,1,4.97,2020-07-05 15:30:38,Unknown,NULL,0.00600000005215406
3193,PL,PLN,47,0,1,4.92,2022-08-16 22:48:40,Unknown,NULL,0.0839999988675117
3152,UK,GBP,24,0,4,4.43,2021-02-20 16:01:30,Unknown,NULL,0.00600000005215406
1782,UK,GBP,135,2,6,4.78,2023-03-13 20:21:44,Unknown,NULL,0.028
596,IT,EUR,89,1,2,4.87,2023-08-30 12:11:58,Unknown,NULL,0.015
2513,UK,GBP,0,0,0,NULL,2024-07-27 19:07:09,Unknown,NULL,0.758
1483,IT,EUR,7,0,2,4.11,2024-05-11 15:04:19,f. 23 - 26 years old,AUTO_SHADOW_BAN_SPAM_MODEL,0.087
891,UK,GBP,646,5,14,4.89,2022-09-17 14:05:14,Unknown,NULL,0.0640000030398368
1537,UK,GBP,20,0,12,3.5,2022-12-19 21:53:40,Unknown,NULL,0.028
2299,UK,GBP,1260,0,13,4.95,2022-10-23 8:08:11,Unknown,NULL,0.031
1431,UK,GBP,89,0,0,4.99,2021-12-02 19:37:55,Unknown,NULL,0.0189999993890523
1051,UK,GBP,89,0,0,4.99,2021-12-02 19:37:55,Unknown,NULL,0.0189999993890523
2603,UK,GBP,109,0,11,4.63,2023-01-16 23:23:37,e. 20 - 22 years old,NULL,0.015
2998,UK,GBP,22,0,0,5,2021-10-19 21:08:19,Unknown,NULL,0.0160000007599592
3465,UK,GBP,15,0,1,4.75,2022-11-06 22:33:29,Unknown,NULL,0.02
1781,UK,GBP,1,0,0,5,2023-12-07 18:15:34,Unknown,NULL,0.279
1455,UK,GBP,429,1,2,4.97,2024-04-10 4:09:59,Unknown,NULL,0.015
2071,UK,GBP,43,0,0,5,2022-06-25 5:00:56,Unknown,NULL,0.0120000001043081
1205,UK,GBP,186,0,0,4.99,2023-10-31 17:47:53,Unknown,NULL,0.012
520,IT,EUR,3,0,0,5,2024-07-17 4:18:29,Unknown,NULL,0.006
3690,US,USD,0,0,0,NULL,2014-02-03 18:03:53,Unknown,NULL,NULL
3053,US,USD,0,0,0,NULL,2014-02-03 18:03:53,Unknown,NULL,NULL
3051,US,USD,0,0,0,NULL,2014-02-03 18:03:53,Unknown,NULL,NULL
2177,US,USD,0,0,0,NULL,2014-02-03 18:03:53,Unknown,NULL,NULL
952,US,USD,0,0,0,NULL,2014-02-03 18:03:53,Unknown,NULL,NULL
715,US,USD,0,0,0,NULL,2014-02-03 18:03:53,Unknown,NULL,NULL
650,US,USD,0,0,0,NULL,2014-02-03 18:03:53,Unknown,NULL,NULL
1179,HU,HUF,31,0,0,5,2023-03-04 12:00:43,Unknown,NULL,0.006
56,FR,EUR,72,0,4,4.76,2017-01-26 11:09:44,Unknown,NULL,0.00600000005215406
1780,UK,GBP,11,0,0,4.91,2022-06-16 21:42:36,Unknown,NULL,0.00800000037997961
1728,UK,GBP,16,0,0,5,2023-04-19 16:47:31,Unknown,NULL,0.015
238,ES,EUR,11,0,1,4.75,2023-09-06 6:38:53,Unknown,AUTO_SHADOW_BAN_SPAM_MODEL,0.012
2491,UK,GBP,54,0,2,4.84,2022-05-06 7:25:48,Unknown,NULL,0.00600000005215406
2418,FR,EUR,694,1,41,4.77,2024-05-03 16:50:28,e. 20 - 22 years old,SCAM_OTHER,0.101
542,FR,EUR,10,0,3,4,2020-11-18 20:38:55,Unknown,NULL,0.00600000005215406
2079,UK,GBP,482,0,1,4.99,2018-02-20 20:52:43,i. 32+ years old,NULL,0.00600000005215406
611,PL,PLN,4,0,0,5,2020-06-07 10:58:26,Unknown,NULL,0.00600000005215406
1443,UK,GBP,184,0,0,5,2023-02-12 16:15:12,f. 23 - 26 years old,NULL,0.019
580,UK,GBP,30,0,2,4.75,2024-06-21 13:56:42,Unknown,NULL,0.149
3145,DE,EUR,1,0,0,5,2017-04-30 14:52:47,Unknown,NULL,NULL
1742,DE,EUR,1,0,0,5,2017-04-30 14:52:47,Unknown,NULL,NULL
2083,UK,GBP,36,0,1,4.89,2022-06-28 13:27:19,Unknown,NULL,0.0289999991655349
777,RO,RON,67,0,5,4.71,2023-08-28 16:44:00,Unknown,AUTO_SHADOW_BAN_SPAM_MODEL,0.007
3634,FR,EUR,646,1,6,4.95,2015-03-28 23:09:04,e. 20 - 22 years old,NULL,0.00600000005215406
3022,FR,EUR,646,1,6,4.95,2015-03-28 23:09:04,e. 20 - 22 years old,NULL,0.00600000005215406
2110,FR,EUR,646,1,6,4.95,2015-03-28 23:09:04,e. 20 - 22 years old,NULL,0.00600000005215406
570,FR,EUR,646,1,6,4.95,2015-03-28 23:09:04,e. 20 - 22 years old,NULL,0.00600000005215406
275,FR,EUR,646,1,6,4.95,2015-03-28 23:09:04,e. 20 - 22 years old,NULL,0.00600000005215406
673,UK,GBP,158,0,0,4.99,2022-01-30 14:11:40,i. 32+ years old,NULL,0.0109999999403953
295,UK,GBP,158,0,0,4.99,2022-01-30 14:11:40,i. 32+ years old,NULL,0.0109999999403953
1321,FR,EUR,215,1,5,4.89,2018-12-09 11:43:28,Unknown,NULL,0.00600000005215406
915,UK,GBP,58,0,0,5,2024-02-20 18:01:26,Unknown,AUTO_SHADOW_BAN_SPAM_MODEL,0.011
3318,FR,EUR,456,3,13,4.86,2020-03-06 12:48:45,b. 13 - 15 years old,BLOCK_2PROFILES,0.00600000005215406
3313,ES,EUR,219,3,13,4.74,2021-01-15 20:47:45,g. 27 - 29 years old,NULL,0.00600000005215406
3432,UK,GBP,35,0,0,5,2022-10-18 19:03:53,Unknown,NULL,0.01
1629,UK,GBP,49,0,1,4.94,2023-03-12 10:14:40,Unknown,NULL,0.013
3338,UK,GBP,23,0,0,5,2023-12-28 9:30:57,Unknown,NULL,0.787
491,FR,EUR,54,0,0,4.98,2018-03-07 20:23:44,Unknown,NULL,0.00600000005215406
699,PL,PLN,167,0,2,4.95,2017-08-16 10:58:39,Unknown,NULL,0.00600000005215406
1115,FR,EUR,266,0,5,4.89,2016-09-28 14:24:36,f. 23 - 26 years old,NULL,0.00600000005215406
706,UK,GBP,4,0,0,5,2023-07-28 6:28:24,Unknown,NULL,0.014
2854,UK,GBP,43,0,0,5,2021-10-14 13:49:55,Unknown,NULL,0.00600000005215406
3180,FR,EUR,525,3,11,4.89,2016-11-13 10:39:21,Unknown,NULL,0.00600000005215406
1667,UK,GBP,259,0,3,4.95,2021-07-03 12:34:04,i. 32+ years old,NULL,0.00600000005215406
186,PT,EUR,359,2,5,4.92,2022-09-16 22:10:53,i. 32+ years old,AUTO_SHADOW_BAN_SPAM_MODEL,0.0170000009238719
2135,FR,EUR,139,0,13,4.63,2021-01-07 17:54:41,g. 27 - 29 years old,NULL,0.00600000005215406
1534,PL,PLN,179,3,9,4.75,2022-10-25 14:31:44,Unknown,AUTO_SHADOW_BAN_SPAM_MODEL,0.076
2863,NL,EUR,126,5,3,4.81,2020-08-22 13:33:34,f. 23 - 26 years old,NULL,0.00600000005215406
3289,UK,GBP,459,0,8,4.92,2021-06-21 9:55:24,e. 20 - 22 years old,NULL,0.00600000005215406
878,UK,GBP,12,0,0,5,2023-04-05 14:35:42,Unknown,NULL,0.006
2018,UK,GBP,568,1,11,4.91,2015-04-03 13:21:42,Unknown,HEALTH_RISK_ITEMS_BLOCK,0.00600000005215406
1634,UK,GBP,43,0,0,5,2022-10-10 19:35:11,i. 32+ years old,NULL,0.007
217,UK,GBP,161,0,12,4.72,2024-04-21 15:09:21,Unknown,AUTO_SHADOW_BAN_MSG_SIMILARITY,0.084
2773,UK,GBP,10,0,0,5,2023-10-05 18:47:09,Unknown,NULL,0.007
2409,FR,EUR,42,1,11,4.09,2021-12-15 16:35:39,e. 20 - 22 years old,NULL,0.00800000037997961
560,FR,EUR,42,1,11,4.09,2021-12-15 16:35:39,e. 20 - 22 years old,NULL,0.00800000037997961
886,UK,GBP,12,0,0,5,2023-09-19 19:34:07,Unknown,NULL,0.011
2354,UK,GBP,7,0,0,5,2023-03-22 22:16:51,Unknown,NULL,0.011
2307,FR,EUR,250,1,4,4.93,2022-08-09 16:54:42,Unknown,NULL,0.0109999999403953
3246,BE,EUR,1824,4,20,4.94,2018-09-29 7:02:09,i. 32+ years old,COMMERCIAL_3,0.00600000005215406
2474,DE,EUR,0,0,0,NULL,2016-01-21 18:24:34,Unknown,NULL,NULL
1122,DE,EUR,0,0,0,NULL,2016-01-21 18:24:34,Unknown,NULL,NULL
2609,FR,EUR,23,0,3,4.54,2023-05-24 14:00:34,Unknown,NULL,0.066
879,UK,GBP,300,1,39,4.53,2018-01-03 20:08:48,Unknown,NULL,0.00600000005215406
1373,FR,EUR,56,0,0,5,2024-05-08 21:53:03,i. 32+ years old,AUTO_SHADOW_BAN_SPAM_MODEL,0.015
1947,UK,GBP,134,0,3,4.91,2024-02-03 18:49:59,Unknown,MP_DROPSHIPPING_SCAM,0.021
2982,UK,GBP,69,0,0,5,2024-05-22 22:53:49,g. 27 - 29 years old,NULL,0.008
1192,UK,GBP,229,0,0,5,2023-04-12 13:11:29,Unknown,AUTO_SHADOW_BAN_MSG_SIMILARITY,0.01
597,NL,EUR,46,0,1,4.89,2022-11-17 13:18:29,Unknown,NULL,0.011
3050,UK,GBP,84,0,2,4.91,2024-01-15 14:29:59,e. 20 - 22 years old,AUTO_SHADOW_BAN_MSG_SIMILARITY,0.006
3435,UK,GBP,46,0,1,4.91,2024-07-16 21:26:39,g. 27 - 29 years old,AUTO_SHADOW_BAN_MSG_SIMILARITY,0.009
782,AT,EUR,12,0,1,4.69,2013-10-03 18:23:04,Unknown,NULL,0.00600000005215406
276,FR,EUR,99,0,0,4.97,2022-07-10 19:43:20,i. 32+ years old,C2C_COMM_BLOCK,0.00700000021606683
539,UK,GBP,447,2,8,4.91,2022-09-24 17:01:05,Unknown,NULL,0.11999999731779
2703,DE,EUR,0,0,0,NULL,2020-01-19 19:57:26,Unknown,NULL,NULL
1004,DE,EUR,0,0,0,NULL,2020-01-19 19:57:26,Unknown,NULL,NULL
174,UK,GBP,43,0,0,5,2021-10-25 13:49:41,Unknown,NULL,0.0240000002086162
1461,PL,PLN,2354,8,15,4.96,2022-05-17 21:55:01,Unknown,NULL,0.0130000002682209
840,FR,EUR,296,4,11,4.79,2023-07-06 15:49:36,Unknown,NULL,0.007
3575,DE,EUR,240,0,0,4.99,2017-01-18 20:39:34,Unknown,NULL,NULL
2928,DE,EUR,240,0,0,4.99,2017-01-18 20:39:34,Unknown,NULL,NULL
2305,DE,EUR,240,0,0,4.99,2017-01-18 20:39:34,Unknown,NULL,NULL
2112,DE,EUR,240,0,0,4.99,2017-01-18 20:39:34,Unknown,NULL,NULL
88,DE,EUR,240,0,0,4.99,2017-01-18 20:39:34,Unknown,NULL,NULL
125,IT,EUR,14,0,0,4.93,2024-08-15 11:19:38,Unknown,NULL,0.01
3633,DE,EUR,22,0,0,5,2012-11-05 21:12:28,d. 17 - 19 years old,NULL,NULL
3241,DE,EUR,22,0,0,5,2012-11-05 21:12:28,d. 17 - 19 years old,NULL,NULL
3000,DE,EUR,22,0,0,5,2012-11-05 21:12:28,d. 17 - 19 years old,NULL,NULL
2395,DE,EUR,22,0,0,5,2012-11-05 21:12:28,d. 17 - 19 years old,NULL,NULL
2128,DE,EUR,22,0,0,5,2012-11-05 21:12:28,d. 17 - 19 years old,NULL,NULL
1759,DE,EUR,22,0,0,5,2012-11-05 21:12:28,d. 17 - 19 years old,NULL,NULL
1470,DE,EUR,22,0,0,5,2012-11-05 21:12:28,d. 17 - 19 years old,NULL,NULL
3279,UK,GBP,12,0,0,5,2022-11-27 10:31:00,Unknown,NULL,0.007
2194,IT,EUR,88,0,4,4.83,2023-02-10 15:56:38,Unknown,NULL,0.008
463,FR,EUR,21,0,0,4.95,2024-03-16 22:57:01,Unknown,AUTO_SHADOW_BAN_MEMBER_SCORE,0.00999999977648258
3434,DE,EUR,0,0,0,NULL,2019-01-02 22:27:11,Unknown,NULL,NULL
1564,DE,EUR,0,0,0,NULL,2019-01-02 22:27:11,Unknown,NULL,NULL
2039,NL,EUR,39,0,0,5,2024-03-08 10:22:11,i. 32+ years old,NULL,0.163
2654,UK,GBP,18,0,0,5,2024-03-22 15:05:04,Unknown,NULL,0.012
3489,FR,EUR,941,2,6,4.95,2018-03-21 7:21:30,Unknown,NULL,0.00600000005215406
684,FR,EUR,941,2,6,4.95,2018-03-21 7:21:30,Unknown,NULL,0.00600000005215406
379,UK,GBP,21,0,0,5,2023-11-07 14:02:06,Unknown,NULL,0.042
2959,FR,EUR,10,0,0,5,2024-02-24 7:00:09,Unknown,NULL,0.015
3401,NL,EUR,2600,12,26,4.94,2021-10-16 14:49:59,f. 23 - 26 years old,AUTO_SHADOW_BAN_SPAM_MODEL,0.00600000005215406
3659,UK,GBP,103,0,0,4.99,2022-02-12 13:41:59,Unknown,NULL,0.00999999977648258
930,UK,GBP,103,0,0,4.99,2022-02-12 13:41:59,Unknown,NULL,0.00999999977648258
506,UK,GBP,12,0,0,5,2024-02-13 19:52:38,Unknown,NULL,0.039
627,FR,EUR,28,0,1,4.86,2018-05-09 18:34:08,Unknown,NULL,0.00600000005215406
1014,NL,EUR,309,6,11,4.79,2019-09-29 9:06:07,e. 20 - 22 years old,NULL,0.00600000005215406
3429,UK,GBP,329,0,14,4.83,2022-12-28 10:44:36,g. 27 - 29 years old,NULL,0.012
2258,DE,EUR,0,0,0,NULL,2019-12-16 16:49:13,Unknown,NULL,NULL
2144,DE,EUR,0,0,0,NULL,2019-12-16 16:49:13,Unknown,NULL,NULL
2050,UK,GBP,66,0,0,5,2024-07-26 10:14:34,Unknown,AUTO_SHADOW_BAN_MSG_SIMILARITY,0.02
3490,NL,EUR,3,0,0,5,2024-08-01 19:42:59,Unknown,AUTO_SHADOW_BAN_MSG_SIMILARITY,0.006
2754,UK,GBP,48,1,18,3.91,2023-01-12 18:00:42,Unknown,NULL,0.013
1636,UK,GBP,45,0,0,5,2023-11-03 21:26:56,Unknown,NULL,0.019
2859,LT,EUR,38,0,6,4.45,2020-11-03 0:47:39,Unknown,NULL,0.00600000005215406
3664,UK,GBP,209,1,2,4.95,2021-10-03 17:48:32,Unknown,NULL,0.00600000005215406
3482,NL,EUR,1,0,0,5,2024-06-22 14:59:02,Unknown,NULL,0.684
1522,DE,EUR,0,0,0,NULL,2020-05-03 11:36:35,Unknown,NULL,NULL
1140,DE,EUR,0,0,0,NULL,2020-05-03 11:36:35,Unknown,NULL,NULL
3277,FR,EUR,1001,13,34,4.81,2019-02-19 14:04:35,i. 32+ years old,NULL,0.00600000005215406
2881,UK,GBP,518,0,5,4.96,2023-02-17 15:12:51,Unknown,NULL,0.076
3354,NL,EUR,126,0,1,4.95,2021-04-12 4:43:34,Unknown,NULL,0.00600000005215406
3058,ES,EUR,226,0,0,4.99,2021-07-06 4:44:29,g. 27 - 29 years old,NULL,0.00600000005215406
887,UK,GBP,330,7,58,4.36,2023-04-12 14:12:19,f. 23 - 26 years old,AUTO_SHADOW_BAN_SPAM_MODEL,0.017
2132,UK,GBP,326,0,1,4.98,2024-01-15 15:58:04,i. 32+ years old,AUTO_SHADOW_BAN_SPAM_MODEL,0.136
167,UK,GBP,576,3,0,4.99,2024-04-05 15:49:49,i. 32+ years old,AUTO_SHADOW_BAN_MSG_SIMILARITY,0.014
2597,UK,GBP,679,4,28,4.81,2021-03-04 18:18:17,Unknown,REPLICA_OFFENDER,0.00600000005215406
105,UK,GBP,11,1,0,4.83,2022-10-09 20:38:28,f. 23 - 26 years old,NULL,0.012
3466,US,USD,0,0,0,NULL,2016-03-23 19:05:01,Unknown,NULL,NULL
3088,US,USD,0,0,0,NULL,2016-03-23 19:05:01,Unknown,NULL,NULL
62,FR,EUR,218,1,74,3.98,2017-10-09 7:31:49,i. 32+ years old,BLOCK_2PROFILES,0.00600000005215406
2459,DE,EUR,0,0,0,NULL,2016-03-16 17:14:34,Unknown,NULL,NULL
92,DE,EUR,0,0,0,NULL,2016-03-16 17:14:34,Unknown,NULL,NULL
2769,UK,GBP,706,0,1,4.99,2023-05-20 21:14:42,Unknown,NULL,0.01
927,UK,GBP,0,0,0,NULL,2024-06-26 1:19:56,Unknown,NULL,0.426
3166,DE,EUR,9,0,0,5,2018-06-16 19:29:23,Unknown,NULL,NULL
2659,DE,EUR,9,0,0,5,2018-06-16 19:29:23,Unknown,NULL,NULL
2086,UK,GBP,135,0,0,5,2022-03-19 22:47:30,Unknown,AUTO_SHADOW_BAN_SPAM_MODEL,0.00700000021606683
3078,UK,GBP,1,0,0,5,2022-10-28 23:22:12,Unknown,NULL,0.007
427,FR,EUR,1399,1,3,4.99,2020-01-08 20:48:53,Unknown,NULL,0.00600000005215406
2496,US,USD,0,0,0,NULL,2016-08-09 4:45:20,Unknown,NULL,NULL
888,US,USD,0,0,0,NULL,2016-08-09 4:45:20,Unknown,NULL,NULL
3004,UK,GBP,36,0,1,4.89,2023-09-28 8:22:36,Unknown,NULL,0.015
882,ES,EUR,32,0,1,4.82,2021-10-18 16:19:29,Unknown,NULL,0.00600000005215406
3382,UK,GBP,76,0,0,5,2023-04-12 7:08:50,Unknown,AUTO_SHADOW_BAN_MEMBER_SCORE,0.014
2155,ES,EUR,419,2,1,4.96,2019-07-23 16:39:44,Unknown,NULL,0.00600000005215406
1967,UK,GBP,91,0,4,4.84,2022-03-13 23:18:52,Unknown,AUTO_SHADOW_BAN_SPAM_MODEL,0.0140000004321336
3155,UK,GBP,1,0,0,5,2024-04-05 6:28:19,g. 27 - 29 years old,NULL,0.028
2051,FR,EUR,65,1,4,4.74,2023-10-20 10:12:02,i. 32+ years old,NULL,0.114
515,FR,EUR,244,2,5,4.88,2018-09-15 15:21:04,Unknown,NULL,0.00600000005215406
3060,ES,EUR,263,6,9,4.79,2019-05-06 20:02:01,Unknown,NULL,0.00600000005215406
3609,UK,GBP,61,0,2,4.81,2023-08-19 14:16:59,Unknown,NULL,0.011
1331,NL,EUR,122,0,3,4.9,2019-11-25 7:19:42,Unknown,AUTO_SHADOW_BAN_SPAM_MODEL,0.00600000005215406
576,UK,GBP,64,0,0,5,2022-12-04 13:27:25,Unknown,NULL,0.028
2478,FR,EUR,20,0,2,4.64,2018-08-28 14:18:43,Unknown,NULL,0.00600000005215406
1499,PL,PLN,36,1,0,4.92,2023-02-27 17:14:28,Unknown,NULL,0.006
2031,UK,GBP,863,0,2,4.99,2021-01-19 22:20:29,Unknown,NULL,0.00600000005215406
705,SK,EUR,164,0,7,4.84,2022-10-22 18:20:25,h. 30 - 31 years old,NULL,0.007
1802,DE,EUR,0,0,0,NULL,2016-02-11 19:45:32,Unknown,NULL,NULL
1096,DE,EUR,0,0,0,NULL,2016-02-11 19:45:32,Unknown,NULL,NULL
3487,UK,GBP,52,0,1,4.92,2022-01-12 15:39:38,d. 17 - 19 years old,NULL,0.025000000372529
821,UK,GBP,52,0,1,4.92,2022-01-12 15:39:38,d. 17 - 19 years old,NULL,0.025000000372529
2192,NL,EUR,46,0,0,4.96,2021-05-07 19:17:50,Unknown,NULL,0.00600000005215406
2160,UK,GBP,57,0,4,4.74,2021-07-25 17:10:29,Unknown,NULL,0.00600000005215406
3348,DE,EUR,7,0,0,5,2019-11-12 12:53:30,Unknown,NULL,NULL
2962,DE,EUR,7,0,0,5,2019-11-12 12:53:30,Unknown,NULL,NULL
825,UK,GBP,352,0,18,4.8,2020-07-28 10:29:49,Unknown,REPLICA_4,0.00600000005215406
3226,FR,EUR,442,0,5,4.95,2018-10-28 14:16:03,Unknown,NULL,0.00600000005215406
3390,UK,GBP,96,0,1,4.96,2021-11-24 21:04:30,Unknown,NULL,0.0199999995529651
1519,UK,GBP,96,0,1,4.96,2021-11-24 21:04:30,Unknown,NULL,0.0199999995529651
1817,DE,EUR,0,0,0,NULL,2016-10-27 12:08:23,Unknown,NULL,NULL
1343,DE,EUR,0,0,0,NULL,2016-10-27 12:08:23,Unknown,NULL,NULL
3154,FR,EUR,46,0,0,5,2024-02-02 13:52:44,Unknown,AUTO_SHADOW_BAN_SPAM_MODEL,0.013
858,FR,EUR,45,0,3,4.75,2022-01-07 14:33:24,Unknown,AUTO_SHADOW_BAN_SPAM_MODEL,0.142000004649162
330,FR,EUR,45,0,3,4.75,2022-01-07 14:33:24,Unknown,AUTO_SHADOW_BAN_SPAM_MODEL,0.142000004649162
1508,FR,EUR,866,16,184,4.23,2019-07-06 12:20:07,Unknown,REPLICA_OFFENDER,0.00600000005215406
403,UK,GBP,788,0,3,4.98,2020-01-23 16:59:36,f. 23 - 26 years old,NULL,0.00600000005215406
1036,IT,EUR,0,0,0,0,2024-07-22 14:48:13,Unknown,AUTO_SHADOW_BAN_MEMBER_SCORE,0.089
2931,FR,EUR,716,5,13,4.9,2014-06-04 5:54:23,e. 20 - 22 years old,ACCOUNT_COMPROMISED,0.00600000005215406
1502,FR,EUR,716,5,13,4.9,2014-06-04 5:54:23,e. 20 - 22 years old,ACCOUNT_COMPROMISED,0.00600000005215406
848,FR,EUR,716,5,13,4.9,2014-06-04 5:54:23,e. 20 - 22 years old,ACCOUNT_COMPROMISED,0.00600000005215406
391,FR,EUR,716,5,13,4.9,2014-06-04 5:54:23,e. 20 - 22 years old,ACCOUNT_COMPROMISED,0.00600000005215406
1492,UK,GBP,63,0,0,5,2022-11-01 20:28:25,Unknown,NULL,0.006
2333,UK,GBP,299,1,0,4.99,2021-07-22 21:17:05,Unknown,NULL,0.00600000005215406
3160,UK,GBP,0,0,0,NULL,2022-01-02 18:17:55,g. 27 - 29 years old,NULL,0.00600000005215406
3039,UK,GBP,0,0,0,NULL,2022-01-02 18:17:55,g. 27 - 29 years old,NULL,0.00600000005215406
972,UK,GBP,0,0,0,NULL,2024-09-11 18:06:09,Unknown,NULL,0.518
658,UK,GBP,171,2,3,4.89,2023-07-03 0:52:26,i. 32+ years old,BLOCK_2PROFILES,0.01
1488,NL,EUR,128,1,0,4.96,2024-05-07 14:53:18,e. 20 - 22 years old,NULL,0.012
2607,DE,EUR,0,0,0,NULL,2017-02-12 21:53:03,Unknown,NULL,NULL
903,DE,EUR,0,0,0,NULL,2017-02-12 21:53:03,Unknown,NULL,NULL
2874,FR,EUR,1137,2,3,4.98,2021-06-28 12:51:06,g. 27 - 29 years old,NULL,0.00600000005215406
3167,UK,GBP,72,0,0,5,2022-02-01 22:40:26,Unknown,NULL,0.025000000372529
605,UK,GBP,72,0,0,5,2022-02-01 22:40:26,Unknown,NULL,0.025000000372529
695,NL,EUR,80,0,0,4.98,2019-10-31 19:45:59,i. 32+ years old,NULL,0.00600000005215406
2588,FR,EUR,130,0,2,4.91,2020-08-27 16:48:07,Unknown,SHIPPING_SCAM,0.00600000005215406
2089,UK,GBP,30,0,11,3.85,2021-03-08 1:14:02,e. 20 - 22 years old,REPLICA_OFFENDER,0.00600000005215406
1747,UK,GBP,450,1,24,4.79,2022-06-18 12:37:52,Unknown,AUTO_SHADOW_BAN_SPAM_MODEL,0.00800000037997961
3654,UK,GBP,19,0,0,5,2023-10-02 12:07:16,Unknown,NULL,0.021
1672,UK,GBP,13,0,0,5,2024-02-25 16:12:47,i. 32+ years old,NULL,0.005
1468,ES,EUR,1,0,2,2.33,2021-08-19 23:17:37,Unknown,NULL,0.00600000005215406
2608,DE,EUR,0,0,0,NULL,2020-09-10 18:14:55,Unknown,NULL,NULL
1982,DE,EUR,0,0,0,NULL,2020-09-10 18:14:55,Unknown,NULL,NULL
544,UK,GBP,230,0,0,4.99,2021-03-27 23:19:21,Unknown,NULL,0.00600000005215406
751,UK,GBP,53,0,1,4.93,2021-10-13 14:10:28,Unknown,NULL,0.00600000005215406
828,FR,EUR,20,0,0,5,2023-04-08 11:42:17,Unknown,AUTO_PHISHING_IMAGE_REVIEW,0.007
35,UK,GBP,1317,9,53,4.83,2021-10-16 22:55:50,Unknown,NULL,0.00600000005215406
2437,UK,GBP,0,0,0,0,2024-07-27 15:24:21,Unknown,NULL,0.549
2829,UK,GBP,245,0,6,4.89,2023-03-26 13:17:04,i. 32+ years old,NULL,0.031
3496,NL,EUR,2,0,0,5,2021-01-29 9:01:47,d. 17 - 19 years old,NULL,0.00600000005215406
3019,UK,GBP,32,0,1,4.79,2021-04-07 22:49:29,c. 16 - 16 years old,NULL,0.00600000005215406
2068,DE,EUR,0,0,0,NULL,2020-02-02 16:01:15,Unknown,NULL,NULL
1607,DE,EUR,0,0,0,NULL,2020-02-02 16:01:15,Unknown,NULL,NULL
3044,UK,GBP,230,0,0,5,2023-05-04 7:07:53,Unknown,NULL,0.018
1172,NL,EUR,61,0,1,4.92,2019-10-23 17:29:28,g. 27 - 29 years old,NULL,0.00600000005215406
1203,IT,EUR,37,0,0,5,2021-05-02 8:46:33,Unknown,AUTO_SHADOW_BAN_SPAM_MODEL,0.00600000005215406
1648,US,USD,0,0,0,NULL,2017-09-24 1:06:49,Unknown,NULL,NULL
1194,US,USD,0,0,0,NULL,2017-09-24 1:06:49,Unknown,NULL,NULL
3581,UK,GBP,44,0,0,4.98,2023-05-06 15:38:45,Unknown,NULL,0.006
702,UK,GBP,42,0,0,5,2021-04-07 22:13:37,Unknown,NULL,0.00600000005215406
2613,DE,EUR,7,0,0,5,2018-04-11 18:42:58,Unknown,NULL,NULL
1249,DE,EUR,7,0,0,5,2018-04-11 18:42:58,Unknown,NULL,NULL
2695,NL,EUR,142,0,2,4.92,2021-03-30 11:52:10,Unknown,NULL,0.00600000005215406
583,IT,EUR,2,0,0,5,2024-07-15 9:23:54,Unknown,AUTO_SHADOW_BAN_MSG_SIMILARITY,0.008
3540,UK,GBP,285,2,10,4.84,2021-02-18 9:49:09,Unknown,NULL,0.00600000005215406
1166,UK,GBP,121,1,0,4.96,2023-04-24 7:32:02,Unknown,NULL,0.008
614,UK,GBP,0,0,0,0,2024-06-29 17:14:52,Unknown,NULL,0.871
3021,FR,EUR,31,0,1,4.88,2023-12-30 10:37:32,Unknown,AUTO_SHADOW_BAN_SPAM_MODEL,0.008
829,FR,EUR,587,0,2,4.98,2018-10-02 20:23:05,f. 23 - 26 years old,NULL,0.00600000005215406
2506,DE,EUR,14,0,0,5,2023-07-11 21:46:33,Unknown,AUTO_SHADOW_BAN_SPAM_MODEL,0.036
651,FR,EUR,76,0,1,4.92,2017-05-07 18:48:59,Unknown,NULL,0.00600000005215406
1235,UK,GBP,98,0,1,4.95,2021-10-29 14:34:06,h. 30 - 31 years old,NULL,0.00600000005215406
3222,UK,GBP,95,0,1,4.95,2023-03-09 14:16:43,Unknown,AUTO_SHADOW_BAN_MSG_SIMILARITY,0.018
564,UK,GBP,3,0,0,5,2023-07-17 15:52:05,i. 32+ years old,NULL,0.047
2300,UK,GBP,59,0,0,5,2023-04-04 21:09:24,Unknown,NULL,0.161
1688,UK,GBP,596,0,1,4.98,2018-06-22 17:24:00,i. 32+ years old,NULL,0.00600000005215406
2796,DE,EUR,70,0,0,4.99,2019-10-27 6:59:37,e. 20 - 22 years old,NULL,0.00600000005215406
1493,NL,EUR,7,0,1,4.5,2022-11-15 16:21:08,Unknown,NULL,0.007
559,FR,EUR,50,1,3,4.72,2021-03-24 7:10:21,g. 27 - 29 years old,AUTO_SHADOW_BAN_MEMBER_SCORE,0.00600000005215406
2880,UK,GBP,233,1,37,4.44,2023-03-08 8:43:01,f. 23 - 26 years old,NULL,0.019
981,FR,EUR,5,0,0,5,2023-04-03 10:17:50,Unknown,NULL,0.016
1065,UK,GBP,170,0,0,5,2024-06-16 20:35:21,Unknown,NULL,0.083
1587,IT,EUR,93,0,1,4.96,2022-03-23 18:14:25,Unknown,NULL,0.0089999996125698
3580,PL,PLN,68,0,2,4.89,2020-04-08 13:46:49,Unknown,NULL,0.00600000005215406
2241,UK,GBP,31,0,4,4.54,2024-04-22 18:39:07,Unknown,NULL,0.013
2151,NL,EUR,73,0,5,4.72,2024-08-24 7:39:51,Unknown,SNAD_SCAM2,0.043
3206,UK,GBP,6,0,7,2.85,2023-01-31 13:12:54,Unknown,NULL,0.011
4,UK,GBP,6,0,1,4.57,2024-01-17 1:38:32,i. 32+ years old,NULL,0.01
2122,UK,GBP,170,0,1,4.97,2024-02-06 10:55:54,Unknown,NULL,0.012
2908,BE,EUR,1681,3,11,4.96,2021-11-25 18:33:15,Unknown,INCOMPLETE_ORDER2,0.0140000004321336
423,BE,EUR,1681,3,11,4.96,2021-11-25 18:33:15,Unknown,INCOMPLETE_ORDER2,0.0140000004321336
3238,UK,GBP,0,0,0,NULL,2024-09-07 20:15:31,Unknown,NULL,0.008
1025,UK,GBP,51,0,1,4.94,2022-07-31 10:50:58,Unknown,NULL,0.0309999994933605
3280,FR,EUR,10,0,0,5,2020-08-07 11:02:16,Unknown,NULL,0.00600000005215406
468,IT,EUR,105,0,2,4.92,2022-10-07 12:44:00,e. 20 - 22 years old,HARASSMENT3,0.809000015258789
2284,FR,EUR,75,0,14,4.35,2018-01-02 17:19:56,d. 17 - 19 years old,NULL,0.00600000005215406
1315,FR,EUR,75,0,14,4.35,2018-01-02 17:19:56,d. 17 - 19 years old,NULL,0.00600000005215406
204,UK,GBP,1665,0,0,5,2022-09-07 12:49:59,g. 27 - 29 years old,AUTO_SHADOW_BAN_MSG_SIMILARITY,0.00600000005215406
3105,FR,EUR,77,1,4,4.77,2021-01-16 15:31:27,i. 32+ years old,NULL,0.00600000005215406
1274,UK,GBP,116,0,0,5,2021-06-06 10:29:44,Unknown,NULL,0.00600000005215406
1048,UK,GBP,91,0,0,5,2023-11-26 20:59:53,i. 32+ years old,NULL,0.008
410,UK,GBP,604,4,9,4.93,2024-03-17 7:52:12,Unknown,NULL,0.016
397,UK,GBP,33,0,1,4.88,2023-11-24 7:18:30,Unknown,NULL,0.162
2556,DE,EUR,0,0,0,NULL,2020-05-13 18:03:23,Unknown,NULL,NULL
551,DE,EUR,0,0,0,NULL,2020-05-13 18:03:23,Unknown,NULL,NULL
319,UK,GBP,141,1,9,4.75,2024-05-07 14:28:45,Unknown,AUTO_SHADOW_BAN_MEMBER_SCORE,0.006
2664,IT,EUR,307,0,3,4.95,2022-12-05 16:45:43,Unknown,NULL,0.027
902,UK,GBP,182,0,3,4.94,2021-11-01 13:43:22,Unknown,NULL,0.00600000005215406
3600,FR,EUR,274,5,24,4.59,2020-03-05 20:38:21,i. 32+ years old,REPLICA_4,0.00600000005215406
3273,FR,EUR,459,0,7,4.93,2016-02-16 16:50:20,i. 32+ years old,NULL,0.00600000005215406
1548,FR,EUR,459,0,7,4.93,2016-02-16 16:50:20,i. 32+ years old,NULL,0.00600000005215406
1953,UK,GBP,53,0,1,4.93,2023-05-16 21:15:27,Unknown,NULL,0.011
2705,UK,GBP,20,0,0,5,2024-01-24 18:36:25,Unknown,NULL,0.023
239,UK,GBP,170,0,2,4.96,2023-02-16 16:10:26,Unknown,NULL,0.022
3214,UK,GBP,47,0,0,5,2022-06-27 10:59:36,i. 32+ years old,NULL,0.00800000037997961
3023,UK,GBP,66,0,0,5,2023-07-05 9:43:31,Unknown,NULL,0.071
933,UK,GBP,6,0,0,5,2024-03-07 7:45:08,Unknown,REPLICA_OFFENDER,0.106
3156,ES,EUR,10,0,1,4.64,2022-03-29 8:35:02,Unknown,NULL,0.00800000037997961
2278,UK,GBP,6,0,0,5,2024-04-15 16:44:33,Unknown,NULL,0.012
3384,UK,GBP,3,0,0,5,2022-10-15 21:59:51,Unknown,NULL,0.022
3049,UK,GBP,148,1,3,4.91,2021-10-24 17:26:43,Unknown,AUTO_SHADOW_BAN_MEMBER_SCORE,0.453000009059906
756,IT,EUR,55,0,0,5,2021-04-23 12:05:18,Unknown,NULL,0.00600000005215406
1053,FR,EUR,0,0,0,0,2023-03-15 10:26:28,Unknown,NULL,0.015
3103,UK,GBP,49,0,0,4.96,2022-05-27 12:41:50,Unknown,NULL,0.00999999977648258
685,UK,GBP,3,0,0,5,2023-04-21 16:28:28,Unknown,NULL,0.148
1016,NL,EUR,288,0,2,4.96,2020-10-31 15:47:26,Unknown,AUTO_SHADOW_BAN_SPAM_MODEL,0.00600000005215406
3387,UK,GBP,50,0,7,4.47,2022-10-15 6:27:34,Unknown,NULL,0.017
1929,UK,GBP,206,2,6,4.85,2022-10-16 23:04:03,Unknown,BLOCKED_DEATH_THREAT,0.011
2805,LT,NULL,0,0,0,NULL,2013-10-25 16:52:45,Unknown,NULL,NULL
1819,LT,NULL,0,0,0,NULL,2013-10-25 16:52:45,Unknown,NULL,NULL
1809,LT,NULL,0,0,0,NULL,2013-10-25 16:52:45,Unknown,NULL,NULL
1158,LT,NULL,0,0,0,NULL,2013-10-25 16:52:45,Unknown,NULL,NULL
894,LT,NULL,0,0,0,NULL,2013-10-25 16:52:45,Unknown,NULL,NULL
787,LT,NULL,0,0,0,NULL,2013-10-25 16:52:45,Unknown,NULL,NULL
315,LT,NULL,0,0,0,NULL,2013-10-25 16:52:45,Unknown,NULL,NULL
3660,UK,GBP,83,0,0,4.99,2024-02-19 9:03:53,Unknown,NULL,0.023
2279,UK,GBP,39,0,0,5,2024-03-19 19:37:59,Unknown,NULL,0.013
3499,RO,RON,4,0,0,5,2024-06-08 8:24:03,Unknown,NULL,0.008
2042,FR,EUR,129,1,4,4.87,2022-08-14 12:21:44,h. 30 - 31 years old,NULL,0.0219999998807907
854,UK,GBP,755,1,5,4.97,2023-03-17 11:26:32,Unknown,AUTO_SHADOW_BAN_MSG_SIMILARITY,0.412
1135,PL,PLN,540,0,5,4.96,2017-07-03 21:04:59,b. 13 - 15 years old,NULL,0.00600000005215406
3290,UK,GBP,76,0,0,5,2023-10-26 7:05:21,Unknown,NULL,0.014
842,FR,EUR,39,0,7,4.28,2019-08-31 17:17:47,c. 16 - 16 years old,NULL,0.00600000005215406
1482,UK,GBP,47,0,3,4.76,2023-10-05 13:57:18,h. 30 - 31 years old,NULL,0.011
321,UK,GBP,6,0,0,5,2024-07-30 17:50:17,f. 23 - 26 years old,NULL,0.007
2633,UK,GBP,331,2,22,4.74,2022-05-23 22:16:50,Unknown,NULL,0.00800000037997961
2616,UK,GBP,86,0,0,5,2023-06-06 10:41:44,Unknown,NULL,0.012
1946,SE,SEK,85,0,0,4.98,2024-06-09 18:43:43,Unknown,NULL,0.062
2655,DE,EUR,0,0,0,NULL,2020-05-03 23:30:23,Unknown,NULL,NULL
1506,DE,EUR,0,0,0,NULL,2020-05-03 23:30:23,Unknown,NULL,NULL
483,DE,EUR,0,0,0,NULL,2020-05-03 23:30:23,Unknown,NULL,NULL
44,DE,EUR,0,0,0,NULL,2020-05-03 23:30:23,Unknown,NULL,NULL
1876,DE,EUR,24,0,0,5,2021-01-24 23:41:45,Unknown,NULL,0.00600000005215406
2368,ES,EUR,452,1,5,4.94,2021-05-25 15:20:48,Unknown,NULL,0.00600000005215406
1199,DE,EUR,0,0,0,NULL,2020-09-22 18:55:00,Unknown,NULL,NULL
638,DE,EUR,0,0,0,NULL,2020-09-22 18:55:00,Unknown,NULL,NULL
1257,UK,GBP,136,0,2,4.92,2022-03-09 9:04:35,Unknown,NULL,0.00600000005215406
3178,UK,GBP,26,0,0,4.96,2023-10-23 14:32:32,i. 32+ years old,NULL,0.01
2251,UK,GBP,329,0,14,4.84,2022-10-27 20:42:35,i. 32+ years old,NULL,0.013
1311,UK,GBP,14,0,0,5,2022-05-16 1:20:38,Unknown,NULL,0.0089999996125698
2712,US,USD,0,0,0,NULL,2018-03-17 12:28:29,Unknown,NULL,NULL
1532,US,USD,0,0,0,NULL,2018-03-17 12:28:29,Unknown,NULL,NULL
538,LT,EUR,131,4,1,4.9,2024-03-17 9:38:05,Unknown,NULL,0.028
357,NL,EUR,11,0,1,4.67,2022-03-12 17:28:24,e. 20 - 22 years old,NULL,0.00600000005215406
2399,UK,GBP,951,1,2,4.98,2021-05-14 15:47:02,Unknown,NULL,0.00600000005215406
3522,UK,GBP,31,0,0,4.84,2022-10-28 21:04:48,i. 32+ years old,NULL,0.012
3215,DE,EUR,0,0,0,NULL,2015-07-18 14:13:28,Unknown,NULL,NULL
2875,DE,EUR,0,0,0,NULL,2015-07-18 14:13:28,Unknown,NULL,NULL
1572,PL,PLN,149,0,0,4.99,2021-07-18 13:54:41,Unknown,NULL,0.00600000005215406
1220,UK,GBP,2,0,0,5,2022-09-10 11:43:20,Unknown,NULL,0.016
691,UK,GBP,32,0,0,5,2022-10-21 16:01:15,i. 32+ years old,NULL,0.018
1174,NL,EUR,27,0,0,5,2020-11-09 8:55:31,Unknown,NULL,0.00600000005215406
1604,NL,EUR,56,0,2,4.86,2021-02-02 20:38:54,e. 20 - 22 years old,NULL,0.00600000005215406
1251,ES,EUR,9,0,0,5,2024-05-09 16:49:18,Unknown,NULL,0.022
3647,UK,GBP,155,0,0,4.99,2023-11-11 1:25:01,Unknown,NULL,0.011
2233,UK,GBP,72,0,0,4.99,2023-05-04 18:21:05,Unknown,NULL,0.014
1844,UK,GBP,37,1,4,4.55,2023-07-29 12:20:16,Unknown,AUTO_SHADOW_BAN_MEMBER_SCORE,0.018
1092,UK,GBP,148,0,4,4.9,2015-07-22 14:45:15,f. 23 - 26 years old,NULL,0.00600000005215406
438,UK,GBP,31,0,3,4.65,2022-11-05 21:06:38,Unknown,NULL,0.015
2838,UK,GBP,119,0,2,4.92,2023-05-16 19:06:50,g. 27 - 29 years old,NULL,0.046
326,UK,GBP,4,0,0,5,2022-04-15 15:36:27,Unknown,NULL,0.0089999996125698
1988,PL,PLN,537,0,3,4.98,2020-10-25 11:35:05,Unknown,ACCOUNT_COMPROMISED,0.00600000005215406
78,UK,GBP,126,0,2,4.93,2023-09-13 9:03:48,Unknown,NULL,0.007
836,UK,GBP,0,0,0,NULL,2024-07-22 20:36:01,Unknown,NULL,0.758
345,FR,EUR,0,0,0,0,2024-03-17 15:31:12,d. 17 - 19 years old,NULL,0.076
3207,UK,GBP,438,0,3,4.97,2023-06-15 11:18:02,f. 23 - 26 years old,NULL,0.009
728,UK,GBP,1624,8,3,4.97,2023-05-26 17:09:34,Unknown,REPLICA_OFFENDER,0.029
3440,UK,GBP,1,0,0,5,2024-06-04 7:12:41,Unknown,NULL,0.032
2412,IT,EUR,621,11,14,4.85,2022-02-21 12:16:50,f. 23 - 26 years old,NULL,0.0130000002682209
3562,UK,GBP,14,0,2,4.56,2024-05-29 14:22:51,Unknown,NULL,0.012
2775,PL,PLN,22,0,0,4.95,2024-06-16 8:50:42,Unknown,SHIPPING_SCAM,0.082
3164,UK,GBP,33,0,0,5,2023-03-11 0:52:15,i. 32+ years old,AUTO_SHADOW_BAN_MSG_SIMILARITY,0.012
892,UK,GBP,112,1,4,4.85,2023-12-21 21:47:37,f. 23 - 26 years old,SUSPEND - REPLICA2,0.058
3360,UK,GBP,0,0,0,NULL,2024-08-27 15:09:13,Unknown,NULL,0.008
2373,DE,EUR,0,0,0,NULL,2016-09-07 15:57:00,Unknown,NULL,NULL
2338,DE,EUR,0,0,0,NULL,2016-09-07 15:57:00,Unknown,NULL,NULL
3358,US,USD,0,0,0,NULL,2014-03-13 4:07:40,Unknown,NULL,NULL
1816,US,USD,0,0,0,NULL,2014-03-13 4:07:40,Unknown,NULL,NULL
1805,US,USD,0,0,0,NULL,2014-03-13 4:07:40,Unknown,NULL,NULL
1582,US,USD,0,0,0,NULL,2014-03-13 4:07:40,Unknown,NULL,NULL
975,US,USD,0,0,0,NULL,2014-03-13 4:07:40,Unknown,NULL,NULL
688,US,USD,0,0,0,NULL,2014-03-13 4:07:40,Unknown,NULL,NULL
117,PT,EUR,136,0,5,4.86,2021-10-31 21:29:04,Unknown,NULL,0.00800000037997961
3109,UK,GBP,25,1,0,4.92,2022-07-17 22:07:52,Unknown,NULL,0.0230000000447034
155,UK,GBP,36,0,1,4.89,2022-10-03 19:21:30,Unknown,NULL,0.0410000011324882
1261,UK,GBP,114,0,2,4.92,2023-11-29 20:38:27,h. 30 - 31 years old,AUTO-BLOCK SHIPPING SCAM,0.576
1248,UK,GBP,0,0,0,NULL,2024-09-08 16:59:57,Unknown,NULL,0.007
2433,DE,EUR,0,0,0,NULL,2019-06-21 7:28:22,d. 17 - 19 years old,NULL,NULL
827,DE,EUR,0,0,0,NULL,2019-06-21 7:28:22,d. 17 - 19 years old,NULL,NULL
1802,FR,EUR,152,0,14,4.65,2021-09-23 18:32:26,Unknown,AUTO_SHADOW_BAN_SPAM_MODEL,0.00600000005215406
1096,FR,EUR,152,0,14,4.65,2021-09-23 18:32:26,Unknown,AUTO_SHADOW_BAN_SPAM_MODEL,0.00600000005215406
2358,UK,GBP,88,1,8,4.65,2023-03-13 19:13:20,i. 32+ years old,AUTO_SHADOW_BAN_MEMBER_SCORE,0.011
2341,UK,GBP,154,0,2,4.94,2021-12-13 18:32:09,d. 17 - 19 years old,NULL,0.0120000001043081
1886,UK,GBP,154,0,2,4.94,2021-12-13 18:32:09,d. 17 - 19 years old,NULL,0.0120000001043081
3048,DE,EUR,1,0,0,NULL,2013-03-12 16:04:11,Unknown,NULL,NULL
3006,DE,EUR,1,0,0,NULL,2013-03-12 16:04:11,Unknown,NULL,NULL
1352,DE,EUR,1,0,0,NULL,2013-03-12 16:04:11,Unknown,NULL,NULL
1091,DE,EUR,1,0,0,NULL,2013-03-12 16:04:11,Unknown,NULL,NULL
485,DE,EUR,1,0,0,NULL,2013-03-12 16:04:11,Unknown,NULL,NULL
2774,PL,PLN,0,0,0,NULL,2018-04-01 17:36:36,Unknown,NULL,NULL
2136,PL,PLN,0,0,0,NULL,2018-04-01 17:36:36,Unknown,NULL,NULL
993,PL,PLN,0,0,0,NULL,2018-04-01 17:36:36,Unknown,NULL,NULL
898,PL,PLN,0,0,0,NULL,2018-04-01 17:36:36,Unknown,NULL,NULL
830,PL,PLN,0,0,0,NULL,2018-04-01 17:36:36,Unknown,NULL,NULL
292,PL,PLN,0,0,0,NULL,2018-04-01 17:36:36,Unknown,NULL,NULL
1151,FR,EUR,74,0,3,4.83,2018-02-11 21:15:32,Unknown,USED_COSMETIC_BLOCK,0.00600000005215406
3082,UK,GBP,271,0,1,4.98,2021-08-14 12:28:48,Unknown,NULL,0.00600000005215406
3353,FR,EUR,329,1,1,4.97,2020-09-12 9:56:22,i. 32+ years old,NULL,0.00600000005215406
1404,UK,GBP,2,0,0,5,2022-02-20 12:40:07,f. 23 - 26 years old,NULL,0.624000012874603
134,UK,GBP,2,0,0,5,2022-02-20 12:40:07,f. 23 - 26 years old,NULL,0.624000012874603
2707,PL,PLN,29,0,1,4.87,2022-08-02 20:24:13,f. 23 - 26 years old,AUTO_SHADOW_BAN_SPAM_MODEL,0.0120000001043081
153,IT,EUR,2,0,0,5,2022-11-22 18:29:29,Unknown,NULL,0.015
2384,UK,GBP,23,0,0,5,2022-02-20 11:44:37,Unknown,NULL,0.00600000005215406
1635,UK,GBP,23,0,0,5,2022-02-20 11:44:37,Unknown,NULL,0.00600000005215406
2902,UK,GBP,62,0,0,4.98,2022-03-06 13:24:41,Unknown,NULL,0.0120000001043081
3166,UK,GBP,226,0,0,5,2021-12-15 10:23:58,Unknown,NULL,0.00600000005215406
2659,UK,GBP,226,0,0,5,2021-12-15 10:23:58,Unknown,NULL,0.00600000005215406
2439,NL,EUR,269,6,2,4.87,2020-11-26 19:46:41,Unknown,NULL,0.00600000005215406
30,HU,HUF,3,0,1,4,2024-08-19 9:25:13,d. 17 - 19 years old,NULL,0.01
3362,UK,GBP,8,0,0,5,2024-07-07 7:56:25,d. 17 - 19 years old,NULL,0.01
2262,DE,EUR,7,0,0,5,2016-08-20 17:44:38,Unknown,NULL,NULL
1964,DE,EUR,7,0,0,5,2016-08-20 17:44:38,Unknown,NULL,NULL
3116,UK,GBP,1,0,0,5,2024-01-18 16:38:24,Unknown,NULL,0.006
2525,DE,EUR,0,0,0,NULL,2020-06-12 22:51:14,Unknown,NULL,NULL
1366,DE,EUR,0,0,0,NULL,2020-06-12 22:51:14,Unknown,NULL,NULL
577,NL,EUR,118,2,7,4.68,2020-10-16 11:10:59,f. 23 - 26 years old,NULL,0.00600000005215406
1105,UK,GBP,97,0,0,5,2023-02-12 21:32:07,d. 17 - 19 years old,NULL,0.01
108,UK,GBP,48,0,9,4.33,2021-05-20 10:23:29,d. 17 - 19 years old,NULL,0.00600000005215406
3679,ES,EUR,10,1,2,4.23,2020-09-21 16:20:36,Unknown,NULL,0.00600000005215406
2490,UK,GBP,899,1,12,4.94,2022-09-18 17:27:14,Unknown,NULL,0.00800000037997961
396,UK,GBP,369,2,6,4.9,2024-07-16 13:45:58,Unknown,AUTO_SHADOW_BAN_MSG_SIMILARITY,0.014
1991,FR,EUR,827,7,33,4.81,2017-02-16 10:38:11,i. 32+ years old,NULL,0.00600000005215406
909,UK,GBP,31,0,0,5,2023-02-08 22:39:03,Unknown,NULL,0.005
2207,DE,EUR,0,0,0,NULL,2015-11-17 18:59:56,Unknown,NULL,NULL
1878,DE,EUR,0,0,0,NULL,2015-11-17 18:59:56,Unknown,NULL,NULL
3260,UK,GBP,36,0,3,4.69,2023-04-05 11:09:36,i. 32+ years old,NULL,0.014
2263,NL,EUR,122,0,0,5,2024-02-13 14:27:56,Unknown,AUTO_SHADOW_BAN_SPAM_MODEL,0.682
3547,IT,EUR,7,1,3,3.82,2023-10-16 18:05:30,Unknown,BLOCK_2PROFILES,0.00800000037997961
1882,UK,GBP,341,2,15,4.82,2021-12-18 20:52:27,Unknown,AUTO_SHADOW_BAN_SPAM_MODEL,0.00999999977648258
1087,UK,GBP,341,2,15,4.82,2021-12-18 20:52:27,Unknown,AUTO_SHADOW_BAN_SPAM_MODEL,0.00999999977648258
978,DE,EUR,0,0,0,NULL,2017-12-28 18:28:47,Unknown,NULL,NULL
637,DE,EUR,0,0,0,NULL,2017-12-28 18:28:47,Unknown,NULL,NULL
1246,FR,EUR,93,1,2,4.9,2017-04-18 23:35:18,i. 32+ years old,NULL,0.00600000005215406
1601,FR,EUR,75,0,1,4.95,2018-10-05 21:30:36,Unknown,NULL,0.00600000005215406
1237,FR,EUR,460,4,2,4.95,2019-11-13 1:16:22,i. 32+ years old,NULL,0.00600000005215406
3579,DE,EUR,0,0,0,NULL,2020-06-13 16:03:38,Unknown,NULL,NULL
2550,DE,EUR,0,0,0,NULL,2020-06-13 16:03:38,Unknown,NULL,NULL
336,UK,GBP,56,0,1,4.93,2023-02-25 15:28:50,f. 23 - 26 years old,NULL,0.015
2249,UK,GBP,229,0,0,4.99,2021-04-11 13:58:11,i. 32+ years old,AUTO_SHADOW_BAN_SPAM_MODEL,0.00600000005215406
2183,UK,GBP,288,0,2,4.97,2022-07-24 12:46:01,i. 32+ years old,AUTO_SHADOW_BAN_SPAM_MODEL,0.00600000005215406
1915,NL,EUR,27,1,0,4.89,2020-08-25 17:17:04,d. 17 - 19 years old,NULL,0.00600000005215406
3659,DE,EUR,6,0,0,5,2020-08-13 17:47:35,f. 23 - 26 years old,NULL,NULL
930,DE,EUR,6,0,0,5,2020-08-13 17:47:35,f. 23 - 26 years old,NULL,NULL
2282,FR,EUR,16,0,0,4.94,2019-12-07 15:28:15,e. 20 - 22 years old,NULL,0.00600000005215406
2090,FR,EUR,11,0,1,4.67,2024-07-04 6:17:14,Unknown,NULL,0.015
2078,FR,EUR,54,1,5,4.63,2018-09-14 8:38:24,Unknown,NULL,0.00600000005215406
3009,UK,GBP,13,0,0,5,2023-05-19 9:01:06,i. 32+ years old,NULL,0.007
2700,UK,GBP,106,0,7,4.73,2023-07-03 19:19:27,Unknown,NULL,0.011
323,UK,GBP,30,0,0,5,2023-12-27 15:52:33,i. 32+ years old,NULL,0.006
3694,FR,EUR,331,0,8,4.9,2021-05-26 12:12:41,i. 32+ years old,AUTO_SHADOW_BAN_SPAM_MODEL,0.00600000005215406
2400,UK,GBP,68,0,0,5,2021-08-31 0:25:19,Unknown,NULL,0.00600000005215406
2184,FR,EUR,73,1,7,4.62,2024-02-19 18:37:41,f. 23 - 26 years old,AUTO_SHADOW_BAN_SPAM_MODEL,0.043
2552,FR,EUR,535,2,41,4.69,2019-01-27 12:47:05,i. 32+ years old,NULL,0.00600000005215406
2545,UK,GBP,16,0,0,5,2023-08-14 22:21:02,Unknown,NULL,0.007
2639,IT,EUR,230,1,2,4.94,2021-03-27 15:12:55,Unknown,NULL,0.00600000005215406
1489,UK,GBP,1227,3,4,4.97,2021-03-08 20:05:12,Unknown,NULL,0.00600000005215406
55,UK,GBP,294,1,1,4.98,2022-10-23 19:36:36,e. 20 - 22 years old,NULL,0.09
3024,UK,GBP,0,0,0,NULL,2024-07-01 12:23:54,Unknown,NULL,0.016
3655,UK,GBP,930,1,31,4.86,2022-04-12 21:58:19,g. 27 - 29 years old,NULL,0.0149999996647238
392,PL,PLN,45,0,12,4.16,2020-11-13 18:36:56,Unknown,NULL,0.00600000005215406
796,UK,GBP,189,0,0,5,2023-05-16 9:57:30,f. 23 - 26 years old,AUTO_SHADOW_BAN_MEMBER_SCORE,0.014
257,NL,EUR,1,0,0,5,2023-10-29 11:40:38,Unknown,NULL,0.008
3532,FR,EUR,300,1,9,4.87,2013-06-11 15:31:47,Unknown,NULL,0.00600000005215406
2965,FR,EUR,300,1,9,4.87,2013-06-11 15:31:47,Unknown,NULL,0.00600000005215406
1651,FR,EUR,300,1,9,4.87,2013-06-11 15:31:47,Unknown,NULL,0.00600000005215406
1437,FR,EUR,300,1,9,4.87,2013-06-11 15:31:47,Unknown,NULL,0.00600000005215406
1095,FR,EUR,300,1,9,4.87,2013-06-11 15:31:47,Unknown,NULL,0.00600000005215406
908,FR,EUR,300,1,9,4.87,2013-06-11 15:31:47,Unknown,NULL,0.00600000005215406
843,FR,EUR,300,1,9,4.87,2013-06-11 15:31:47,Unknown,NULL,0.00600000005215406
674,FR,EUR,300,1,9,4.87,2013-06-11 15:31:47,Unknown,NULL,0.00600000005215406
26,FR,EUR,300,1,9,4.87,2013-06-11 15:31:47,Unknown,NULL,0.00600000005215406
2007,UK,GBP,0,0,0,NULL,2024-08-14 13:45:25,Unknown,NULL,0.366
561,FR,EUR,393,0,3,4.97,2018-08-15 9:20:09,b. 13 - 15 years old,NULL,0.00600000005215406
1424,UK,GBP,0,0,0,NULL,2024-05-06 14:44:12,Unknown,NULL,0.01
1302,UK,GBP,85,0,0,5,2021-09-10 17:13:28,Unknown,AUTO_SHADOW_BAN_SPAM_MODEL,0.00600000005215406
837,UK,GBP,85,0,0,5,2021-09-10 17:13:28,Unknown,AUTO_SHADOW_BAN_SPAM_MODEL,0.00600000005215406
634,UK,GBP,55,0,0,5,2024-08-27 12:41:10,i. 32+ years old,NULL,0.011
245,FR,EUR,20,0,0,4.95,2017-05-02 16:37:23,Unknown,NULL,0.00600000005215406
2611,FR,EUR,1,0,0,5,2024-05-10 5:46:28,Unknown,NULL,0.017
2391,UK,GBP,63,1,7,4.56,2021-05-19 19:28:29,Unknown,AUTO_SHADOW_BAN_SPAM_MODEL,0.00600000005215406
1757,FR,EUR,16,1,1,4.56,2022-11-25 17:56:46,Unknown,NULL,0.024
784,ES,EUR,49,0,1,4.92,2022-05-02 17:11:54,Unknown,NULL,0.0130000002682209
2234,UK,GBP,12,0,0,5,2023-03-15 21:10:45,Unknown,NULL,0.011
2320,FR,EUR,919,5,34,4.83,2022-08-28 7:30:39,Unknown,BLOCK_2PROFILES,0.0140000004321336
2546,PL,PLN,64,0,6,4.64,2023-01-05 5:54:12,Unknown,NULL,0.025
682,UK,GBP,99,0,6,4.76,2024-06-30 12:24:48,i. 32+ years old,AUTO_SHADOW_BAN_MSG_SIMILARITY,0.022
2099,NL,EUR,458,1,3,4.97,2019-10-04 14:13:11,Unknown,NULL,0.00600000005215406
2585,UK,GBP,102,0,0,4.98,2022-10-06 19:10:50,Unknown,NULL,0.0289999991655349
1928,IT,EUR,83,0,0,5,2021-01-05 19:23:16,i. 32+ years old,NULL,0.00600000005215406
1592,UK,GBP,0,0,1,1,2024-08-26 14:48:23,Unknown,SHIPPING_SCAM,0.157
120,NL,EUR,2,0,0,5,2021-05-04 20:08:52,Unknown,NULL,0.00600000005215406
233,FR,EUR,185,0,5,4.9,2017-02-09 17:12:43,Unknown,AUTO_SHADOW_BAN_MEMBER_SCORE,0.00600000005215406
3493,IT,EUR,0,0,0,0,2021-08-04 19:52:26,Unknown,NULL,0.00600000005215406
1009,UK,GBP,1288,2,17,4.94,2024-04-08 19:24:02,i. 32+ years old,AUTO_PHISHING_URL_REVIEW,0.011
90,IT,EUR,294,0,17,4.77,2021-03-05 13:51:52,Unknown,AUTO_SHADOW_BAN_MEMBER_SCORE,0.00600000005215406
744,UK,GBP,201,0,0,5,2018-04-16 16:24:23,Unknown,NULL,0.00600000005215406
3633,FR,EUR,206,1,42,4.29,2013-07-10 17:42:44,d. 17 - 19 years old,NULL,0.00600000005215406
3241,FR,EUR,206,1,42,4.29,2013-07-10 17:42:44,d. 17 - 19 years old,NULL,0.00600000005215406
3000,FR,EUR,206,1,42,4.29,2013-07-10 17:42:44,d. 17 - 19 years old,NULL,0.00600000005215406
2395,FR,EUR,206,1,42,4.29,2013-07-10 17:42:44,d. 17 - 19 years old,NULL,0.00600000005215406
2128,FR,EUR,206,1,42,4.29,2013-07-10 17:42:44,d. 17 - 19 years old,NULL,0.00600000005215406
1759,FR,EUR,206,1,42,4.29,2013-07-10 17:42:44,d. 17 - 19 years old,NULL,0.00600000005215406
1470,FR,EUR,206,1,42,4.29,2013-07-10 17:42:44,d. 17 - 19 years old,NULL,0.00600000005215406
3304,SE,SEK,39,0,0,4.97,2023-09-17 10:05:21,d. 17 - 19 years old,NULL,0.013
1732,UK,GBP,117,1,0,4.97,2023-11-03 14:27:15,Unknown,NULL,0.13
3296,FR,EUR,306,5,8,4.87,2017-09-14 21:04:38,i. 32+ years old,SHADOW_BAN_BLOCK,0.00600000005215406
2035,FR,EUR,306,5,8,4.87,2017-09-14 21:04:38,i. 32+ years old,SHADOW_BAN_BLOCK,0.00600000005215406
1963,UK,GBP,3,0,0,5,2023-12-01 14:47:49,Unknown,NULL,0.009
896,UK,GBP,405,5,8,4.89,2022-11-07 16:31:17,i. 32+ years old,AUTO_PHISHING_IMAGE_REVIEW,0.009
3046,FR,EUR,218,0,3,4.93,2024-01-24 17:42:12,i. 32+ years old,AUTO_SHADOW_BAN_MSG_SIMILARITY,0.008
3085,PL,PLN,348,1,24,4.73,2014-04-16 13:32:20,e. 20 - 22 years old,BLOCK_2PROFILES,0.00600000005215406
1975,DE,EUR,0,0,0,NULL,2020-04-22 17:19:09,Unknown,NULL,NULL
486,DE,EUR,0,0,0,NULL,2020-04-22 17:19:09,Unknown,NULL,NULL
2225,UK,GBP,0,0,0,NULL,2024-08-07 20:19:42,Unknown,NULL,0.617
2931,DE,EUR,68,0,0,5,2013-04-23 10:50:25,Unknown,NULL,NULL
1502,DE,EUR,68,0,0,5,2013-04-23 10:50:25,Unknown,NULL,NULL
848,DE,EUR,68,0,0,5,2013-04-23 10:50:25,Unknown,NULL,NULL
391,DE,EUR,68,0,0,5,2013-04-23 10:50:25,Unknown,NULL,NULL
2002,BE,EUR,815,4,5,4.95,2019-12-20 16:10:23,Unknown,NULL,0.00600000005215406
2937,UK,GBP,135,0,0,5,2022-01-27 12:19:41,Unknown,NULL,0.0140000004321336
27,UK,GBP,135,0,0,5,2022-01-27 12:19:41,Unknown,NULL,0.0140000004321336
3047,FR,EUR,67,0,1,4.91,2019-03-24 13:39:55,Unknown,NULL,0.00600000005215406
2788,FR,EUR,302,0,1,4.97,2019-10-23 16:22:31,Unknown,NULL,0.00600000005215406
672,NL,EUR,31,0,0,4.97,2023-01-01 14:30:24,Unknown,NULL,0.029
2324,UK,GBP,55,0,0,5,2022-11-06 18:55:31,Unknown,NULL,0.014
1097,FR,EUR,84,1,0,4.95,2018-02-08 12:08:55,Unknown,NULL,0.00600000005215406
1428,UK,GBP,78,0,0,5,2022-09-28 14:34:19,Unknown,NULL,0.00700000021606683
3476,UK,GBP,52,0,0,5,2021-10-18 21:13:50,Unknown,AUTO_SHADOW_BAN_SPAM_MODEL,0.00600000005215406
3511,UK,GBP,739,0,5,4.97,2022-01-10 11:58:52,Unknown,REPLICA_SELLER,0.0179999992251396
2140,UK,GBP,739,0,5,4.97,2022-01-10 11:58:52,Unknown,REPLICA_SELLER,0.0179999992251396
3486,FR,EUR,14,0,0,5,2024-06-12 15:38:07,d. 17 - 19 years old,AUTO_SHADOW_BAN_SPAM_MODEL,0.007
2319,UK,GBP,894,2,4,4.97,2021-01-09 5:50:18,d. 17 - 19 years old,NULL,0.00600000005215406
1701,IT,EUR,100,0,3,4.86,2022-08-30 6:29:11,Unknown,AUTO_SHADOW_BAN_SPAM_MODEL,0.0160000007599592
957,UK,GBP,0,0,0,0,2024-07-12 11:35:08,Unknown,BLOCK_2PROFILES,0.272
1879,UK,GBP,203,0,14,4.74,2021-04-06 20:50:16,Unknown,NULL,0.00600000005215406
1670,UK,GBP,203,0,14,4.74,2021-04-06 20:50:16,Unknown,NULL,0.00600000005215406
3374,UK,GBP,9,0,0,5,2023-01-09 21:53:29,Unknown,NULL,0.013
1332,FR,EUR,1137,9,11,4.93,2017-04-03 20:02:35,Unknown,NULL,0.00600000005215406
3174,DE,EUR,0,0,0,NULL,2019-03-17 16:47:22,Unknown,NULL,NULL
2015,DE,EUR,0,0,0,NULL,2019-03-17 16:47:22,Unknown,NULL,NULL
807,UK,GBP,87,0,6,4.75,2021-04-28 18:52:16,Unknown,NULL,0.00600000005215406
1610,UK,GBP,130,0,10,4.7,2015-09-12 10:45:05,Unknown,NULL,0.00600000005215406
2893,UK,GBP,557,0,5,4.96,2021-11-04 7:31:22,i. 32+ years old,NULL,0.0340000018477439
1102,IT,EUR,59,0,0,4.98,2024-07-21 22:22:16,i. 32+ years old,NULL,0.0260000005364418
3205,IT,EUR,101,0,2,4.92,2024-02-15 8:45:03,i. 32+ years old,AUTO_SHADOW_BAN_MSG_SIMILARITY,0.019
377,UK,GBP,39,0,0,5,2021-04-17 18:35:43,i. 32+ years old,NULL,0.00600000005215406
2061,UK,GBP,60,0,2,4.87,2021-08-23 15:52:04,Unknown,AUTO_SHADOW_BAN_SPAM_MODEL,0.00600000005215406
351,FR,EUR,1,0,0,5,2024-06-17 9:06:16,i. 32+ years old,NULL,0.007
457,UK,GBP,20,0,0,5,2021-09-11 9:04:26,Unknown,NULL,0.00600000005215406
3347,IT,EUR,797,5,9,4.92,2022-06-21 10:27:28,Unknown,AUTO_SHADOW_BAN_SPAM_MODEL,0.0130000002682209
2254,UK,GBP,7,0,0,5,2024-04-04 22:21:44,Unknown,NULL,0.00700000021606683
1698,UK,GBP,11,0,0,5,2021-04-07 18:23:25,f. 23 - 26 years old,NULL,0.00600000005215406
21,UK,GBP,265,0,10,4.85,2021-05-03 18:22:05,i. 32+ years old,AUTO_SHADOW_BAN_SPAM_MODEL,0.00600000005215406
932,UK,GBP,17,0,0,5,2023-02-07 19:22:38,Unknown,NULL,0.013
1987,UK,GBP,1,0,1,3,2023-07-19 10:25:40,Unknown,NULL,0.009
2672,FR,EUR,58,0,6,4.61,2019-01-04 4:50:10,b. 13 - 15 years old,NULL,0.00600000005215406
3451,UK,GBP,43,0,1,4.91,2022-01-19 16:45:51,Unknown,NULL,0.0189999993890523
1615,UK,GBP,58,0,0,4.97,2022-05-13 14:51:30,e. 20 - 22 years old,NULL,0.0140000004321336
3594,UK,GBP,17,0,0,5,2023-07-03 21:12:39,Unknown,NULL,0.011
1603,IT,EUR,25,0,0,5,2022-02-28 17:23:35,i. 32+ years old,NULL,0.0109999999403953
2701,IT,EUR,125,3,1,4.91,2022-10-14 18:08:57,Unknown,BLOCK_2PROFILES,0.009
329,UK,GBP,11,0,1,4.67,2024-05-18 17:07:12,Unknown,NULL,0.012
731,FR,EUR,168,1,7,4.82,2023-03-27 11:04:03,f. 23 - 26 years old,AUTO_SHADOW_BAN_SPAM_MODEL,0.193
1691,ES,EUR,2,0,1,3.33,2020-07-12 16:41:27,Unknown,AUTO_SHADOW_BAN_MEMBER_SCORE,0.00600000005215406
1111,FR,EUR,961,3,71,4.71,2021-03-20 12:44:08,i. 32+ years old,AUTO_SHADOW_BAN_SPAM_MODEL,0.00600000005215406
2570,UK,GBP,471,0,3,4.97,2018-02-26 18:58:08,g. 27 - 29 years old,NULL,0.00600000005215406
2390,PL,PLN,0,0,0,NULL,2022-04-25 7:40:59,Unknown,NULL,NULL
925,PL,PLN,0,0,0,NULL,2022-04-25 7:40:59,Unknown,NULL,NULL
440,FR,EUR,6,0,1,4.29,2024-06-18 18:00:30,Unknown,NULL,0.017
1869,UK,GBP,27,1,0,4.93,2022-10-26 8:37:17,Unknown,NULL,0.008
727,UK,GBP,43,0,0,5,2022-11-22 13:53:19,f. 23 - 26 years old,NULL,0.01
3521,DE,EUR,2,0,0,5,2017-06-08 17:07:15,Unknown,NULL,NULL
964,DE,EUR,2,0,0,5,2017-06-08 17:07:15,Unknown,NULL,NULL
2889,UK,GBP,5,0,0,5,2024-03-27 17:36:31,Unknown,NULL,0.01
1076,UK,GBP,108,0,14,4.54,2022-05-08 9:51:52,g. 27 - 29 years old,NULL,0.0109999999403953
2168,UK,GBP,196,1,3,4.94,2021-12-21 17:58:11,h. 30 - 31 years old,NULL,0.141000002622604
804,UK,GBP,196,1,3,4.94,2021-12-21 17:58:11,h. 30 - 31 years old,NULL,0.141000002622604
469,UK,GBP,233,0,2,4.96,2022-06-21 17:25:46,d. 17 - 19 years old,NULL,0.0130000002682209
1042,HU,HUF,1,0,0,5,2023-01-20 14:56:54,Unknown,NULL,0.006
692,FR,EUR,62,0,7,4.59,2022-04-10 13:11:36,g. 27 - 29 years old,AUTO_SHADOW_BAN_MEMBER_SCORE,0.0089999996125698
3259,IT,EUR,165,5,1,4.9,2022-10-19 8:23:10,Unknown,NULL,0.044
2000,UK,GBP,0,0,0,0,2022-11-01 0:43:48,Unknown,NULL,0.014
20,UK,GBP,15,0,1,4.75,2024-05-28 11:48:28,Unknown,NULL,0.007
2805,DE,EUR,33,0,1,4.88,2014-05-10 11:38:48,Unknown,NULL,NULL
1819,DE,EUR,33,0,1,4.88,2014-05-10 11:38:48,Unknown,NULL,NULL
1809,DE,EUR,33,0,1,4.88,2014-05-10 11:38:48,Unknown,NULL,NULL
1158,DE,EUR,33,0,1,4.88,2014-05-10 11:38:48,Unknown,NULL,NULL
894,DE,EUR,33,0,1,4.88,2014-05-10 11:38:48,Unknown,NULL,NULL
787,DE,EUR,33,0,1,4.88,2014-05-10 11:38:48,Unknown,NULL,NULL
315,DE,EUR,33,0,1,4.88,2014-05-10 11:38:48,Unknown,NULL,NULL
3378,FR,EUR,111,0,42,3.89,2015-05-23 17:23:44,Unknown,NULL,0.00600000005215406
2945,FR,EUR,111,0,42,3.89,2015-05-23 17:23:44,Unknown,NULL,0.00600000005215406
1044,FR,EUR,111,0,42,3.89,2015-05-23 17:23:44,Unknown,NULL,0.00600000005215406
3614,ES,EUR,98,2,3,4.79,2022-01-07 18:29:16,Unknown,NULL,0.00800000037997961
1297,ES,EUR,98,2,3,4.79,2022-01-07 18:29:16,Unknown,NULL,0.00800000037997961
3367,FR,EUR,54,1,3,4.74,2020-01-11 17:27:50,Unknown,NULL,0.00600000005215406
1552,UK,GBP,92,1,0,4.95,2021-09-25 21:03:42,Unknown,NULL,0.00600000005215406
289,UK,GBP,100,0,3,4.87,2020-09-13 13:21:20,Unknown,NULL,0.00600000005215406
2938,UK,GBP,5,0,0,5,2020-07-21 18:24:50,Unknown,NULL,NULL
2958,UK,GBP,122,1,30,4.18,2021-04-05 18:23:04,Unknown,NULL,0.00600000005215406
3018,NL,EUR,971,2,5,4.97,2024-06-18 10:41:29,i. 32+ years old,AUTO_PHISHING_SPAM_MODEL_REVIEW,0.888999998569488
1893,UK,GBP,155,0,2,4.95,2023-01-13 12:00:58,Unknown,NULL,0.006
1696,DE,EUR,0,0,0,NULL,2018-09-20 11:20:21,Unknown,NULL,NULL
944,DE,EUR,0,0,0,NULL,2018-09-20 11:20:21,Unknown,NULL,NULL
1883,PL,PLN,318,0,4,4.96,2022-05-10 11:44:32,Unknown,AUTO_SHADOW_BAN_SPAM_MODEL,0.0130000002682209
2195,NL,EUR,20,0,1,4.81,2021-03-21 12:00:07,Unknown,NULL,0.00600000005215406
2322,UK,GBP,1888,9,18,4.94,2021-10-06 19:07:58,Unknown,AUTO_SHADOW_BAN_SPAM_MODEL,0.00600000005215406
2026,IT,EUR,147,0,4,4.87,2023-03-03 13:21:08,Unknown,NULL,0.117
1134,UK,GBP,0,0,0,0,2024-04-21 14:26:33,Unknown,SHIPPING_SCAM,0.009
3052,IT,EUR,17,0,0,5,2024-01-11 20:41:02,Unknown,NULL,0.007
3118,UK,GBP,631,6,63,4.61,2021-07-20 22:19:11,i. 32+ years old,NULL,0.00600000005215406
1046,UK,GBP,1093,7,36,4.85,2022-05-06 14:22:30,Unknown,NULL,0.0109999999403953
2127,FR,EUR,380,0,35,4.63,2016-12-28 9:20:43,d. 17 - 19 years old,NULL,0.00600000005215406
1473,UK,GBP,89,0,3,4.86,2021-05-01 20:57:47,e. 20 - 22 years old,NULL,0.00600000005215406
446,PL,PLN,228,0,6,4.9,2017-11-13 16:55:37,Unknown,NULL,0.00600000005215406
2642,FR,EUR,1082,5,16,4.92,2019-08-29 21:39:20,h. 30 - 31 years old,SCAM_OTHER,0.00600000005215406
2152,UK,GBP,24,0,2,4.73,2022-05-11 4:36:38,Unknown,NULL,0.00800000037997961
3074,UK,GBP,78,0,0,5,2021-07-07 9:45:24,Unknown,NULL,0.00600000005215406
3406,FR,EUR,39,0,1,4.9,2019-09-19 18:07:58,Unknown,NULL,0.00600000005215406
660,FR,EUR,239,3,91,3.88,2018-04-29 20:17:31,Unknown,NULL,0.00600000005215406
779,FR,EUR,301,5,29,4.59,2018-06-13 12:57:00,e. 20 - 22 years old,NULL,0.00600000005215406
545,FR,EUR,136,1,32,4.2,2022-09-07 19:35:00,c. 16 - 16 years old,NULL,0.0149999996647238
1966,FR,EUR,0,0,0,NULL,2024-04-02 8:43:31,Unknown,NULL,0.058
3266,UK,GBP,141,0,0,5,2021-12-08 18:40:53,Unknown,NULL,0.00700000021606683
1623,UK,GBP,141,0,0,5,2021-12-08 18:40:53,Unknown,NULL,0.00700000021606683
2376,FR,EUR,306,2,10,4.84,2019-06-29 13:22:41,Unknown,NULL,0.00600000005215406
3642,FR,EUR,486,2,26,4.78,2022-08-14 17:50:19,i. 32+ years old,AUTO_SHADOW_BAN_SPAM_MODEL,0.0140000004321336
885,UK,GBP,66,0,6,4.67,2023-04-05 13:36:23,Unknown,NULL,0.012
1275,UK,GBP,458,0,3,4.97,2022-06-16 9:09:11,i. 32+ years old,AUTO_PHISHING_IMAGE_REVIEW,0.0160000007599592
1088,UK,GBP,8,0,0,5,2023-12-04 13:51:42,Unknown,NULL,0.013
3005,UK,GBP,48,0,1,4.92,2021-10-25 12:46:57,Unknown,NULL,0.00600000005215406
3191,NL,EUR,3,0,1,4,2019-11-02 13:13:13,Unknown,NULL,0.00600000005215406
196,UK,GBP,248,0,6,4.89,2022-11-27 14:08:52,Unknown,NULL,0.019
3029,UK,GBP,0,0,0,NULL,2014-07-29 18:31:48,Unknown,NULL,NULL
2739,UK,GBP,0,0,0,NULL,2014-07-29 18:31:48,Unknown,NULL,NULL
2027,UK,GBP,0,0,0,NULL,2014-07-29 18:31:48,Unknown,NULL,NULL
1999,UK,GBP,0,0,0,NULL,2014-07-29 18:31:48,Unknown,NULL,NULL
1783,UK,GBP,0,0,0,NULL,2014-07-29 18:31:48,Unknown,NULL,NULL
1565,UK,GBP,0,0,0,NULL,2014-07-29 18:31:48,Unknown,NULL,NULL
1423,UK,GBP,0,0,0,NULL,2014-07-29 18:31:48,Unknown,NULL,NULL
1543,UK,GBP,6,0,11,2.41,2023-11-27 23:20:22,i. 32+ years old,NULL,0.025
2373,UK,GBP,75,0,4,4.8,2021-11-15 22:28:19,Unknown,NULL,0.0209999997168779
2338,UK,GBP,75,0,4,4.8,2021-11-15 22:28:19,Unknown,NULL,0.0209999997168779
2795,UK,GBP,431,0,10,4.91,2023-05-16 8:15:44,Unknown,NULL,0.01
1440,UK,GBP,66,0,2,4.9,2024-05-05 7:02:20,f. 23 - 26 years old,BLOCK_2PROFILES,0.016
826,DE,EUR,120,0,6,4.8,2023-03-31 10:14:03,Unknown,NULL,0.012
1157,UK,GBP,36,0,0,4.97,2022-10-09 15:17:29,Unknown,NULL,0.013
3129,FR,EUR,229,0,2,4.95,2019-11-07 16:12:17,f. 23 - 26 years old,NULL,0.00600000005215406
934,FR,EUR,23,0,2,4.68,2021-09-04 7:11:40,e. 20 - 22 years old,NULL,0.00600000005215406
291,UK,GBP,111,0,0,5,2024-01-26 20:01:57,Unknown,NULL,0.012
3104,UK,GBP,31,0,0,5,2024-08-12 14:03:58,Unknown,NULL,0.007
3452,UK,GBP,61,0,11,4.38,2021-05-08 17:33:14,f. 23 - 26 years old,NULL,0.00600000005215406
3048,CZ,CZK,0,0,0,NULL,2018-02-11 16:56:26,Unknown,NULL,NULL
3006,CZ,CZK,0,0,0,NULL,2018-02-11 16:56:26,Unknown,NULL,NULL
1352,CZ,CZK,0,0,0,NULL,2018-02-11 16:56:26,Unknown,NULL,NULL
1091,CZ,CZK,0,0,0,NULL,2018-02-11 16:56:26,Unknown,NULL,NULL
485,CZ,CZK,0,0,0,NULL,2018-02-11 16:56:26,Unknown,NULL,NULL
655,FR,EUR,272,3,8,4.85,2023-01-01 16:21:31,Unknown,NULL,0.007
2342,FR,EUR,444,1,0,4.99,2020-01-16 13:25:34,i. 32+ years old,NULL,0.00600000005215406
3296,US,USD,0,0,0,NULL,2016-02-23 22:05:35,Unknown,NULL,NULL
2035,US,USD,0,0,0,NULL,2016-02-23 22:05:35,Unknown,NULL,NULL
3543,PL,PLN,625,0,1,4.99,2021-04-26 12:06:35,i. 32+ years old,NULL,0.00600000005215406
3171,UK,GBP,9,0,0,5,2021-11-05 13:38:27,i. 32+ years old,NULL,0.0120000001043081
507,UK,GBP,205,2,2,4.93,2022-09-10 15:53:16,Unknown,NULL,0.0189999993890523
2005,PL,PLN,349,2,3,4.95,2023-09-02 10:25:19,Unknown,AUTO_SHADOW_BAN_MEMBER_SCORE,0.019
2256,UK,GBP,59,0,0,4.98,2022-11-22 19:14:19,Unknown,NULL,0.013
465,UK,GBP,370,1,0,4.99,2024-04-18 12:59:42,Unknown,AUTO_SHADOW_BAN_MSG_SIMILARITY,0.18
2689,UK,GBP,443,3,4,4.95,2021-04-17 20:59:32,i. 32+ years old,NULL,0.00600000005215406
2098,US,USD,0,0,0,NULL,2016-03-01 23:37:50,Unknown,NULL,NULL
775,US,USD,0,0,0,NULL,2016-03-01 23:37:50,Unknown,NULL,NULL
3653,DE,EUR,35,0,0,5,2014-11-22 8:03:17,Unknown,NULL,NULL
3601,DE,EUR,35,0,0,5,2014-11-22 8:03:17,Unknown,NULL,NULL
2981,DE,EUR,35,0,0,5,2014-11-22 8:03:17,Unknown,NULL,NULL
1523,DE,EUR,35,0,0,5,2014-11-22 8:03:17,Unknown,NULL,NULL
1164,DE,EUR,35,0,0,5,2014-11-22 8:03:17,Unknown,NULL,NULL
593,DE,EUR,35,0,0,5,2014-11-22 8:03:17,Unknown,NULL,NULL
70,DE,EUR,35,0,0,5,2014-11-22 8:03:17,Unknown,NULL,NULL
1403,UK,GBP,711,2,12,4.93,2021-05-14 6:27:27,i. 32+ years old,NULL,0.00600000005215406
2284,US,USD,0,0,0,NULL,2018-01-21 15:30:00,Unknown,NULL,NULL
1315,US,USD,0,0,0,NULL,2018-01-21 15:30:00,Unknown,NULL,NULL
1028,PL,PLN,125,0,7,4.78,2023-06-11 12:45:40,i. 32+ years old,NULL,0.007
2713,UK,GBP,240,0,0,5,2021-05-07 20:11:40,Unknown,NULL,0.00600000005215406
3630,BE,EUR,2,0,0,5,2022-09-25 15:42:32,d. 17 - 19 years old,NULL,0.015
2818,PL,PLN,462,3,6,4.92,2020-09-01 21:00:54,Unknown,NULL,0.00600000005215406
1685,UK,GBP,4,0,0,5,2024-07-11 14:35:19,Unknown,AUTO_SHADOW_BAN_MEMBER_SCORE,0.02
474,PL,PLN,3,0,0,5,2021-09-28 18:38:59,Unknown,NULL,NULL
232,PL,PLN,3,0,0,5,2021-09-28 18:38:59,Unknown,NULL,NULL
1371,UK,GBP,72,0,0,5,2021-04-14 16:45:32,Unknown,NULL,0.00600000005215406
1867,UK,GBP,2,0,0,5,2024-07-19 12:00:03,Unknown,NULL,0.038
3316,FR,EUR,1517,4,13,4.95,2018-02-24 13:23:12,Unknown,NULL,0.00600000005215406
466,FR,EUR,1517,4,13,4.95,2018-02-24 13:23:12,Unknown,NULL,0.00600000005215406
924,IT,EUR,180,4,7,4.79,2021-10-25 19:55:58,Unknown,NULL,0.0149999996647238
3475,UK,GBP,678,5,38,4.77,2022-01-20 21:37:48,e. 20 - 22 years old,NULL,0.0109999999403953
2076,UK,GBP,678,5,38,4.77,2022-01-20 21:37:48,e. 20 - 22 years old,NULL,0.0109999999403953
820,UK,GBP,20,0,4,4.33,2024-06-28 20:51:07,Unknown,AUTO_SHADOW_BAN_MSG_SIMILARITY,0.035
3271,UK,GBP,0,0,0,NULL,2024-07-10 15:18:45,Unknown,NULL,0.398
1475,FR,EUR,559,2,13,4.89,2024-01-05 10:04:54,e. 20 - 22 years old,AUTO_SHADOW_BAN_MSG_SIMILARITY,0.086
2736,HU,HUF,23,0,2,4.64,2024-04-30 20:58:53,Unknown,NULL,0.011
2396,UK,GBP,0,0,0,NULL,2024-07-31 15:10:19,Unknown,NULL,0.805
622,UK,GBP,145,2,2,4.92,2023-02-04 13:28:50,Unknown,NULL,0.153
1049,UK,GBP,346,1,1,4.98,2022-03-12 3:21:55,h. 30 - 31 years old,NULL,0.00600000005215406
3373,UK,GBP,50,0,1,4.92,2023-03-13 21:23:35,Unknown,NULL,0.019
870,UK,GBP,34,0,0,5,2024-04-05 21:16:40,Unknown,NULL,0.012
3300,FR,EUR,224,0,0,5,2018-04-22 5:22:18,Unknown,NULL,0.00600000005215406
2081,UK,GBP,672,4,59,4.65,2022-02-16 17:04:39,Unknown,NULL,0.0209999997168779
2025,UK,GBP,672,4,59,4.65,2022-02-16 17:04:39,Unknown,NULL,0.0209999997168779
399,UK,GBP,3,0,0,5,2023-05-14 10:12:17,Unknown,NULL,0.006
387,UK,GBP,116,1,11,4.64,2021-01-13 10:08:26,Unknown,NULL,0.00600000005215406
488,UK,GBP,178,0,2,4.96,2022-06-26 8:29:51,g. 27 - 29 years old,AUTO_SHADOW_BAN_SPAM_MODEL,0.00800000037997961
2766,UK,GBP,250,0,9,4.86,2021-08-04 17:37:13,Unknown,NULL,0.00600000005215406
3096,UK,GBP,296,0,9,4.88,2022-02-09 20:00:07,Unknown,NULL,0.0149999996647238
2441,UK,GBP,296,0,9,4.88,2022-02-09 20:00:07,Unknown,NULL,0.0149999996647238
2237,UK,GBP,240,0,1,4.98,2022-09-06 9:51:52,Unknown,NULL,0.0160000007599592
2243,IT,EUR,397,1,0,4.98,2023-01-27 23:13:37,i. 32+ years old,NULL,0.035
216,NL,EUR,549,0,6,4.96,2020-10-03 9:43:57,i. 32+ years old,AUTO_SHADOW_BAN_SPAM_MODEL,0.00600000005215406
1824,UK,GBP,133,0,1,4.93,2024-03-11 19:51:12,Unknown,AUTO_SHADOW_BAN_MSG_SIMILARITY,0.015
1360,FR,EUR,641,0,4,4.97,2017-12-11 20:37:32,Unknown,NULL,0.00600000005215406
786,FR,EUR,641,0,4,4.97,2017-12-11 20:37:32,Unknown,NULL,0.00600000005215406
1306,UK,GBP,12,0,0,5,2024-04-28 2:09:29,Unknown,NULL,0.012
2520,FR,EUR,3,0,2,3.6,2024-05-14 20:29:26,Unknown,AUTO_SHADOW_BAN_BLACK_BASE,0.102
3070,DE,EUR,0,0,0,0,2019-03-31 12:40:42,Unknown,NULL,NULL
1630,DE,EUR,0,0,0,0,2019-03-31 12:40:42,Unknown,NULL,NULL
1939,UK,GBP,398,2,19,4.81,2014-12-28 22:57:30,d. 17 - 19 years old,NULL,0.00600000005215406
946,IT,EUR,79,0,2,4.9,2023-09-19 16:43:57,i. 32+ years old,AUTO_SHADOW_BAN_MEMBER_SCORE,0.016
2675,UK,GBP,5,0,0,5,2023-12-03 21:01:10,Unknown,NULL,0.007
1702,UK,GBP,5,0,0,5,2024-07-29 13:26:32,Unknown,NULL,0.018
3529,HU,HUF,19,0,0,5,2024-01-16 15:19:15,Unknown,NULL,0.006
424,NL,EUR,148,0,4,4.89,2019-10-11 14:15:21,Unknown,NULL,0.00600000005215406
1361,FR,EUR,1,0,2,2.33,2024-03-26 11:42:53,Unknown,SHIPPING_SCAM,0.329
1983,UK,GBP,150,1,16,4.61,2021-11-18 20:52:29,Unknown,NULL,0.00600000005215406
734,UK,GBP,150,1,16,4.61,2021-11-18 20:52:29,Unknown,NULL,0.00600000005215406
3579,UK,GBP,834,0,0,5,2022-02-06 22:16:50,Unknown,NULL,0.00600000005215406
2550,UK,GBP,834,0,0,5,2022-02-06 22:16:50,Unknown,NULL,0.00600000005215406
1143,UK,GBP,86,0,8,4.66,2022-09-15 13:53:25,Unknown,NULL,0.0140000004321336
1456,UK,GBP,171,0,0,5,2024-02-25 9:11:34,Unknown,NULL,0.016
3653,PL,PLN,1,0,0,5,2015-03-19 16:34:25,Unknown,NULL,NULL
3601,PL,PLN,1,0,0,5,2015-03-19 16:34:25,Unknown,NULL,NULL
2981,PL,PLN,1,0,0,5,2015-03-19 16:34:25,Unknown,NULL,NULL
1523,PL,PLN,1,0,0,5,2015-03-19 16:34:25,Unknown,NULL,NULL
1164,PL,PLN,1,0,0,5,2015-03-19 16:34:25,Unknown,NULL,NULL
593,PL,PLN,1,0,0,5,2015-03-19 16:34:25,Unknown,NULL,NULL
70,PL,PLN,1,0,0,5,2015-03-19 16:34:25,Unknown,NULL,NULL
911,FR,EUR,16,1,1,4.67,2023-07-22 17:51:06,Unknown,AUTO_SHADOW_BAN_SPAM_MODEL,0.012
1108,FR,EUR,24,0,0,4.96,2018-09-16 11:11:20,Unknown,NULL,0.00600000005215406
653,UK,GBP,767,0,12,4.93,2021-05-04 20:45:00,Unknown,NULL,0.00600000005215406
316,NL,EUR,91,1,17,4.36,2021-07-08 13:23:10,Unknown,BLOCK_2PROFILES,0.00600000005215406
3408,ES,EUR,101,2,1,4.89,2022-03-28 10:26:58,Unknown,NULL,0.0170000009238719
2019,UK,GBP,275,1,6,4.9,2022-03-29 19:44:57,Unknown,NULL,0.0120000001043081
2009,UK,GBP,30,0,0,5,2021-06-01 12:46:14,Unknown,NULL,0.00600000005215406
2951,UK,GBP,93,0,1,4.95,2023-10-08 16:48:50,Unknown,NULL,0.013
344,UK,GBP,84,1,3,4.81,2024-02-07 16:54:01,Unknown,NULL,0.014
3168,PL,PLN,0,0,0,NULL,2024-08-06 19:45:59,Unknown,NULL,0.264
50,IT,EUR,85,1,8,4.61,2023-06-01 14:35:04,Unknown,NULL,0.421
1686,UK,GBP,202,0,8,4.84,2023-06-03 18:32:56,i. 32+ years old,NULL,0.027
3326,UK,GBP,138,0,0,4.99,2021-07-22 5:58:38,Unknown,AUTO_SHADOW_BAN_SPAM_MODEL,0.00600000005215406
2922,DE,EUR,12,0,0,5,2019-03-09 14:21:07,f. 23 - 26 years old,NULL,NULL
9,DE,EUR,12,0,0,5,2019-03-09 14:21:07,f. 23 - 26 years old,NULL,NULL
2537,DE,EUR,51,1,1,4.89,2021-12-27 14:27:11,Unknown,NULL,0.0120000001043081
2130,DE,EUR,51,1,1,4.89,2021-12-27 14:27:11,Unknown,NULL,0.0120000001043081
3643,DE,EUR,1,0,0,5,2019-04-04 14:03:06,d. 17 - 19 years old,NULL,NULL
3607,DE,EUR,1,0,0,5,2019-04-04 14:03:06,d. 17 - 19 years old,NULL,NULL
2687,UK,GBP,1229,15,364,4.07,2019-12-05 4:43:26,f. 23 - 26 years old,NULL,0.00600000005215406
2465,UK,GBP,46,2,0,4.92,2022-07-24 15:14:49,Unknown,NULL,0.0109999999403953
1948,UK,GBP,120,1,61,3.63,2023-03-23 17:39:12,Unknown,AUTO_SHADOW_BAN_MSG_SIMILARITY,0.018
2404,UK,GBP,147,0,0,5,2023-07-30 13:36:23,Unknown,NULL,0.011
2494,IT,EUR,6,0,0,5,2021-01-27 8:23:18,Unknown,NULL,0.00600000005215406
1903,DE,EUR,0,0,0,NULL,2015-11-09 14:47:39,Unknown,NULL,NULL
1308,DE,EUR,0,0,0,NULL,2015-11-09 14:47:39,Unknown,NULL,NULL
1384,FR,EUR,361,5,5,4.9,2017-08-13 14:31:25,Unknown,NULL,0.00600000005215406
3030,UK,GBP,2635,2,2,4.99,2021-01-02 12:14:23,i. 32+ years old,AUTO_SHADOW_BAN_SPAM_MODEL,0.00600000005215406
1748,DE,EUR,0,0,0,NULL,2020-07-18 14:13:28,Unknown,NULL,NULL
757,DE,EUR,0,0,0,NULL,2020-07-18 14:13:28,Unknown,NULL,NULL
462,FR,EUR,99,0,1,4.93,2017-10-17 15:26:40,d. 17 - 19 years old,NULL,0.00600000005215406
2580,IT,EUR,245,1,6,4.87,2024-05-15 10:18:09,Unknown,AUTO_SHADOW_BAN_MSG_SIMILARITY,0.008
2855,UK,GBP,62,1,3,4.79,2022-04-04 10:02:42,Unknown,NULL,0.0109999999403953
2504,UK,GBP,20,0,2,4.55,2022-05-23 11:13:30,d. 17 - 19 years old,NULL,0.00600000005215406
3461,UK,GBP,66,0,4,4.77,2022-12-01 19:40:29,Unknown,NULL,0.022
1924,UK,GBP,259,2,1,4.97,2023-03-20 9:54:01,Unknown,AUTO_SHADOW_BAN_SPAM_MODEL,0.029
262,UK,GBP,52,0,0,4.98,2022-10-28 8:55:06,Unknown,NULL,0.015
3294,UK,GBP,1351,3,10,4.95,2023-02-09 12:32:31,i. 32+ years old,AUTO_SHADOW_BAN_MSG_SIMILARITY,0.014
200,DE,EUR,0,0,0,NULL,2018-07-03 11:31:50,e. 20 - 22 years old,NULL,NULL
98,DE,EUR,0,0,0,NULL,2018-07-03 11:31:50,e. 20 - 22 years old,NULL,NULL
493,UK,GBP,206,1,4,4.91,2024-01-26 2:26:28,Unknown,NULL,0.007
3639,FR,EUR,3,0,1,4,2021-09-12 19:26:36,Unknown,NULL,0.00600000005215406
1619,UK,GBP,1,0,0,5,2022-11-07 9:29:07,i. 32+ years old,NULL,0.015
3512,IT,EUR,78,2,3,4.78,2023-01-16 14:40:51,Unknown,NULL,0.007
3090,UK,GBP,104,0,4,4.85,2023-03-03 22:32:50,Unknown,NULL,0.016
1200,IT,EUR,3,0,1,4,2023-10-18 9:25:21,i. 32+ years old,REPLICA_OFFENDER,0.371
1723,RO,RON,20,0,3,4.48,2024-05-07 4:54:54,Unknown,NULL,0.012
3295,UK,GBP,43,0,0,5,2024-01-02 19:44:45,Unknown,NULL,0.081
1147,FR,EUR,83,1,5,4.73,2024-01-29 23:40:45,e. 20 - 22 years old,AUTO_SHADOW_BAN_MSG_SIMILARITY,0.439
2927,UK,GBP,205,0,6,4.88,2022-02-10 8:27:53,Unknown,NULL,0.0149999996647238
2786,UK,GBP,205,0,6,4.88,2022-02-10 8:27:53,Unknown,NULL,0.0149999996647238
2693,NL,EUR,182,0,1,4.95,2021-04-21 9:17:24,Unknown,NULL,0.00600000005215406
1496,PL,PLN,76,0,1,4.94,2024-05-15 13:32:25,d. 17 - 19 years old,SHIPPING_SCAM,0.023
2492,DE,EUR,0,0,0,NULL,2020-05-10 3:12:48,Unknown,NULL,NULL
1627,DE,EUR,0,0,0,NULL,2020-05-10 3:12:48,Unknown,NULL,NULL
492,FR,EUR,436,1,12,4.87,2022-05-14 11:34:55,Unknown,AUTO_SHADOW_BAN_SPAM_MODEL,0.0189999993890523
3550,FR,EUR,139,1,3,4.9,2020-11-25 18:16:22,Unknown,NULL,0.00600000005215406
791,NL,EUR,76,0,0,4.99,2023-07-16 0:02:20,i. 32+ years old,REPLICA_OFFENDER,0.021
2159,NL,EUR,104,0,1,4.91,2020-09-30 13:08:27,f. 23 - 26 years old,NULL,0.00600000005215406
3189,UK,GBP,161,0,1,4.96,2022-02-21 10:16:27,Unknown,NULL,0.00600000005215406
402,UK,GBP,93,1,2,4.91,2022-07-05 19:32:43,Unknown,AUTO_SHADOW_BAN_SPAM_MODEL,0.0710000023245811
764,UK,GBP,12,0,0,5,2024-01-16 20:30:27,Unknown,NULL,0.018
3229,FR,EUR,36,0,1,4.84,2024-03-07 8:13:08,Unknown,AUTO_SHADOW_BAN_MSG_SIMILARITY,0.009
2579,FR,EUR,1065,3,7,4.96,2020-08-14 11:45:45,i. 32+ years old,NULL,0.00600000005215406
13,FR,EUR,0,0,1,1,2023-12-09 22:33:13,Unknown,SMOKING_ITEMS_BLOCK,0.0289999991655349
675,UK,GBP,19,0,0,5,2024-04-03 15:51:10,Unknown,NULL,0.011
2101,UK,GBP,386,1,1,4.98,2021-11-07 10:19:30,Unknown,NULL,0.0189999993890523
413,UK,GBP,386,1,1,4.98,2021-11-07 10:19:30,Unknown,NULL,0.0189999993890523
2798,UK,GBP,28,0,0,5,2022-12-18 19:23:08,Unknown,NULL,0.066
3332,UK,GBP,105,0,44,3.8,2023-07-24 22:34:05,Unknown,NULL,0.028
2771,FR,EUR,126,1,1,4.95,2020-10-27 18:40:42,i. 32+ years old,NULL,0.00600000005215406
2600,UK,GBP,84,0,0,4.99,2023-02-20 16:35:18,Unknown,NULL,0.011
750,UK,GBP,0,0,0,NULL,2024-01-04 3:53:22,Unknown,NULL,0.012